// GENERATED by assets/mp3_to_header.py - do NOT edit by hand.
// Source: simon_yellow.wav (33560 bytes)
#pragma once
#include <pgmspace.h>

const unsigned int simon_yellow_wav_len = 33560;
const unsigned char simon_yellow_wav[] PROGMEM = {
  0x52,0x49,0x46,0x46,0x10,0x83,0x00,0x00,0x57,0x41,0x56,0x45,0x66,0x6D,0x74,0x20,
  0x10,0x00,0x00,0x00,0x01,0x00,0x01,0x00,0x44,0xAC,0x00,0x00,0x88,0x58,0x01,0x00,
  0x02,0x00,0x10,0x00,0x64,0x61,0x74,0x61,0xEC,0x82,0x00,0x00,0x00,0x00,0x03,0x00,
  0x0D,0x00,0x1D,0x00,0x35,0x00,0x52,0x00,0x76,0x00,0xA0,0x00,0xD0,0x00,0x06,0x01,
  0x41,0x01,0x81,0x01,0xC6,0x01,0x10,0x02,0x5E,0x02,0xB0,0x02,0x05,0x03,0x5E,0x03,
  0xB9,0x03,0x17,0x04,0x77,0x04,0xD8,0x04,0x3A,0x05,0x9D,0x05,0x00,0x06,0x63,0x06,
  0xC6,0x06,0x27,0x07,0x87,0x07,0xE5,0x07,0x41,0x08,0x9B,0x08,0xF1,0x08,0x45,0x09,
  0x94,0x09,0xE0,0x09,0x28,0x0A,0x6B,0x0A,0xAA,0x0A,0xE3,0x0A,0x18,0x0B,0x47,0x0B,
  0x72,0x0B,0x96,0x0B,0xB5,0x0B,0xCF,0x0B,0xE3,0x0B,0xF1,0x0B,0xF9,0x0B,0xFC,0x0B,
  0xF9,0x0B,0xF0,0x0B,0xE2,0x0B,0xCE,0x0B,0xB6,0x0B,0x97,0x0B,0x74,0x0B,0x4C,0x0B,
  0x1F,0x0B,0xEE,0x0A,0xB8,0x0A,0x7D,0x0A,0x3F,0x0A,0xFC,0x09,0xB6,0x09,0x6C,0x09,
  0x1F,0x09,0xCE,0x08,0x7A,0x08,0x23,0x08,0xC9,0x07,0x6C,0x07,0x0D,0x07,0xAA,0x06,
  0x46,0x06,0xDE,0x05,0x75,0x05,0x09,0x05,0x9A,0x04,0x29,0x04,0xB5,0x03,0x40,0x03,
  0xC7,0x02,0x4C,0x02,0xCE,0x01,0x4E,0x01,0xCA,0x00,0x44,0x00,0xBB,0xFF,0x2F,0xFF,
  0x9F,0xFE,0x0B,0xFE,0x74,0xFD,0xDA,0xFC,0x3B,0xFC,0x98,0xFB,0xF2,0xFA,0x47,0xFA,
  0x98,0xF9,0xE4,0xF8,0x2D,0xF8,0x70,0xF7,0xAF,0xF6,0xEA,0xF5,0x20,0xF5,0x52,0xF4,
  0x80,0xF3,0xA9,0xF2,0xCF,0xF1,0xF0,0xF0,0x0E,0xF0,0x28,0xEF,0x3F,0xEE,0x53,0xED,
  0x65,0xEC,0x75,0xEB,0x83,0xEA,0x90,0xE9,0x9C,0xE8,0xA8,0xE7,0xB5,0xE6,0xC3,0xE5,
  0xD2,0xE4,0xE4,0xE3,0xF9,0xE2,0x11,0xE2,0x2F,0xE1,0x52,0xE0,0x7A,0xDF,0xAA,0xDE,
  0xE2,0xDD,0x23,0xDD,0x6D,0xDC,0xC2,0xDB,0x22,0xDB,0x8E,0xDA,0x07,0xDA,0x8E,0xD9,
  0x24,0xD9,0xC9,0xD8,0x7E,0xD8,0x45,0xD8,0x1D,0xD8,0x08,0xD8,0x06,0xD8,0x17,0xD8,
  0x3D,0xD8,0x78,0xD8,0xC7,0xD8,0x2D,0xD9,0xA9,0xD9,0x3A,0xDA,0xE3,0xDA,0xA1,0xDB,
  0x77,0xDC,0x63,0xDD,0x66,0xDE,0x80,0xDF,0xB0,0xE0,0xF6,0xE1,0x51,0xE3,0xC2,0xE4,
  0x47,0xE6,0xE1,0xE7,0x8E,0xE9,0x4E,0xEB,0x1F,0xED,0x02,0xEF,0xF5,0xF0,0xF7,0xF2,
  0x07,0xF5,0x23,0xF7,0x4C,0xF9,0x7F,0xFB,0xBC,0xFD,0x00,0x00,0x4B,0x02,0x9B,0x04,
  0xF0,0x06,0x47,0x09,0x9F,0x0B,0xF6,0x0D,0x4C,0x10,0x9F,0x12,0xED,0x14,0x35,0x17,
  0x75,0x19,0xAC,0x1B,0xDA,0x1D,0xFB,0x1F,0x10,0x22,0x16,0x24,0x0D,0x26,0xF4,0x27,
  0xC9,0x29,0x8B,0x2B,0x3A,0x2D,0xD4,0x2E,0x59,0x30,0xC8,0x31,0x1F,0x33,0x60,0x34,
  0x88,0x35,0x98,0x36,0x8F,0x37,0x6D,0x38,0x31,0x39,0xDC,0x39,0x6D,0x3A,0xE5,0x3A,
  0x43,0x3B,0x88,0x3B,0xB3,0x3B,0xC6,0x3B,0xC1,0x3B,0xA3,0x3B,0x6E,0x3B,0x22,0x3B,
  0xC0,0x3A,0x49,0x3A,0xBC,0x39,0x1C,0x39,0x68,0x38,0xA2,0x37,0xCA,0x36,0xE1,0x35,
  0xE9,0x34,0xE1,0x33,0xCC,0x32,0xAA,0x31,0x7B,0x30,0x41,0x2F,0xFD,0x2D,0xAF,0x2C,
  0x59,0x2B,0xFB,0x29,0x96,0x28,0x2B,0x27,0xBA,0x25,0x45,0x24,0xCB,0x22,0x4E,0x21,
  0xCE,0x1F,0x4C,0x1E,0xC7,0x1C,0x40,0x1B,0xB9,0x19,0x30,0x18,0xA6,0x16,0x1C,0x15,
  0x91,0x13,0x06,0x12,0x7A,0x10,0xEE,0x0E,0x61,0x0D,0xD4,0x0B,0x45,0x0A,0xB5,0x08,
  0x25,0x07,0x92,0x05,0xFD,0x03,0x67,0x02,0xCD,0x00,0x32,0xFF,0x92,0xFD,0xEF,0xFB,
  0x48,0xFA,0x9C,0xF8,0xEB,0xF6,0x35,0xF5,0x7A,0xF3,0xBA,0xF1,0xF3,0xEF,0x26,0xEE,
  0x53,0xEC,0x7A,0xEA,0x9A,0xE8,0xB4,0xE6,0xC7,0xE4,0xD4,0xE2,0xDB,0xE0,0xDC,0xDE,
  0xD8,0xDC,0xCE,0xDA,0xC0,0xD8,0xAE,0xD6,0x99,0xD4,0x81,0xD2,0x67,0xD0,0x4C,0xCE,
  0x31,0xCC,0x17,0xCA,0x00,0xC8,0xEB,0xC5,0xDB,0xC3,0xD1,0xC1,0xCF,0xBF,0xD4,0xBD,
  0xE4,0xBB,0x00,0xBA,0x29,0xB8,0x61,0xB6,0xA9,0xB4,0x03,0xB3,0x71,0xB1,0xF5,0xAF,
  0x90,0xAE,0x43,0xAD,0x11,0xAC,0xFB,0xAA,0x03,0xAA,0x2A,0xA9,0x71,0xA8,0xDB,0xA7,
  0x69,0xA7,0x1C,0xA7,0xF4,0xA6,0xF5,0xA6,0x1D,0xA7,0x6F,0xA7,0xEC,0xA7,0x94,0xA8,
  0x67,0xA9,0x67,0xAA,0x93,0xAB,0xED,0xAC,0x73,0xAE,0x27,0xB0,0x08,0xB2,0x15,0xB4,
  0x4F,0xB6,0xB5,0xB8,0x46,0xBB,0x01,0xBE,0xE5,0xC0,0xF1,0xC3,0x25,0xC7,0x7E,0xCA,
  0xFB,0xCD,0x9A,0xD1,0x5A,0xD5,0x38,0xD9,0x33,0xDD,0x48,0xE1,0x76,0xE5,0xBA,0xE9,
  0x11,0xEE,0x7A,0xF2,0xF1,0xF6,0x74,0xFB,0x00,0x00,0x93,0x04,0x2A,0x09,0xC2,0x0D,
  0x59,0x12,0xEB,0x16,0x77,0x1B,0xF9,0x1F,0x6E,0x24,0xD4,0x28,0x29,0x2D,0x69,0x31,
  0x93,0x35,0xA3,0x39,0x98,0x3D,0x6F,0x41,0x27,0x45,0xBC,0x48,0x2E,0x4C,0x7B,0x4F,
  0xA0,0x52,0x9C,0x55,0x6E,0x58,0x15,0x5B,0x8F,0x5D,0xDB,0x5F,0xFA,0x61,0xE9,0x63,
  0xA9,0x65,0x38,0x67,0x98,0x68,0xC7,0x69,0xC6,0x6A,0x96,0x6B,0x35,0x6C,0xA5,0x6C,
  0xE7,0x6C,0xFB,0x6C,0xE3,0x6C,0x9E,0x6C,0x2E,0x6C,0x95,0x6B,0xD3,0x6A,0xEB,0x69,
  0xDC,0x68,0xAA,0x67,0x55,0x66,0xDF,0x64,0x4A,0x63,0x98,0x61,0xC9,0x5F,0xE1,0x5D,
  0xE1,0x5B,0xC9,0x59,0x9E,0x57,0x5F,0x55,0x0E,0x53,0xAE,0x50,0x40,0x4E,0xC5,0x4B,
  0x3F,0x49,0xAF,0x46,0x17,0x44,0x79,0x41,0xD4,0x3E,0x2B,0x3C,0x7E,0x39,0xCE,0x36,
  0x1D,0x34,0x6B,0x31,0xB8,0x2E,0x05,0x2C,0x53,0x29,0xA2,0x26,0xF3,0x23,0x44,0x21,
  0x97,0x1E,0xEC,0x1B,0x42,0x19,0x99,0x16,0xF2,0x13,0x4B,0x11,0xA4,0x0E,0xFD,0x0B,
  0x56,0x09,0xAD,0x06,0x03,0x04,0x57,0x01,0xA8,0xFE,0xF6,0xFB,0x3F,0xF9,0x84,0xF6,
  0xCA,0xF3,0x0E,0xF1,0x4F,0xEE,0x8C,0xEB,0xC5,0xE8,0xFA,0xE5,0x2A,0xE3,0x55,0xE0,
  0x7B,0xDD,0x9C,0xDA,0xB9,0xD7,0xD0,0xD4,0xE3,0xD1,0xF2,0xCE,0xFD,0xCB,0x05,0xC9,
  0x0A,0xC6,0x0D,0xC3,0x10,0xC0,0x13,0xBD,0x17,0xBA,0x1E,0xB7,0x28,0xB4,0x37,0xB1,
  0x4E,0xAE,0x6C,0xAB,0x95,0xA8,0xC9,0xA5,0x0B,0xA3,0x5C,0xA0,0xBF,0x9D,0x36,0x9B,
  0xC1,0x98,0x65,0x96,0x22,0x94,0xFC,0x91,0xF3,0x8F,0x0A,0x8E,0x44,0x8C,0xA1,0x8A,
  0x26,0x89,0xD2,0x87,0xA9,0x86,0xAC,0x85,0xDD,0x84,0x3E,0x84,0xD0,0x83,0x94,0x83,
  0x8D,0x83,0xBB,0x83,0x20,0x84,0xBC,0x84,0x90,0x85,0x9E,0x86,0xE5,0x87,0x66,0x89,
  0x21,0x8B,0x16,0x8D,0x46,0x8F,0xAE,0x91,0x50,0x94,0x2B,0x97,0x3D,0x9A,0x85,0x9D,
  0x03,0xA1,0xB5,0xA4,0x99,0xA8,0xAD,0xAC,0xF1,0xB0,0x60,0xB5,0xFA,0xB9,0xBC,0xBE,
  0xA4,0xC3,0xAE,0xC8,0xD8,0xCD,0x20,0xD3,0x81,0xD8,0xFA,0xDD,0x87,0xE3,0x25,0xE9,
  0xD0,0xEE,0x85,0xF4,0x41,0xFA,0x00,0x00,0xBF,0x05,0x7B,0x0B,0x30,0x11,0xDB,0x16,
  0x79,0x1C,0x06,0x22,0x7F,0x27,0xE0,0x2C,0x28,0x32,0x52,0x37,0x5C,0x3C,0x44,0x41,
  0x06,0x46,0xA0,0x4A,0x0F,0x4F,0x53,0x53,0x67,0x57,0x4B,0x5B,0xFD,0x5E,0x7B,0x62,
  0xC3,0x65,0xD5,0x68,0xB0,0x6B,0x52,0x6E,0xBA,0x70,0xEA,0x72,0xDF,0x74,0x9A,0x76,
  0x1B,0x78,0x62,0x79,0x70,0x7A,0x44,0x7B,0xE0,0x7B,0x45,0x7C,0x73,0x7C,0x6C,0x7C,
  0x30,0x7C,0xC2,0x7B,0x23,0x7B,0x54,0x7A,0x57,0x79,0x2E,0x78,0xDA,0x76,0x5F,0x75,
  0xBC,0x73,0xF6,0x71,0x0D,0x70,0x04,0x6E,0xDE,0x6B,0x9B,0x69,0x3F,0x67,0xCA,0x64,
  0x41,0x62,0xA4,0x5F,0xF5,0x5C,0x37,0x5A,0x6B,0x57,0x94,0x54,0xB2,0x51,0xC9,0x4E,
  0xD8,0x4B,0xE2,0x48,0xE9,0x45,0xED,0x42,0xF0,0x3F,0xF3,0x3C,0xF6,0x39,0xFB,0x36,
  0x03,0x34,0x0E,0x31,0x1D,0x2E,0x30,0x2B,0x47,0x28,0x64,0x25,0x85,0x22,0xAB,0x1F,
  0xD6,0x1C,0x06,0x1A,0x3B,0x17,0x74,0x14,0xB1,0x11,0xF2,0x0E,0x36,0x0C,0x7C,0x09,
  0xC5,0x06,0x0F,0x04,0x5A,0x01,0xA6,0xFE,0xF1,0xFB,0x3B,0xF9,0x84,0xF6,0xCA,0xF3,
  0x0E,0xF1,0x4F,0xEE,0x8C,0xEB,0xC5,0xE8,0xFA,0xE5,0x2A,0xE3,0x55,0xE0,0x7B,0xDD,
  0x9C,0xDA,0xB9,0xD7,0xD0,0xD4,0xE3,0xD1,0xF2,0xCE,0xFD,0xCB,0x05,0xC9,0x0A,0xC6,
  0x0D,0xC3,0x10,0xC0,0x13,0xBD,0x17,0xBA,0x1E,0xB7,0x28,0xB4,0x37,0xB1,0x4E,0xAE,
  0x6C,0xAB,0x95,0xA8,0xC9,0xA5,0x0B,0xA3,0x5C,0xA0,0xBF,0x9D,0x36,0x9B,0xC1,0x98,
  0x65,0x96,0x22,0x94,0xFC,0x91,0xF3,0x8F,0x0A,0x8E,0x44,0x8C,0xA1,0x8A,0x26,0x89,
  0xD2,0x87,0xA9,0x86,0xAC,0x85,0xDD,0x84,0x3E,0x84,0xD0,0x83,0x94,0x83,0x8D,0x83,
  0xBB,0x83,0x20,0x84,0xBC,0x84,0x90,0x85,0x9E,0x86,0xE5,0x87,0x66,0x89,0x21,0x8B,
  0x16,0x8D,0x46,0x8F,0xAE,0x91,0x50,0x94,0x2B,0x97,0x3D,0x9A,0x85,0x9D,0x03,0xA1,
  0xB5,0xA4,0x99,0xA8,0xAD,0xAC,0xF1,0xB0,0x60,0xB5,0xFA,0xB9,0xBC,0xBE,0xA4,0xC3,
  0xAE,0xC8,0xD8,0xCD,0x20,0xD3,0x81,0xD8,0xFA,0xDD,0x87,0xE3,0x25,0xE9,0xD0,0xEE,
  0x85,0xF4,0x41,0xFA,0x00,0x00,0xBF,0x05,0x7B,0x0B,0x30,0x11,0xDB,0x16,0x79,0x1C,
  0x06,0x22,0x7F,0x27,0xE0,0x2C,0x28,0x32,0x52,0x37,0x5C,0x3C,0x44,0x41,0x06,0x46,
  0xA0,0x4A,0x0F,0x4F,0x53,0x53,0x67,0x57,0x4B,0x5B,0xFD,0x5E,0x7B,0x62,0xC3,0x65,
  0xD5,0x68,0xB0,0x6B,0x52,0x6E,0xBA,0x70,0xEA,0x72,0xDF,0x74,0x9A,0x76,0x1B,0x78,
  0x62,0x79,0x70,0x7A,0x44,0x7B,0xE0,0x7B,0x45,0x7C,0x73,0x7C,0x6C,0x7C,0x30,0x7C,
  0xC2,0x7B,0x23,0x7B,0x54,0x7A,0x57,0x79,0x2E,0x78,0xDA,0x76,0x5F,0x75,0xBC,0x73,
  0xF6,0x71,0x0D,0x70,0x04,0x6E,0xDE,0x6B,0x9B,0x69,0x3F,0x67,0xCA,0x64,0x41,0x62,
  0xA4,0x5F,0xF5,0x5C,0x37,0x5A,0x6B,0x57,0x94,0x54,0xB2,0x51,0xC9,0x4E,0xD8,0x4B,
  0xE2,0x48,0xE9,0x45,0xED,0x42,0xF0,0x3F,0xF3,0x3C,0xF6,0x39,0xFB,0x36,0x03,0x34,
  0x0E,0x31,0x1D,0x2E,0x30,0x2B,0x47,0x28,0x64,0x25,0x85,0x22,0xAB,0x1F,0xD6,0x1C,
  0x06,0x1A,0x3B,0x17,0x74,0x14,0xB1,0x11,0xF2,0x0E,0x36,0x0C,0x7C,0x09,0xC5,0x06,
  0x0F,0x04,0x5A,0x01,0xA6,0xFE,0xF1,0xFB,0x3B,0xF9,0x84,0xF6,0xCA,0xF3,0x0E,0xF1,
  0x4F,0xEE,0x8C,0xEB,0xC5,0xE8,0xFA,0xE5,0x2A,0xE3,0x55,0xE0,0x7B,0xDD,0x9C,0xDA,
  0xB9,0xD7,0xD0,0xD4,0xE3,0xD1,0xF2,0xCE,0xFD,0xCB,0x05,0xC9,0x0A,0xC6,0x0D,0xC3,
  0x10,0xC0,0x13,0xBD,0x17,0xBA,0x1E,0xB7,0x28,0xB4,0x37,0xB1,0x4E,0xAE,0x6C,0xAB,
  0x95,0xA8,0xC9,0xA5,0x0B,0xA3,0x5C,0xA0,0xBF,0x9D,0x36,0x9B,0xC1,0x98,0x65,0x96,
  0x22,0x94,0xFC,0x91,0xF3,0x8F,0x0A,0x8E,0x44,0x8C,0xA1,0x8A,0x26,0x89,0xD2,0x87,
  0xA9,0x86,0xAC,0x85,0xDD,0x84,0x3E,0x84,0xD0,0x83,0x94,0x83,0x8D,0x83,0xBB,0x83,
  0x20,0x84,0xBC,0x84,0x90,0x85,0x9E,0x86,0xE5,0x87,0x66,0x89,0x21,0x8B,0x16,0x8D,
  0x46,0x8F,0xAE,0x91,0x50,0x94,0x2B,0x97,0x3D,0x9A,0x85,0x9D,0x03,0xA1,0xB5,0xA4,
  0x99,0xA8,0xAD,0xAC,0xF1,0xB0,0x60,0xB5,0xFA,0xB9,0xBC,0xBE,0xA4,0xC3,0xAE,0xC8,
  0xD8,0xCD,0x20,0xD3,0x81,0xD8,0xFA,0xDD,0x87,0xE3,0x25,0xE9,0xD0,0xEE,0x85,0xF4,
  0x41,0xFA,0x00,0x00,0xBF,0x05,0x7B,0x0B,0x30,0x11,0xDB,0x16,0x79,0x1C,0x06,0x22,
  0x7F,0x27,0xE0,0x2C,0x28,0x32,0x52,0x37,0x5C,0x3C,0x44,0x41,0x06,0x46,0xA0,0x4A,
  0x0F,0x4F,0x53,0x53,0x67,0x57,0x4B,0x5B,0xFD,0x5E,0x7B,0x62,0xC3,0x65,0xD5,0x68,
  0xB0,0x6B,0x52,0x6E,0xBA,0x70,0xEA,0x72,0xDF,0x74,0x9A,0x76,0x1B,0x78,0x62,0x79,
  0x70,0x7A,0x44,0x7B,0xE0,0x7B,0x45,0x7C,0x73,0x7C,0x6C,0x7C,0x30,0x7C,0xC2,0x7B,
  0x23,0x7B,0x54,0x7A,0x57,0x79,0x2E,0x78,0xDA,0x76,0x5F,0x75,0xBC,0x73,0xF6,0x71,
  0x0D,0x70,0x04,0x6E,0xDE,0x6B,0x9B,0x69,0x3F,0x67,0xCA,0x64,0x41,0x62,0xA4,0x5F,
  0xF5,0x5C,0x37,0x5A,0x6B,0x57,0x94,0x54,0xB2,0x51,0xC9,0x4E,0xD8,0x4B,0xE2,0x48,
  0xE9,0x45,0xED,0x42,0xF0,0x3F,0xF3,0x3C,0xF6,0x39,0xFB,0x36,0x03,0x34,0x0E,0x31,
  0x1D,0x2E,0x30,0x2B,0x47,0x28,0x64,0x25,0x85,0x22,0xAB,0x1F,0xD6,0x1C,0x06,0x1A,
  0x3B,0x17,0x74,0x14,0xB1,0x11,0xF2,0x0E,0x36,0x0C,0x7C,0x09,0xC5,0x06,0x0F,0x04,
  0x5A,0x01,0xA6,0xFE,0xF1,0xFB,0x3B,0xF9,0x84,0xF6,0xCA,0xF3,0x0E,0xF1,0x4F,0xEE,
  0x8C,0xEB,0xC5,0xE8,0xFA,0xE5,0x2A,0xE3,0x55,0xE0,0x7B,0xDD,0x9C,0xDA,0xB9,0xD7,
  0xD0,0xD4,0xE3,0xD1,0xF2,0xCE,0xFD,0xCB,0x05,0xC9,0x0A,0xC6,0x0D,0xC3,0x10,0xC0,
  0x13,0xBD,0x17,0xBA,0x1E,0xB7,0x28,0xB4,0x37,0xB1,0x4E,0xAE,0x6C,0xAB,0x95,0xA8,
  0xC9,0xA5,0x0B,0xA3,0x5C,0xA0,0xBF,0x9D,0x36,0x9B,0xC1,0x98,0x65,0x96,0x22,0x94,
  0xFC,0x91,0xF3,0x8F,0x0A,0x8E,0x44,0x8C,0xA1,0x8A,0x26,0x89,0xD2,0x87,0xA9,0x86,
  0xAC,0x85,0xDD,0x84,0x3E,0x84,0xD0,0x83,0x94,0x83,0x8D,0x83,0xBB,0x83,0x20,0x84,
  0xBC,0x84,0x90,0x85,0x9E,0x86,0xE5,0x87,0x66,0x89,0x21,0x8B,0x16,0x8D,0x46,0x8F,
  0xAE,0x91,0x50,0x94,0x2B,0x97,0x3D,0x9A,0x85,0x9D,0x03,0xA1,0xB5,0xA4,0x99,0xA8,
  0xAD,0xAC,0xF1,0xB0,0x60,0xB5,0xFA,0xB9,0xBC,0xBE,0xA4,0xC3,0xAE,0xC8,0xD8,0xCD,
  0x20,0xD3,0x81,0xD8,0xFA,0xDD,0x87,0xE3,0x25,0xE9,0xD0,0xEE,0x85,0xF4,0x41,0xFA,
  0x00,0x00,0xBF,0x05,0x7B,0x0B,0x30,0x11,0xDB,0x16,0x79,0x1C,0x06,0x22,0x7F,0x27,
  0xE0,0x2C,0x28,0x32,0x52,0x37,0x5C,0x3C,0x44,0x41,0x06,0x46,0xA0,0x4A,0x0F,0x4F,
  0x53,0x53,0x67,0x57,0x4B,0x5B,0xFD,0x5E,0x7B,0x62,0xC3,0x65,0xD5,0x68,0xB0,0x6B,
  0x52,0x6E,0xBA,0x70,0xEA,0x72,0xDF,0x74,0x9A,0x76,0x1B,0x78,0x62,0x79,0x70,0x7A,
  0x44,0x7B,0xE0,0x7B,0x45,0x7C,0x73,0x7C,0x6C,0x7C,0x30,0x7C,0xC2,0x7B,0x23,0x7B,
  0x54,0x7A,0x57,0x79,0x2E,0x78,0xDA,0x76,0x5F,0x75,0xBC,0x73,0xF6,0x71,0x0D,0x70,
  0x04,0x6E,0xDE,0x6B,0x9B,0x69,0x3F,0x67,0xCA,0x64,0x41,0x62,0xA4,0x5F,0xF5,0x5C,
  0x37,0x5A,0x6B,0x57,0x94,0x54,0xB2,0x51,0xC9,0x4E,0xD8,0x4B,0xE2,0x48,0xE9,0x45,
  0xED,0x42,0xF0,0x3F,0xF3,0x3C,0xF6,0x39,0xFB,0x36,0x03,0x34,0x0E,0x31,0x1D,0x2E,
  0x30,0x2B,0x47,0x28,0x64,0x25,0x85,0x22,0xAB,0x1F,0xD6,0x1C,0x06,0x1A,0x3B,0x17,
  0x74,0x14,0xB1,0x11,0xF2,0x0E,0x36,0x0C,0x7C,0x09,0xC5,0x06,0x0F,0x04,0x5A,0x01,
  0xA6,0xFE,0xF1,0xFB,0x3B,0xF9,0x84,0xF6,0xCA,0xF3,0x0E,0xF1,0x4F,0xEE,0x8C,0xEB,
  0xC5,0xE8,0xFA,0xE5,0x2A,0xE3,0x55,0xE0,0x7B,0xDD,0x9C,0xDA,0xB9,0xD7,0xD0,0xD4,
  0xE3,0xD1,0xF2,0xCE,0xFD,0xCB,0x05,0xC9,0x0A,0xC6,0x0D,0xC3,0x10,0xC0,0x13,0xBD,
  0x17,0xBA,0x1E,0xB7,0x28,0xB4,0x37,0xB1,0x4E,0xAE,0x6C,0xAB,0x95,0xA8,0xC9,0xA5,
  0x0B,0xA3,0x5C,0xA0,0xBF,0x9D,0x36,0x9B,0xC1,0x98,0x65,0x96,0x22,0x94,0xFC,0x91,
  0xF3,0x8F,0x0A,0x8E,0x44,0x8C,0xA1,0x8A,0x26,0x89,0xD2,0x87,0xA9,0x86,0xAC,0x85,
  0xDD,0x84,0x3E,0x84,0xD0,0x83,0x94,0x83,0x8D,0x83,0xBB,0x83,0x20,0x84,0xBC,0x84,
  0x90,0x85,0x9E,0x86,0xE5,0x87,0x66,0x89,0x21,0x8B,0x16,0x8D,0x46,0x8F,0xAE,0x91,
  0x50,0x94,0x2B,0x97,0x3D,0x9A,0x85,0x9D,0x03,0xA1,0xB5,0xA4,0x99,0xA8,0xAD,0xAC,
  0xF1,0xB0,0x60,0xB5,0xFA,0xB9,0xBC,0xBE,0xA4,0xC3,0xAE,0xC8,0xD8,0xCD,0x20,0xD3,
  0x81,0xD8,0xFA,0xDD,0x87,0xE3,0x25,0xE9,0xD0,0xEE,0x85,0xF4,0x41,0xFA,0x00,0x00,
  0xBF,0x05,0x7B,0x0B,0x30,0x11,0xDB,0x16,0x79,0x1C,0x06,0x22,0x7F,0x27,0xE0,0x2C,
  0x28,0x32,0x52,0x37,0x5C,0x3C,0x44,0x41,0x06,0x46,0xA0,0x4A,0x0F,0x4F,0x53,0x53,
  0x67,0x57,0x4B,0x5B,0xFD,0x5E,0x7B,0x62,0xC3,0x65,0xD5,0x68,0xB0,0x6B,0x52,0x6E,
  0xBA,0x70,0xEA,0x72,0xDF,0x74,0x9A,0x76,0x1B,0x78,0x62,0x79,0x70,0x7A,0x44,0x7B,
  0xE0,0x7B,0x45,0x7C,0x73,0x7C,0x6C,0x7C,0x30,0x7C,0xC2,0x7B,0x23,0x7B,0x54,0x7A,
  0x57,0x79,0x2E,0x78,0xDA,0x76,0x5F,0x75,0xBC,0x73,0xF6,0x71,0x0D,0x70,0x04,0x6E,
  0xDE,0x6B,0x9B,0x69,0x3F,0x67,0xCA,0x64,0x41,0x62,0xA4,0x5F,0xF5,0x5C,0x37,0x5A,
  0x6B,0x57,0x94,0x54,0xB2,0x51,0xC9,0x4E,0xD8,0x4B,0xE2,0x48,0xE9,0x45,0xED,0x42,
  0xF0,0x3F,0xF3,0x3C,0xF6,0x39,0xFB,0x36,0x03,0x34,0x0E,0x31,0x1D,0x2E,0x30,0x2B,
  0x47,0x28,0x64,0x25,0x85,0x22,0xAB,0x1F,0xD6,0x1C,0x06,0x1A,0x3B,0x17,0x74,0x14,
  0xB1,0x11,0xF2,0x0E,0x36,0x0C,0x7C,0x09,0xC5,0x06,0x0F,0x04,0x5A,0x01,0xA6,0xFE,
  0xF1,0xFB,0x3B,0xF9,0x84,0xF6,0xCA,0xF3,0x0E,0xF1,0x4F,0xEE,0x8C,0xEB,0xC5,0xE8,
  0xFA,0xE5,0x2A,0xE3,0x55,0xE0,0x7B,0xDD,0x9C,0xDA,0xB9,0xD7,0xD0,0xD4,0xE3,0xD1,
  0xF2,0xCE,0xFD,0xCB,0x05,0xC9,0x0A,0xC6,0x0D,0xC3,0x10,0xC0,0x13,0xBD,0x17,0xBA,
  0x1E,0xB7,0x28,0xB4,0x37,0xB1,0x4E,0xAE,0x6C,0xAB,0x95,0xA8,0xC9,0xA5,0x0B,0xA3,
  0x5C,0xA0,0xBF,0x9D,0x36,0x9B,0xC1,0x98,0x65,0x96,0x22,0x94,0xFC,0x91,0xF3,0x8F,
  0x0A,0x8E,0x44,0x8C,0xA1,0x8A,0x26,0x89,0xD2,0x87,0xA9,0x86,0xAC,0x85,0xDD,0x84,
  0x3E,0x84,0xD0,0x83,0x94,0x83,0x8D,0x83,0xBB,0x83,0x20,0x84,0xBC,0x84,0x90,0x85,
  0x9E,0x86,0xE5,0x87,0x66,0x89,0x21,0x8B,0x16,0x8D,0x46,0x8F,0xAE,0x91,0x50,0x94,
  0x2B,0x97,0x3D,0x9A,0x85,0x9D,0x03,0xA1,0xB5,0xA4,0x99,0xA8,0xAD,0xAC,0xF1,0xB0,
  0x60,0xB5,0xFA,0xB9,0xBC,0xBE,0xA4,0xC3,0xAE,0xC8,0xD8,0xCD,0x20,0xD3,0x81,0xD8,
  0xFA,0xDD,0x87,0xE3,0x25,0xE9,0xD0,0xEE,0x85,0xF4,0x41,0xFA,0x00,0x00,0xBF,0x05,
  0x7B,0x0B,0x30,0x11,0xDB,0x16,0x79,0x1C,0x06,0x22,0x7F,0x27,0xE0,0x2C,0x28,0x32,
  0x52,0x37,0x5C,0x3C,0x44,0x41,0x06,0x46,0xA0,0x4A,0x0F,0x4F,0x53,0x53,0x67,0x57,
  0x4B,0x5B,0xFD,0x5E,0x7B,0x62,0xC3,0x65,0xD5,0x68,0xB0,0x6B,0x52,0x6E,0xBA,0x70,
  0xEA,0x72,0xDF,0x74,0x9A,0x76,0x1B,0x78,0x62,0x79,0x70,0x7A,0x44,0x7B,0xE0,0x7B,
  0x45,0x7C,0x73,0x7C,0x6C,0x7C,0x30,0x7C,0xC2,0x7B,0x23,0x7B,0x54,0x7A,0x57,0x79,
  0x2E,0x78,0xDA,0x76,0x5F,0x75,0xBC,0x73,0xF6,0x71,0x0D,0x70,0x04,0x6E,0xDE,0x6B,
  0x9B,0x69,0x3F,0x67,0xCA,0x64,0x41,0x62,0xA4,0x5F,0xF5,0x5C,0x37,0x5A,0x6B,0x57,
  0x94,0x54,0xB2,0x51,0xC9,0x4E,0xD8,0x4B,0xE2,0x48,0xE9,0x45,0xED,0x42,0xF0,0x3F,
  0xF3,0x3C,0xF6,0x39,0xFB,0x36,0x03,0x34,0x0E,0x31,0x1D,0x2E,0x30,0x2B,0x47,0x28,
  0x64,0x25,0x85,0x22,0xAB,0x1F,0xD6,0x1C,0x06,0x1A,0x3B,0x17,0x74,0x14,0xB1,0x11,
  0xF2,0x0E,0x36,0x0C,0x7C,0x09,0xC5,0x06,0x0F,0x04,0x5A,0x01,0xA6,0xFE,0xF1,0xFB,
  0x3B,0xF9,0x84,0xF6,0xCA,0xF3,0x0E,0xF1,0x4F,0xEE,0x8C,0xEB,0xC5,0xE8,0xFA,0xE5,
  0x2A,0xE3,0x55,0xE0,0x7B,0xDD,0x9C,0xDA,0xB9,0xD7,0xD0,0xD4,0xE3,0xD1,0xF2,0xCE,
  0xFD,0xCB,0x05,0xC9,0x0A,0xC6,0x0D,0xC3,0x10,0xC0,0x13,0xBD,0x17,0xBA,0x1E,0xB7,
  0x28,0xB4,0x37,0xB1,0x4E,0xAE,0x6C,0xAB,0x95,0xA8,0xC9,0xA5,0x0B,0xA3,0x5C,0xA0,
  0xBF,0x9D,0x36,0x9B,0xC1,0x98,0x65,0x96,0x22,0x94,0xFC,0x91,0xF3,0x8F,0x0A,0x8E,
  0x44,0x8C,0xA1,0x8A,0x26,0x89,0xD2,0x87,0xA9,0x86,0xAC,0x85,0xDD,0x84,0x3E,0x84,
  0xD0,0x83,0x94,0x83,0x8D,0x83,0xBB,0x83,0x20,0x84,0xBC,0x84,0x90,0x85,0x9E,0x86,
  0xE5,0x87,0x66,0x89,0x21,0x8B,0x16,0x8D,0x46,0x8F,0xAE,0x91,0x50,0x94,0x2B,0x97,
  0x3D,0x9A,0x85,0x9D,0x03,0xA1,0xB5,0xA4,0x99,0xA8,0xAD,0xAC,0xF1,0xB0,0x60,0xB5,
  0xFA,0xB9,0xBC,0xBE,0xA4,0xC3,0xAE,0xC8,0xD8,0xCD,0x20,0xD3,0x81,0xD8,0xFA,0xDD,
  0x87,0xE3,0x25,0xE9,0xD0,0xEE,0x85,0xF4,0x41,0xFA,0x00,0x00,0xBF,0x05,0x7B,0x0B,
  0x30,0x11,0xDB,0x16,0x79,0x1C,0x06,0x22,0x7F,0x27,0xE0,0x2C,0x28,0x32,0x52,0x37,
  0x5C,0x3C,0x44,0x41,0x06,0x46,0xA0,0x4A,0x0F,0x4F,0x53,0x53,0x67,0x57,0x4B,0x5B,
  0xFD,0x5E,0x7B,0x62,0xC3,0x65,0xD5,0x68,0xB0,0x6B,0x52,0x6E,0xBA,0x70,0xEA,0x72,
  0xDF,0x74,0x9A,0x76,0x1B,0x78,0x62,0x79,0x70,0x7A,0x44,0x7B,0xE0,0x7B,0x45,0x7C,
  0x73,0x7C,0x6C,0x7C,0x30,0x7C,0xC2,0x7B,0x23,0x7B,0x54,0x7A,0x57,0x79,0x2E,0x78,
  0xDA,0x76,0x5F,0x75,0xBC,0x73,0xF6,0x71,0x0D,0x70,0x04,0x6E,0xDE,0x6B,0x9B,0x69,
  0x3F,0x67,0xCA,0x64,0x41,0x62,0xA4,0x5F,0xF5,0x5C,0x37,0x5A,0x6B,0x57,0x94,0x54,
  0xB2,0x51,0xC9,0x4E,0xD8,0x4B,0xE2,0x48,0xE9,0x45,0xED,0x42,0xF0,0x3F,0xF3,0x3C,
  0xF6,0x39,0xFB,0x36,0x03,0x34,0x0E,0x31,0x1D,0x2E,0x30,0x2B,0x47,0x28,0x64,0x25,
  0x85,0x22,0xAB,0x1F,0xD6,0x1C,0x06,0x1A,0x3B,0x17,0x74,0x14,0xB1,0x11,0xF2,0x0E,
  0x36,0x0C,0x7C,0x09,0xC5,0x06,0x0F,0x04,0x5A,0x01,0xA6,0xFE,0xF1,0xFB,0x3B,0xF9,
  0x84,0xF6,0xCA,0xF3,0x0E,0xF1,0x4F,0xEE,0x8C,0xEB,0xC5,0xE8,0xFA,0xE5,0x2A,0xE3,
  0x55,0xE0,0x7B,0xDD,0x9C,0xDA,0xB9,0xD7,0xD0,0xD4,0xE3,0xD1,0xF2,0xCE,0xFD,0xCB,
  0x05,0xC9,0x0A,0xC6,0x0D,0xC3,0x10,0xC0,0x13,0xBD,0x17,0xBA,0x1E,0xB7,0x28,0xB4,
  0x37,0xB1,0x4E,0xAE,0x6C,0xAB,0x95,0xA8,0xC9,0xA5,0x0B,0xA3,0x5C,0xA0,0xBF,0x9D,
  0x36,0x9B,0xC1,0x98,0x65,0x96,0x22,0x94,0xFC,0x91,0xF3,0x8F,0x0A,0x8E,0x44,0x8C,
  0xA1,0x8A,0x26,0x89,0xD2,0x87,0xA9,0x86,0xAC,0x85,0xDD,0x84,0x3E,0x84,0xD0,0x83,
  0x94,0x83,0x8D,0x83,0xBB,0x83,0x20,0x84,0xBC,0x84,0x90,0x85,0x9E,0x86,0xE5,0x87,
  0x66,0x89,0x21,0x8B,0x16,0x8D,0x46,0x8F,0xAE,0x91,0x50,0x94,0x2B,0x97,0x3D,0x9A,
  0x85,0x9D,0x03,0xA1,0xB5,0xA4,0x99,0xA8,0xAD,0xAC,0xF1,0xB0,0x60,0xB5,0xFA,0xB9,
  0xBC,0xBE,0xA4,0xC3,0xAE,0xC8,0xD8,0xCD,0x20,0xD3,0x81,0xD8,0xFA,0xDD,0x87,0xE3,
  0x25,0xE9,0xD0,0xEE,0x85,0xF4,0x41,0xFA,0x00,0x00,0xBF,0x05,0x7B,0x0B,0x30,0x11,
  0xDB,0x16,0x79,0x1C,0x06,0x22,0x7F,0x27,0xE0,0x2C,0x28,0x32,0x52,0x37,0x5C,0x3C,
  0x44,0x41,0x06,0x46,0xA0,0x4A,0x0F,0x4F,0x53,0x53,0x67,0x57,0x4B,0x5B,0xFD,0x5E,
  0x7B,0x62,0xC3,0x65,0xD5,0x68,0xB0,0x6B,0x52,0x6E,0xBA,0x70,0xEA,0x72,0xDF,0x74,
  0x9A,0x76,0x1B,0x78,0x62,0x79,0x70,0x7A,0x44,0x7B,0xE0,0x7B,0x45,0x7C,0x73,0x7C,
  0x6C,0x7C,0x30,0x7C,0xC2,0x7B,0x23,0x7B,0x54,0x7A,0x57,0x79,0x2E,0x78,0xDA,0x76,
  0x5F,0x75,0xBC,0x73,0xF6,0x71,0x0D,0x70,0x04,0x6E,0xDE,0x6B,0x9B,0x69,0x3F,0x67,
  0xCA,0x64,0x41,0x62,0xA4,0x5F,0xF5,0x5C,0x37,0x5A,0x6B,0x57,0x94,0x54,0xB2,0x51,
  0xC9,0x4E,0xD8,0x4B,0xE2,0x48,0xE9,0x45,0xED,0x42,0xF0,0x3F,0xF3,0x3C,0xF6,0x39,
  0xFB,0x36,0x03,0x34,0x0E,0x31,0x1D,0x2E,0x30,0x2B,0x47,0x28,0x64,0x25,0x85,0x22,
  0xAB,0x1F,0xD6,0x1C,0x06,0x1A,0x3B,0x17,0x74,0x14,0xB1,0x11,0xF2,0x0E,0x36,0x0C,
  0x7C,0x09,0xC5,0x06,0x0F,0x04,0x5A,0x01,0xA6,0xFE,0xF1,0xFB,0x3B,0xF9,0x84,0xF6,
  0xCA,0xF3,0x0E,0xF1,0x4F,0xEE,0x8C,0xEB,0xC5,0xE8,0xFA,0xE5,0x2A,0xE3,0x55,0xE0,
  0x7B,0xDD,0x9C,0xDA,0xB9,0xD7,0xD0,0xD4,0xE3,0xD1,0xF2,0xCE,0xFD,0xCB,0x05,0xC9,
  0x0A,0xC6,0x0D,0xC3,0x10,0xC0,0x13,0xBD,0x17,0xBA,0x1E,0xB7,0x28,0xB4,0x37,0xB1,
  0x4E,0xAE,0x6C,0xAB,0x95,0xA8,0xC9,0xA5,0x0B,0xA3,0x5C,0xA0,0xBF,0x9D,0x36,0x9B,
  0xC1,0x98,0x65,0x96,0x22,0x94,0xFC,0x91,0xF3,0x8F,0x0A,0x8E,0x44,0x8C,0xA1,0x8A,
  0x26,0x89,0xD2,0x87,0xA9,0x86,0xAC,0x85,0xDD,0x84,0x3E,0x84,0xD0,0x83,0x94,0x83,
  0x8D,0x83,0xBB,0x83,0x20,0x84,0xBC,0x84,0x90,0x85,0x9E,0x86,0xE5,0x87,0x66,0x89,
  0x21,0x8B,0x16,0x8D,0x46,0x8F,0xAE,0x91,0x50,0x94,0x2B,0x97,0x3D,0x9A,0x85,0x9D,
  0x03,0xA1,0xB5,0xA4,0x99,0xA8,0xAD,0xAC,0xF1,0xB0,0x60,0xB5,0xFA,0xB9,0xBC,0xBE,
  0xA4,0xC3,0xAE,0xC8,0xD8,0xCD,0x20,0xD3,0x81,0xD8,0xFA,0xDD,0x87,0xE3,0x25,0xE9,
  0xD0,0xEE,0x85,0xF4,0x41,0xFA,0x00,0x00,0xBF,0x05,0x7B,0x0B,0x30,0x11,0xDB,0x16,
  0x79,0x1C,0x06,0x22,0x7F,0x27,0xE0,0x2C,0x28,0x32,0x52,0x37,0x5C,0x3C,0x44,0x41,
  0x06,0x46,0xA0,0x4A,0x0F,0x4F,0x53,0x53,0x67,0x57,0x4B,0x5B,0xFD,0x5E,0x7B,0x62,
  0xC3,0x65,0xD5,0x68,0xB0,0x6B,0x52,0x6E,0xBA,0x70,0xEA,0x72,0xDF,0x74,0x9A,0x76,
  0x1B,0x78,0x62,0x79,0x70,0x7A,0x44,0x7B,0xE0,0x7B,0x45,0x7C,0x73,0x7C,0x6C,0x7C,
  0x30,0x7C,0xC2,0x7B,0x23,0x7B,0x54,0x7A,0x57,0x79,0x2E,0x78,0xDA,0x76,0x5F,0x75,
  0xBC,0x73,0xF6,0x71,0x0D,0x70,0x04,0x6E,0xDE,0x6B,0x9B,0x69,0x3F,0x67,0xCA,0x64,
  0x41,0x62,0xA4,0x5F,0xF5,0x5C,0x37,0x5A,0x6B,0x57,0x94,0x54,0xB2,0x51,0xC9,0x4E,
  0xD8,0x4B,0xE2,0x48,0xE9,0x45,0xED,0x42,0xF0,0x3F,0xF3,0x3C,0xF6,0x39,0xFB,0x36,
  0x03,0x34,0x0E,0x31,0x1D,0x2E,0x30,0x2B,0x47,0x28,0x64,0x25,0x85,0x22,0xAB,0x1F,
  0xD6,0x1C,0x06,0x1A,0x3B,0x17,0x74,0x14,0xB1,0x11,0xF2,0x0E,0x36,0x0C,0x7C,0x09,
  0xC5,0x06,0x0F,0x04,0x5A,0x01,0xA6,0xFE,0xF1,0xFB,0x3B,0xF9,0x84,0xF6,0xCA,0xF3,
  0x0E,0xF1,0x4F,0xEE,0x8C,0xEB,0xC5,0xE8,0xFA,0xE5,0x2A,0xE3,0x55,0xE0,0x7B,0xDD,
  0x9C,0xDA,0xB9,0xD7,0xD0,0xD4,0xE3,0xD1,0xF2,0xCE,0xFD,0xCB,0x05,0xC9,0x0A,0xC6,
  0x0D,0xC3,0x10,0xC0,0x13,0xBD,0x17,0xBA,0x1E,0xB7,0x28,0xB4,0x37,0xB1,0x4E,0xAE,
  0x6C,0xAB,0x95,0xA8,0xC9,0xA5,0x0B,0xA3,0x5C,0xA0,0xBF,0x9D,0x36,0x9B,0xC1,0x98,
  0x65,0x96,0x22,0x94,0xFC,0x91,0xF3,0x8F,0x0A,0x8E,0x44,0x8C,0xA1,0x8A,0x26,0x89,
  0xD2,0x87,0xA9,0x86,0xAC,0x85,0xDD,0x84,0x3E,0x84,0xD0,0x83,0x94,0x83,0x8D,0x83,
  0xBB,0x83,0x20,0x84,0xBC,0x84,0x90,0x85,0x9E,0x86,0xE5,0x87,0x66,0x89,0x21,0x8B,
  0x16,0x8D,0x46,0x8F,0xAE,0x91,0x50,0x94,0x2B,0x97,0x3D,0x9A,0x85,0x9D,0x03,0xA1,
  0xB5,0xA4,0x99,0xA8,0xAD,0xAC,0xF1,0xB0,0x60,0xB5,0xFA,0xB9,0xBC,0xBE,0xA4,0xC3,
  0xAE,0xC8,0xD8,0xCD,0x20,0xD3,0x81,0xD8,0xFA,0xDD,0x87,0xE3,0x25,0xE9,0xD0,0xEE,
  0x85,0xF4,0x41,0xFA,0x00,0x00,0xBF,0x05,0x7B,0x0B,0x30,0x11,0xDB,0x16,0x79,0x1C,
  0x06,0x22,0x7F,0x27,0xE0,0x2C,0x28,0x32,0x52,0x37,0x5C,0x3C,0x44,0x41,0x06,0x46,
  0xA0,0x4A,0x0F,0x4F,0x53,0x53,0x67,0x57,0x4B,0x5B,0xFD,0x5E,0x7B,0x62,0xC3,0x65,
  0xD5,0x68,0xB0,0x6B,0x52,0x6E,0xBA,0x70,0xEA,0x72,0xDF,0x74,0x9A,0x76,0x1B,0x78,
  0x62,0x79,0x70,0x7A,0x44,0x7B,0xE0,0x7B,0x45,0x7C,0x73,0x7C,0x6C,0x7C,0x30,0x7C,
  0xC2,0x7B,0x23,0x7B,0x54,0x7A,0x57,0x79,0x2E,0x78,0xDA,0x76,0x5F,0x75,0xBC,0x73,
  0xF6,0x71,0x0D,0x70,0x04,0x6E,0xDE,0x6B,0x9B,0x69,0x3F,0x67,0xCA,0x64,0x41,0x62,
  0xA4,0x5F,0xF5,0x5C,0x37,0x5A,0x6B,0x57,0x94,0x54,0xB2,0x51,0xC9,0x4E,0xD8,0x4B,
  0xE2,0x48,0xE9,0x45,0xED,0x42,0xF0,0x3F,0xF3,0x3C,0xF6,0x39,0xFB,0x36,0x03,0x34,
  0x0E,0x31,0x1D,0x2E,0x30,0x2B,0x47,0x28,0x64,0x25,0x85,0x22,0xAB,0x1F,0xD6,0x1C,
  0x06,0x1A,0x3B,0x17,0x74,0x14,0xB1,0x11,0xF2,0x0E,0x36,0x0C,0x7C,0x09,0xC5,0x06,
  0x0F,0x04,0x5A,0x01,0xA6,0xFE,0xF1,0xFB,0x3B,0xF9,0x84,0xF6,0xCA,0xF3,0x0E,0xF1,
  0x4F,0xEE,0x8C,0xEB,0xC5,0xE8,0xFA,0xE5,0x2A,0xE3,0x55,0xE0,0x7B,0xDD,0x9C,0xDA,
  0xB9,0xD7,0xD0,0xD4,0xE3,0xD1,0xF2,0xCE,0xFD,0xCB,0x05,0xC9,0x0A,0xC6,0x0D,0xC3,
  0x10,0xC0,0x13,0xBD,0x17,0xBA,0x1E,0xB7,0x28,0xB4,0x37,0xB1,0x4E,0xAE,0x6C,0xAB,
  0x95,0xA8,0xC9,0xA5,0x0B,0xA3,0x5C,0xA0,0xBF,0x9D,0x36,0x9B,0xC1,0x98,0x65,0x96,
  0x22,0x94,0xFC,0x91,0xF3,0x8F,0x0A,0x8E,0x44,0x8C,0xA1,0x8A,0x26,0x89,0xD2,0x87,
  0xA9,0x86,0xAC,0x85,0xDD,0x84,0x3E,0x84,0xD0,0x83,0x94,0x83,0x8D,0x83,0xBB,0x83,
  0x20,0x84,0xBC,0x84,0x90,0x85,0x9E,0x86,0xE5,0x87,0x66,0x89,0x21,0x8B,0x16,0x8D,
  0x46,0x8F,0xAE,0x91,0x50,0x94,0x2B,0x97,0x3D,0x9A,0x85,0x9D,0x03,0xA1,0xB5,0xA4,
  0x99,0xA8,0xAD,0xAC,0xF1,0xB0,0x60,0xB5,0xFA,0xB9,0xBC,0xBE,0xA4,0xC3,0xAE,0xC8,
  0xD8,0xCD,0x20,0xD3,0x81,0xD8,0xFA,0xDD,0x87,0xE3,0x25,0xE9,0xD0,0xEE,0x85,0xF4,
  0x41,0xFA,0x00,0x00,0xBF,0x05,0x7B,0x0B,0x30,0x11,0xDB,0x16,0x79,0x1C,0x06,0x22,
  0x7F,0x27,0xE0,0x2C,0x28,0x32,0x52,0x37,0x5C,0x3C,0x44,0x41,0x06,0x46,0xA0,0x4A,
  0x0F,0x4F,0x53,0x53,0x67,0x57,0x4B,0x5B,0xFD,0x5E,0x7B,0x62,0xC3,0x65,0xD5,0x68,
  0xB0,0x6B,0x52,0x6E,0xBA,0x70,0xEA,0x72,0xDF,0x74,0x9A,0x76,0x1B,0x78,0x62,0x79,
  0x70,0x7A,0x44,0x7B,0xE0,0x7B,0x45,0x7C,0x73,0x7C,0x6C,0x7C,0x30,0x7C,0xC2,0x7B,
  0x23,0x7B,0x54,0x7A,0x57,0x79,0x2E,0x78,0xDA,0x76,0x5F,0x75,0xBC,0x73,0xF6,0x71,
  0x0D,0x70,0x04,0x6E,0xDE,0x6B,0x9B,0x69,0x3F,0x67,0xCA,0x64,0x41,0x62,0xA4,0x5F,
  0xF5,0x5C,0x37,0x5A,0x6B,0x57,0x94,0x54,0xB2,0x51,0xC9,0x4E,0xD8,0x4B,0xE2,0x48,
  0xE9,0x45,0xED,0x42,0xF0,0x3F,0xF3,0x3C,0xF6,0x39,0xFB,0x36,0x03,0x34,0x0E,0x31,
  0x1D,0x2E,0x30,0x2B,0x47,0x28,0x64,0x25,0x85,0x22,0xAB,0x1F,0xD6,0x1C,0x06,0x1A,
  0x3B,0x17,0x74,0x14,0xB1,0x11,0xF2,0x0E,0x36,0x0C,0x7C,0x09,0xC5,0x06,0x0F,0x04,
  0x5A,0x01,0xA6,0xFE,0xF1,0xFB,0x3B,0xF9,0x84,0xF6,0xCA,0xF3,0x0E,0xF1,0x4F,0xEE,
  0x8C,0xEB,0xC5,0xE8,0xFA,0xE5,0x2A,0xE3,0x55,0xE0,0x7B,0xDD,0x9C,0xDA,0xB9,0xD7,
  0xD0,0xD4,0xE3,0xD1,0xF2,0xCE,0xFD,0xCB,0x05,0xC9,0x0A,0xC6,0x0D,0xC3,0x10,0xC0,
  0x13,0xBD,0x17,0xBA,0x1E,0xB7,0x28,0xB4,0x37,0xB1,0x4E,0xAE,0x6C,0xAB,0x95,0xA8,
  0xC9,0xA5,0x0B,0xA3,0x5C,0xA0,0xBF,0x9D,0x36,0x9B,0xC1,0x98,0x65,0x96,0x22,0x94,
  0xFC,0x91,0xF3,0x8F,0x0A,0x8E,0x44,0x8C,0xA1,0x8A,0x26,0x89,0xD2,0x87,0xA9,0x86,
  0xAC,0x85,0xDD,0x84,0x3E,0x84,0xD0,0x83,0x94,0x83,0x8D,0x83,0xBB,0x83,0x20,0x84,
  0xBC,0x84,0x90,0x85,0x9E,0x86,0xE5,0x87,0x66,0x89,0x21,0x8B,0x16,0x8D,0x46,0x8F,
  0xAE,0x91,0x50,0x94,0x2B,0x97,0x3D,0x9A,0x85,0x9D,0x03,0xA1,0xB5,0xA4,0x99,0xA8,
  0xAD,0xAC,0xF1,0xB0,0x60,0xB5,0xFA,0xB9,0xBC,0xBE,0xA4,0xC3,0xAE,0xC8,0xD8,0xCD,
  0x20,0xD3,0x81,0xD8,0xFA,0xDD,0x87,0xE3,0x25,0xE9,0xD0,0xEE,0x85,0xF4,0x41,0xFA,
  0x00,0x00,0xBF,0x05,0x7B,0x0B,0x30,0x11,0xDB,0x16,0x79,0x1C,0x06,0x22,0x7F,0x27,
  0xE0,0x2C,0x28,0x32,0x52,0x37,0x5C,0x3C,0x44,0x41,0x06,0x46,0xA0,0x4A,0x0F,0x4F,
  0x53,0x53,0x67,0x57,0x4B,0x5B,0xFD,0x5E,0x7B,0x62,0xC3,0x65,0xD5,0x68,0xB0,0x6B,
  0x52,0x6E,0xBA,0x70,0xEA,0x72,0xDF,0x74,0x9A,0x76,0x1B,0x78,0x62,0x79,0x70,0x7A,
  0x44,0x7B,0xE0,0x7B,0x45,0x7C,0x73,0x7C,0x6C,0x7C,0x30,0x7C,0xC2,0x7B,0x23,0x7B,
  0x54,0x7A,0x57,0x79,0x2E,0x78,0xDA,0x76,0x5F,0x75,0xBC,0x73,0xF6,0x71,0x0D,0x70,
  0x04,0x6E,0xDE,0x6B,0x9B,0x69,0x3F,0x67,0xCA,0x64,0x41,0x62,0xA4,0x5F,0xF5,0x5C,
  0x37,0x5A,0x6B,0x57,0x94,0x54,0xB2,0x51,0xC9,0x4E,0xD8,0x4B,0xE2,0x48,0xE9,0x45,
  0xED,0x42,0xF0,0x3F,0xF3,0x3C,0xF6,0x39,0xFB,0x36,0x03,0x34,0x0E,0x31,0x1D,0x2E,
  0x30,0x2B,0x47,0x28,0x64,0x25,0x85,0x22,0xAB,0x1F,0xD6,0x1C,0x06,0x1A,0x3B,0x17,
  0x74,0x14,0xB1,0x11,0xF2,0x0E,0x36,0x0C,0x7C,0x09,0xC5,0x06,0x0F,0x04,0x5A,0x01,
  0xA6,0xFE,0xF1,0xFB,0x3B,0xF9,0x84,0xF6,0xCA,0xF3,0x0E,0xF1,0x4F,0xEE,0x8C,0xEB,
  0xC5,0xE8,0xFA,0xE5,0x2A,0xE3,0x55,0xE0,0x7B,0xDD,0x9C,0xDA,0xB9,0xD7,0xD0,0xD4,
  0xE3,0xD1,0xF2,0xCE,0xFD,0xCB,0x05,0xC9,0x0A,0xC6,0x0D,0xC3,0x10,0xC0,0x13,0xBD,
  0x17,0xBA,0x1E,0xB7,0x28,0xB4,0x37,0xB1,0x4E,0xAE,0x6C,0xAB,0x95,0xA8,0xC9,0xA5,
  0x0B,0xA3,0x5C,0xA0,0xBF,0x9D,0x36,0x9B,0xC1,0x98,0x65,0x96,0x22,0x94,0xFC,0x91,
  0xF3,0x8F,0x0A,0x8E,0x44,0x8C,0xA1,0x8A,0x26,0x89,0xD2,0x87,0xA9,0x86,0xAC,0x85,
  0xDD,0x84,0x3E,0x84,0xD0,0x83,0x94,0x83,0x8D,0x83,0xBB,0x83,0x20,0x84,0xBC,0x84,
  0x90,0x85,0x9E,0x86,0xE5,0x87,0x66,0x89,0x21,0x8B,0x16,0x8D,0x46,0x8F,0xAE,0x91,
  0x50,0x94,0x2B,0x97,0x3D,0x9A,0x85,0x9D,0x03,0xA1,0xB5,0xA4,0x99,0xA8,0xAD,0xAC,
  0xF1,0xB0,0x60,0xB5,0xFA,0xB9,0xBC,0xBE,0xA4,0xC3,0xAE,0xC8,0xD8,0xCD,0x20,0xD3,
  0x81,0xD8,0xFA,0xDD,0x87,0xE3,0x25,0xE9,0xD0,0xEE,0x85,0xF4,0x41,0xFA,0x00,0x00,
  0xBF,0x05,0x7B,0x0B,0x30,0x11,0xDB,0x16,0x79,0x1C,0x06,0x22,0x7F,0x27,0xE0,0x2C,
  0x28,0x32,0x52,0x37,0x5C,0x3C,0x44,0x41,0x06,0x46,0xA0,0x4A,0x0F,0x4F,0x53,0x53,
  0x67,0x57,0x4B,0x5B,0xFD,0x5E,0x7B,0x62,0xC3,0x65,0xD5,0x68,0xB0,0x6B,0x52,0x6E,
  0xBA,0x70,0xEA,0x72,0xDF,0x74,0x9A,0x76,0x1B,0x78,0x62,0x79,0x70,0x7A,0x44,0x7B,
  0xE0,0x7B,0x45,0x7C,0x73,0x7C,0x6C,0x7C,0x30,0x7C,0xC2,0x7B,0x23,0x7B,0x54,0x7A,
  0x57,0x79,0x2E,0x78,0xDA,0x76,0x5F,0x75,0xBC,0x73,0xF6,0x71,0x0D,0x70,0x04,0x6E,
  0xDE,0x6B,0x9B,0x69,0x3F,0x67,0xCA,0x64,0x41,0x62,0xA4,0x5F,0xF5,0x5C,0x37,0x5A,
  0x6B,0x57,0x94,0x54,0xB2,0x51,0xC9,0x4E,0xD8,0x4B,0xE2,0x48,0xE9,0x45,0xED,0x42,
  0xF0,0x3F,0xF3,0x3C,0xF6,0x39,0xFB,0x36,0x03,0x34,0x0E,0x31,0x1D,0x2E,0x30,0x2B,
  0x47,0x28,0x64,0x25,0x85,0x22,0xAB,0x1F,0xD6,0x1C,0x06,0x1A,0x3B,0x17,0x74,0x14,
  0xB1,0x11,0xF2,0x0E,0x36,0x0C,0x7C,0x09,0xC5,0x06,0x0F,0x04,0x5A,0x01,0xA6,0xFE,
  0xF1,0xFB,0x3B,0xF9,0x84,0xF6,0xCA,0xF3,0x0E,0xF1,0x4F,0xEE,0x8C,0xEB,0xC5,0xE8,
  0xFA,0xE5,0x2A,0xE3,0x55,0xE0,0x7B,0xDD,0x9C,0xDA,0xB9,0xD7,0xD0,0xD4,0xE3,0xD1,
  0xF2,0xCE,0xFD,0xCB,0x05,0xC9,0x0A,0xC6,0x0D,0xC3,0x10,0xC0,0x13,0xBD,0x17,0xBA,
  0x1E,0xB7,0x28,0xB4,0x37,0xB1,0x4E,0xAE,0x6C,0xAB,0x95,0xA8,0xC9,0xA5,0x0B,0xA3,
  0x5C,0xA0,0xBF,0x9D,0x36,0x9B,0xC1,0x98,0x65,0x96,0x22,0x94,0xFC,0x91,0xF3,0x8F,
  0x0A,0x8E,0x44,0x8C,0xA1,0x8A,0x26,0x89,0xD2,0x87,0xA9,0x86,0xAC,0x85,0xDD,0x84,
  0x3E,0x84,0xD0,0x83,0x94,0x83,0x8D,0x83,0xBB,0x83,0x20,0x84,0xBC,0x84,0x90,0x85,
  0x9E,0x86,0xE5,0x87,0x66,0x89,0x21,0x8B,0x16,0x8D,0x46,0x8F,0xAE,0x91,0x50,0x94,
  0x2B,0x97,0x3D,0x9A,0x85,0x9D,0x03,0xA1,0xB5,0xA4,0x99,0xA8,0xAD,0xAC,0xF1,0xB0,
  0x60,0xB5,0xFA,0xB9,0xBC,0xBE,0xA4,0xC3,0xAE,0xC8,0xD8,0xCD,0x20,0xD3,0x81,0xD8,
  0xFA,0xDD,0x87,0xE3,0x25,0xE9,0xD0,0xEE,0x85,0xF4,0x41,0xFA,0x00,0x00,0xBF,0x05,
  0x7B,0x0B,0x30,0x11,0xDB,0x16,0x79,0x1C,0x06,0x22,0x7F,0x27,0xE0,0x2C,0x28,0x32,
  0x52,0x37,0x5C,0x3C,0x44,0x41,0x06,0x46,0xA0,0x4A,0x0F,0x4F,0x53,0x53,0x67,0x57,
  0x4B,0x5B,0xFD,0x5E,0x7B,0x62,0xC3,0x65,0xD5,0x68,0xB0,0x6B,0x52,0x6E,0xBA,0x70,
  0xEA,0x72,0xDF,0x74,0x9A,0x76,0x1B,0x78,0x62,0x79,0x70,0x7A,0x44,0x7B,0xE0,0x7B,
  0x45,0x7C,0x73,0x7C,0x6C,0x7C,0x30,0x7C,0xC2,0x7B,0x23,0x7B,0x54,0x7A,0x57,0x79,
  0x2E,0x78,0xDA,0x76,0x5F,0x75,0xBC,0x73,0xF6,0x71,0x0D,0x70,0x04,0x6E,0xDE,0x6B,
  0x9B,0x69,0x3F,0x67,0xCA,0x64,0x41,0x62,0xA4,0x5F,0xF5,0x5C,0x37,0x5A,0x6B,0x57,
  0x94,0x54,0xB2,0x51,0xC9,0x4E,0xD8,0x4B,0xE2,0x48,0xE9,0x45,0xED,0x42,0xF0,0x3F,
  0xF3,0x3C,0xF6,0x39,0xFB,0x36,0x03,0x34,0x0E,0x31,0x1D,0x2E,0x30,0x2B,0x47,0x28,
  0x64,0x25,0x85,0x22,0xAB,0x1F,0xD6,0x1C,0x06,0x1A,0x3B,0x17,0x74,0x14,0xB1,0x11,
  0xF2,0x0E,0x36,0x0C,0x7C,0x09,0xC5,0x06,0x0F,0x04,0x5A,0x01,0xA6,0xFE,0xF1,0xFB,
  0x3B,0xF9,0x84,0xF6,0xCA,0xF3,0x0E,0xF1,0x4F,0xEE,0x8C,0xEB,0xC5,0xE8,0xFA,0xE5,
  0x2A,0xE3,0x55,0xE0,0x7B,0xDD,0x9C,0xDA,0xB9,0xD7,0xD0,0xD4,0xE3,0xD1,0xF2,0xCE,
  0xFD,0xCB,0x05,0xC9,0x0A,0xC6,0x0D,0xC3,0x10,0xC0,0x13,0xBD,0x17,0xBA,0x1E,0xB7,
  0x28,0xB4,0x37,0xB1,0x4E,0xAE,0x6C,0xAB,0x95,0xA8,0xC9,0xA5,0x0B,0xA3,0x5C,0xA0,
  0xBF,0x9D,0x36,0x9B,0xC1,0x98,0x65,0x96,0x22,0x94,0xFC,0x91,0xF3,0x8F,0x0A,0x8E,
  0x44,0x8C,0xA1,0x8A,0x26,0x89,0xD2,0x87,0xA9,0x86,0xAC,0x85,0xDD,0x84,0x3E,0x84,
  0xD0,0x83,0x94,0x83,0x8D,0x83,0xBB,0x83,0x20,0x84,0xBC,0x84,0x90,0x85,0x9E,0x86,
  0xE5,0x87,0x66,0x89,0x21,0x8B,0x16,0x8D,0x46,0x8F,0xAE,0x91,0x50,0x94,0x2B,0x97,
  0x3D,0x9A,0x85,0x9D,0x03,0xA1,0xB5,0xA4,0x99,0xA8,0xAD,0xAC,0xF1,0xB0,0x60,0xB5,
  0xFA,0xB9,0xBC,0xBE,0xA4,0xC3,0xAE,0xC8,0xD8,0xCD,0x20,0xD3,0x81,0xD8,0xFA,0xDD,
  0x87,0xE3,0x25,0xE9,0xD0,0xEE,0x85,0xF4,0x41,0xFA,0x00,0x00,0xBF,0x05,0x7B,0x0B,
  0x30,0x11,0xDB,0x16,0x79,0x1C,0x06,0x22,0x7F,0x27,0xE0,0x2C,0x28,0x32,0x52,0x37,
  0x5C,0x3C,0x44,0x41,0x06,0x46,0xA0,0x4A,0x0F,0x4F,0x53,0x53,0x67,0x57,0x4B,0x5B,
  0xFD,0x5E,0x7B,0x62,0xC3,0x65,0xD5,0x68,0xB0,0x6B,0x52,0x6E,0xBA,0x70,0xEA,0x72,
  0xDF,0x74,0x9A,0x76,0x1B,0x78,0x62,0x79,0x70,0x7A,0x44,0x7B,0xE0,0x7B,0x45,0x7C,
  0x73,0x7C,0x6C,0x7C,0x30,0x7C,0xC2,0x7B,0x23,0x7B,0x54,0x7A,0x57,0x79,0x2E,0x78,
  0xDA,0x76,0x5F,0x75,0xBC,0x73,0xF6,0x71,0x0D,0x70,0x04,0x6E,0xDE,0x6B,0x9B,0x69,
  0x3F,0x67,0xCA,0x64,0x41,0x62,0xA4,0x5F,0xF5,0x5C,0x37,0x5A,0x6B,0x57,0x94,0x54,
  0xB2,0x51,0xC9,0x4E,0xD8,0x4B,0xE2,0x48,0xE9,0x45,0xED,0x42,0xF0,0x3F,0xF3,0x3C,
  0xF6,0x39,0xFB,0x36,0x03,0x34,0x0E,0x31,0x1D,0x2E,0x30,0x2B,0x47,0x28,0x64,0x25,
  0x85,0x22,0xAB,0x1F,0xD6,0x1C,0x06,0x1A,0x3B,0x17,0x74,0x14,0xB1,0x11,0xF2,0x0E,
  0x36,0x0C,0x7C,0x09,0xC5,0x06,0x0F,0x04,0x5A,0x01,0xA6,0xFE,0xF1,0xFB,0x3B,0xF9,
  0x84,0xF6,0xCA,0xF3,0x0E,0xF1,0x4F,0xEE,0x8C,0xEB,0xC5,0xE8,0xFA,0xE5,0x2A,0xE3,
  0x55,0xE0,0x7B,0xDD,0x9C,0xDA,0xB9,0xD7,0xD0,0xD4,0xE3,0xD1,0xF2,0xCE,0xFD,0xCB,
  0x05,0xC9,0x0A,0xC6,0x0D,0xC3,0x10,0xC0,0x13,0xBD,0x17,0xBA,0x1E,0xB7,0x28,0xB4,
  0x37,0xB1,0x4E,0xAE,0x6C,0xAB,0x95,0xA8,0xC9,0xA5,0x0B,0xA3,0x5C,0xA0,0xBF,0x9D,
  0x36,0x9B,0xC1,0x98,0x65,0x96,0x22,0x94,0xFC,0x91,0xF3,0x8F,0x0A,0x8E,0x44,0x8C,
  0xA1,0x8A,0x26,0x89,0xD2,0x87,0xA9,0x86,0xAC,0x85,0xDD,0x84,0x3E,0x84,0xD0,0x83,
  0x94,0x83,0x8D,0x83,0xBB,0x83,0x20,0x84,0xBC,0x84,0x90,0x85,0x9E,0x86,0xE5,0x87,
  0x66,0x89,0x21,0x8B,0x16,0x8D,0x46,0x8F,0xAE,0x91,0x50,0x94,0x2B,0x97,0x3D,0x9A,
  0x85,0x9D,0x03,0xA1,0xB5,0xA4,0x99,0xA8,0xAD,0xAC,0xF1,0xB0,0x60,0xB5,0xFA,0xB9,
  0xBC,0xBE,0xA4,0xC3,0xAE,0xC8,0xD8,0xCD,0x20,0xD3,0x81,0xD8,0xFA,0xDD,0x87,0xE3,
  0x25,0xE9,0xD0,0xEE,0x85,0xF4,0x41,0xFA,0x00,0x00,0xBF,0x05,0x7B,0x0B,0x30,0x11,
  0xDB,0x16,0x79,0x1C,0x06,0x22,0x7F,0x27,0xE0,0x2C,0x28,0x32,0x52,0x37,0x5C,0x3C,
  0x44,0x41,0x06,0x46,0xA0,0x4A,0x0F,0x4F,0x53,0x53,0x67,0x57,0x4B,0x5B,0xFD,0x5E,
  0x7B,0x62,0xC3,0x65,0xD5,0x68,0xB0,0x6B,0x52,0x6E,0xBA,0x70,0xEA,0x72,0xDF,0x74,
  0x9A,0x76,0x1B,0x78,0x62,0x79,0x70,0x7A,0x44,0x7B,0xE0,0x7B,0x45,0x7C,0x73,0x7C,
  0x6C,0x7C,0x30,0x7C,0xC2,0x7B,0x23,0x7B,0x54,0x7A,0x57,0x79,0x2E,0x78,0xDA,0x76,
  0x5F,0x75,0xBC,0x73,0xF6,0x71,0x0D,0x70,0x04,0x6E,0xDE,0x6B,0x9B,0x69,0x3F,0x67,
  0xCA,0x64,0x41,0x62,0xA4,0x5F,0xF5,0x5C,0x37,0x5A,0x6B,0x57,0x94,0x54,0xB2,0x51,
  0xC9,0x4E,0xD8,0x4B,0xE2,0x48,0xE9,0x45,0xED,0x42,0xF0,0x3F,0xF3,0x3C,0xF6,0x39,
  0xFB,0x36,0x03,0x34,0x0E,0x31,0x1D,0x2E,0x30,0x2B,0x47,0x28,0x64,0x25,0x85,0x22,
  0xAB,0x1F,0xD6,0x1C,0x06,0x1A,0x3B,0x17,0x74,0x14,0xB1,0x11,0xF2,0x0E,0x36,0x0C,
  0x7C,0x09,0xC5,0x06,0x0F,0x04,0x5A,0x01,0xA6,0xFE,0xF1,0xFB,0x3B,0xF9,0x84,0xF6,
  0xCA,0xF3,0x0E,0xF1,0x4F,0xEE,0x8C,0xEB,0xC5,0xE8,0xFA,0xE5,0x2A,0xE3,0x55,0xE0,
  0x7B,0xDD,0x9C,0xDA,0xB9,0xD7,0xD0,0xD4,0xE3,0xD1,0xF2,0xCE,0xFD,0xCB,0x05,0xC9,
  0x0A,0xC6,0x0D,0xC3,0x10,0xC0,0x13,0xBD,0x17,0xBA,0x1E,0xB7,0x28,0xB4,0x37,0xB1,
  0x4E,0xAE,0x6C,0xAB,0x95,0xA8,0xC9,0xA5,0x0B,0xA3,0x5C,0xA0,0xBF,0x9D,0x36,0x9B,
  0xC1,0x98,0x65,0x96,0x22,0x94,0xFC,0x91,0xF3,0x8F,0x0A,0x8E,0x44,0x8C,0xA1,0x8A,
  0x26,0x89,0xD2,0x87,0xA9,0x86,0xAC,0x85,0xDD,0x84,0x3E,0x84,0xD0,0x83,0x94,0x83,
  0x8D,0x83,0xBB,0x83,0x20,0x84,0xBC,0x84,0x90,0x85,0x9E,0x86,0xE5,0x87,0x66,0x89,
  0x21,0x8B,0x16,0x8D,0x46,0x8F,0xAE,0x91,0x50,0x94,0x2B,0x97,0x3D,0x9A,0x85,0x9D,
  0x03,0xA1,0xB5,0xA4,0x99,0xA8,0xAD,0xAC,0xF1,0xB0,0x60,0xB5,0xFA,0xB9,0xBC,0xBE,
  0xA4,0xC3,0xAE,0xC8,0xD8,0xCD,0x20,0xD3,0x81,0xD8,0xFA,0xDD,0x87,0xE3,0x25,0xE9,
  0xD0,0xEE,0x85,0xF4,0x41,0xFA,0x00,0x00,0xBF,0x05,0x7B,0x0B,0x30,0x11,0xDB,0x16,
  0x79,0x1C,0x06,0x22,0x7F,0x27,0xE0,0x2C,0x28,0x32,0x52,0x37,0x5C,0x3C,0x44,0x41,
  0x06,0x46,0xA0,0x4A,0x0F,0x4F,0x53,0x53,0x67,0x57,0x4B,0x5B,0xFD,0x5E,0x7B,0x62,
  0xC3,0x65,0xD5,0x68,0xB0,0x6B,0x52,0x6E,0xBA,0x70,0xEA,0x72,0xDF,0x74,0x9A,0x76,
  0x1B,0x78,0x62,0x79,0x70,0x7A,0x44,0x7B,0xE0,0x7B,0x45,0x7C,0x73,0x7C,0x6C,0x7C,
  0x30,0x7C,0xC2,0x7B,0x23,0x7B,0x54,0x7A,0x57,0x79,0x2E,0x78,0xDA,0x76,0x5F,0x75,
  0xBC,0x73,0xF6,0x71,0x0D,0x70,0x04,0x6E,0xDE,0x6B,0x9B,0x69,0x3F,0x67,0xCA,0x64,
  0x41,0x62,0xA4,0x5F,0xF5,0x5C,0x37,0x5A,0x6B,0x57,0x94,0x54,0xB2,0x51,0xC9,0x4E,
  0xD8,0x4B,0xE2,0x48,0xE9,0x45,0xED,0x42,0xF0,0x3F,0xF3,0x3C,0xF6,0x39,0xFB,0x36,
  0x03,0x34,0x0E,0x31,0x1D,0x2E,0x30,0x2B,0x47,0x28,0x64,0x25,0x85,0x22,0xAB,0x1F,
  0xD6,0x1C,0x06,0x1A,0x3B,0x17,0x74,0x14,0xB1,0x11,0xF2,0x0E,0x36,0x0C,0x7C,0x09,
  0xC5,0x06,0x0F,0x04,0x5A,0x01,0xA6,0xFE,0xF1,0xFB,0x3B,0xF9,0x84,0xF6,0xCA,0xF3,
  0x0E,0xF1,0x4F,0xEE,0x8C,0xEB,0xC5,0xE8,0xFA,0xE5,0x2A,0xE3,0x55,0xE0,0x7B,0xDD,
  0x9C,0xDA,0xB9,0xD7,0xD0,0xD4,0xE3,0xD1,0xF2,0xCE,0xFD,0xCB,0x05,0xC9,0x0A,0xC6,
  0x0D,0xC3,0x10,0xC0,0x13,0xBD,0x17,0xBA,0x1E,0xB7,0x28,0xB4,0x37,0xB1,0x4E,0xAE,
  0x6C,0xAB,0x95,0xA8,0xC9,0xA5,0x0B,0xA3,0x5C,0xA0,0xBF,0x9D,0x36,0x9B,0xC1,0x98,
  0x65,0x96,0x22,0x94,0xFC,0x91,0xF3,0x8F,0x0A,0x8E,0x44,0x8C,0xA1,0x8A,0x26,0x89,
  0xD2,0x87,0xA9,0x86,0xAC,0x85,0xDD,0x84,0x3E,0x84,0xD0,0x83,0x94,0x83,0x8D,0x83,
  0xBB,0x83,0x20,0x84,0xBC,0x84,0x90,0x85,0x9E,0x86,0xE5,0x87,0x66,0x89,0x21,0x8B,
  0x16,0x8D,0x46,0x8F,0xAE,0x91,0x50,0x94,0x2B,0x97,0x3D,0x9A,0x85,0x9D,0x03,0xA1,
  0xB5,0xA4,0x99,0xA8,0xAD,0xAC,0xF1,0xB0,0x60,0xB5,0xFA,0xB9,0xBC,0xBE,0xA4,0xC3,
  0xAE,0xC8,0xD8,0xCD,0x20,0xD3,0x81,0xD8,0xFA,0xDD,0x87,0xE3,0x25,0xE9,0xD0,0xEE,
  0x85,0xF4,0x41,0xFA,0x00,0x00,0xBF,0x05,0x7B,0x0B,0x30,0x11,0xDB,0x16,0x79,0x1C,
  0x06,0x22,0x7F,0x27,0xE0,0x2C,0x28,0x32,0x52,0x37,0x5C,0x3C,0x44,0x41,0x06,0x46,
  0xA0,0x4A,0x0F,0x4F,0x53,0x53,0x67,0x57,0x4B,0x5B,0xFD,0x5E,0x7B,0x62,0xC3,0x65,
  0xD5,0x68,0xB0,0x6B,0x52,0x6E,0xBA,0x70,0xEA,0x72,0xDF,0x74,0x9A,0x76,0x1B,0x78,
  0x62,0x79,0x70,0x7A,0x44,0x7B,0xE0,0x7B,0x45,0x7C,0x73,0x7C,0x6C,0x7C,0x30,0x7C,
  0xC2,0x7B,0x23,0x7B,0x54,0x7A,0x57,0x79,0x2E,0x78,0xDA,0x76,0x5F,0x75,0xBC,0x73,
  0xF6,0x71,0x0D,0x70,0x04,0x6E,0xDE,0x6B,0x9B,0x69,0x3F,0x67,0xCA,0x64,0x41,0x62,
  0xA4,0x5F,0xF5,0x5C,0x37,0x5A,0x6B,0x57,0x94,0x54,0xB2,0x51,0xC9,0x4E,0xD8,0x4B,
  0xE2,0x48,0xE9,0x45,0xED,0x42,0xF0,0x3F,0xF3,0x3C,0xF6,0x39,0xFB,0x36,0x03,0x34,
  0x0E,0x31,0x1D,0x2E,0x30,0x2B,0x47,0x28,0x64,0x25,0x85,0x22,0xAB,0x1F,0xD6,0x1C,
  0x06,0x1A,0x3B,0x17,0x74,0x14,0xB1,0x11,0xF2,0x0E,0x36,0x0C,0x7C,0x09,0xC5,0x06,
  0x0F,0x04,0x5A,0x01,0xA6,0xFE,0xF1,0xFB,0x3B,0xF9,0x84,0xF6,0xCA,0xF3,0x0E,0xF1,
  0x4F,0xEE,0x8C,0xEB,0xC5,0xE8,0xFA,0xE5,0x2A,0xE3,0x55,0xE0,0x7B,0xDD,0x9C,0xDA,
  0xB9,0xD7,0xD0,0xD4,0xE3,0xD1,0xF2,0xCE,0xFD,0xCB,0x05,0xC9,0x0A,0xC6,0x0D,0xC3,
  0x10,0xC0,0x13,0xBD,0x17,0xBA,0x1E,0xB7,0x28,0xB4,0x37,0xB1,0x4E,0xAE,0x6C,0xAB,
  0x95,0xA8,0xC9,0xA5,0x0B,0xA3,0x5C,0xA0,0xBF,0x9D,0x36,0x9B,0xC1,0x98,0x65,0x96,
  0x22,0x94,0xFC,0x91,0xF3,0x8F,0x0A,0x8E,0x44,0x8C,0xA1,0x8A,0x26,0x89,0xD2,0x87,
  0xA9,0x86,0xAC,0x85,0xDD,0x84,0x3E,0x84,0xD0,0x83,0x94,0x83,0x8D,0x83,0xBB,0x83,
  0x20,0x84,0xBC,0x84,0x90,0x85,0x9E,0x86,0xE5,0x87,0x66,0x89,0x21,0x8B,0x16,0x8D,
  0x46,0x8F,0xAE,0x91,0x50,0x94,0x2B,0x97,0x3D,0x9A,0x85,0x9D,0x03,0xA1,0xB5,0xA4,
  0x99,0xA8,0xAD,0xAC,0xF1,0xB0,0x60,0xB5,0xFA,0xB9,0xBC,0xBE,0xA4,0xC3,0xAE,0xC8,
  0xD8,0xCD,0x20,0xD3,0x81,0xD8,0xFA,0xDD,0x87,0xE3,0x25,0xE9,0xD0,0xEE,0x85,0xF4,
  0x41,0xFA,0x00,0x00,0xBF,0x05,0x7B,0x0B,0x30,0x11,0xDB,0x16,0x79,0x1C,0x06,0x22,
  0x7F,0x27,0xE0,0x2C,0x28,0x32,0x52,0x37,0x5C,0x3C,0x44,0x41,0x06,0x46,0xA0,0x4A,
  0x0F,0x4F,0x53,0x53,0x67,0x57,0x4B,0x5B,0xFD,0x5E,0x7B,0x62,0xC3,0x65,0xD5,0x68,
  0xB0,0x6B,0x52,0x6E,0xBA,0x70,0xEA,0x72,0xDF,0x74,0x9A,0x76,0x1B,0x78,0x62,0x79,
  0x70,0x7A,0x44,0x7B,0xE0,0x7B,0x45,0x7C,0x73,0x7C,0x6C,0x7C,0x30,0x7C,0xC2,0x7B,
  0x23,0x7B,0x54,0x7A,0x57,0x79,0x2E,0x78,0xDA,0x76,0x5F,0x75,0xBC,0x73,0xF6,0x71,
  0x0D,0x70,0x04,0x6E,0xDE,0x6B,0x9B,0x69,0x3F,0x67,0xCA,0x64,0x41,0x62,0xA4,0x5F,
  0xF5,0x5C,0x37,0x5A,0x6B,0x57,0x94,0x54,0xB2,0x51,0xC9,0x4E,0xD8,0x4B,0xE2,0x48,
  0xE9,0x45,0xED,0x42,0xF0,0x3F,0xF3,0x3C,0xF6,0x39,0xFB,0x36,0x03,0x34,0x0E,0x31,
  0x1D,0x2E,0x30,0x2B,0x47,0x28,0x64,0x25,0x85,0x22,0xAB,0x1F,0xD6,0x1C,0x06,0x1A,
  0x3B,0x17,0x74,0x14,0xB1,0x11,0xF2,0x0E,0x36,0x0C,0x7C,0x09,0xC5,0x06,0x0F,0x04,
  0x5A,0x01,0xA6,0xFE,0xF1,0xFB,0x3B,0xF9,0x84,0xF6,0xCA,0xF3,0x0E,0xF1,0x4F,0xEE,
  0x8C,0xEB,0xC5,0xE8,0xFA,0xE5,0x2A,0xE3,0x55,0xE0,0x7B,0xDD,0x9C,0xDA,0xB9,0xD7,
  0xD0,0xD4,0xE3,0xD1,0xF2,0xCE,0xFD,0xCB,0x05,0xC9,0x0A,0xC6,0x0D,0xC3,0x10,0xC0,
  0x13,0xBD,0x17,0xBA,0x1E,0xB7,0x28,0xB4,0x37,0xB1,0x4E,0xAE,0x6C,0xAB,0x95,0xA8,
  0xC9,0xA5,0x0B,0xA3,0x5C,0xA0,0xBF,0x9D,0x36,0x9B,0xC1,0x98,0x65,0x96,0x22,0x94,
  0xFC,0x91,0xF3,0x8F,0x0A,0x8E,0x44,0x8C,0xA1,0x8A,0x26,0x89,0xD2,0x87,0xA9,0x86,
  0xAC,0x85,0xDD,0x84,0x3E,0x84,0xD0,0x83,0x94,0x83,0x8D,0x83,0xBB,0x83,0x20,0x84,
  0xBC,0x84,0x90,0x85,0x9E,0x86,0xE5,0x87,0x66,0x89,0x21,0x8B,0x16,0x8D,0x46,0x8F,
  0xAE,0x91,0x50,0x94,0x2B,0x97,0x3D,0x9A,0x85,0x9D,0x03,0xA1,0xB5,0xA4,0x99,0xA8,
  0xAD,0xAC,0xF1,0xB0,0x60,0xB5,0xFA,0xB9,0xBC,0xBE,0xA4,0xC3,0xAE,0xC8,0xD8,0xCD,
  0x20,0xD3,0x81,0xD8,0xFA,0xDD,0x87,0xE3,0x25,0xE9,0xD0,0xEE,0x85,0xF4,0x41,0xFA,
  0x00,0x00,0xBF,0x05,0x7B,0x0B,0x30,0x11,0xDB,0x16,0x79,0x1C,0x06,0x22,0x7F,0x27,
  0xE0,0x2C,0x28,0x32,0x52,0x37,0x5C,0x3C,0x44,0x41,0x06,0x46,0xA0,0x4A,0x0F,0x4F,
  0x53,0x53,0x67,0x57,0x4B,0x5B,0xFD,0x5E,0x7B,0x62,0xC3,0x65,0xD5,0x68,0xB0,0x6B,
  0x52,0x6E,0xBA,0x70,0xEA,0x72,0xDF,0x74,0x9A,0x76,0x1B,0x78,0x62,0x79,0x70,0x7A,
  0x44,0x7B,0xE0,0x7B,0x45,0x7C,0x73,0x7C,0x6C,0x7C,0x30,0x7C,0xC2,0x7B,0x23,0x7B,
  0x54,0x7A,0x57,0x79,0x2E,0x78,0xDA,0x76,0x5F,0x75,0xBC,0x73,0xF6,0x71,0x0D,0x70,
  0x04,0x6E,0xDE,0x6B,0x9B,0x69,0x3F,0x67,0xCA,0x64,0x41,0x62,0xA4,0x5F,0xF5,0x5C,
  0x37,0x5A,0x6B,0x57,0x94,0x54,0xB2,0x51,0xC9,0x4E,0xD8,0x4B,0xE2,0x48,0xE9,0x45,
  0xED,0x42,0xF0,0x3F,0xF3,0x3C,0xF6,0x39,0xFB,0x36,0x03,0x34,0x0E,0x31,0x1D,0x2E,
  0x30,0x2B,0x47,0x28,0x64,0x25,0x85,0x22,0xAB,0x1F,0xD6,0x1C,0x06,0x1A,0x3B,0x17,
  0x74,0x14,0xB1,0x11,0xF2,0x0E,0x36,0x0C,0x7C,0x09,0xC5,0x06,0x0F,0x04,0x5A,0x01,
  0xA6,0xFE,0xF1,0xFB,0x3B,0xF9,0x84,0xF6,0xCA,0xF3,0x0E,0xF1,0x4F,0xEE,0x8C,0xEB,
  0xC5,0xE8,0xFA,0xE5,0x2A,0xE3,0x55,0xE0,0x7B,0xDD,0x9C,0xDA,0xB9,0xD7,0xD0,0xD4,
  0xE3,0xD1,0xF2,0xCE,0xFD,0xCB,0x05,0xC9,0x0A,0xC6,0x0D,0xC3,0x10,0xC0,0x13,0xBD,
  0x17,0xBA,0x1E,0xB7,0x28,0xB4,0x37,0xB1,0x4E,0xAE,0x6C,0xAB,0x95,0xA8,0xC9,0xA5,
  0x0B,0xA3,0x5C,0xA0,0xBF,0x9D,0x36,0x9B,0xC1,0x98,0x65,0x96,0x22,0x94,0xFC,0x91,
  0xF3,0x8F,0x0A,0x8E,0x44,0x8C,0xA1,0x8A,0x26,0x89,0xD2,0x87,0xA9,0x86,0xAC,0x85,
  0xDD,0x84,0x3E,0x84,0xD0,0x83,0x94,0x83,0x8D,0x83,0xBB,0x83,0x20,0x84,0xBC,0x84,
  0x90,0x85,0x9E,0x86,0xE5,0x87,0x66,0x89,0x21,0x8B,0x16,0x8D,0x46,0x8F,0xAE,0x91,
  0x50,0x94,0x2B,0x97,0x3D,0x9A,0x85,0x9D,0x03,0xA1,0xB5,0xA4,0x99,0xA8,0xAD,0xAC,
  0xF1,0xB0,0x60,0xB5,0xFA,0xB9,0xBC,0xBE,0xA4,0xC3,0xAE,0xC8,0xD8,0xCD,0x20,0xD3,
  0x81,0xD8,0xFA,0xDD,0x87,0xE3,0x25,0xE9,0xD0,0xEE,0x85,0xF4,0x41,0xFA,0x00,0x00,
  0xBF,0x05,0x7B,0x0B,0x30,0x11,0xDB,0x16,0x79,0x1C,0x06,0x22,0x7F,0x27,0xE0,0x2C,
  0x28,0x32,0x52,0x37,0x5C,0x3C,0x44,0x41,0x06,0x46,0xA0,0x4A,0x0F,0x4F,0x53,0x53,
  0x67,0x57,0x4B,0x5B,0xFD,0x5E,0x7B,0x62,0xC3,0x65,0xD5,0x68,0xB0,0x6B,0x52,0x6E,
  0xBA,0x70,0xEA,0x72,0xDF,0x74,0x9A,0x76,0x1B,0x78,0x62,0x79,0x70,0x7A,0x44,0x7B,
  0xE0,0x7B,0x45,0x7C,0x73,0x7C,0x6C,0x7C,0x30,0x7C,0xC2,0x7B,0x23,0x7B,0x54,0x7A,
  0x57,0x79,0x2E,0x78,0xDA,0x76,0x5F,0x75,0xBC,0x73,0xF6,0x71,0x0D,0x70,0x04,0x6E,
  0xDE,0x6B,0x9B,0x69,0x3F,0x67,0xCA,0x64,0x41,0x62,0xA4,0x5F,0xF5,0x5C,0x37,0x5A,
  0x6B,0x57,0x94,0x54,0xB2,0x51,0xC9,0x4E,0xD8,0x4B,0xE2,0x48,0xE9,0x45,0xED,0x42,
  0xF0,0x3F,0xF3,0x3C,0xF6,0x39,0xFB,0x36,0x03,0x34,0x0E,0x31,0x1D,0x2E,0x30,0x2B,
  0x47,0x28,0x64,0x25,0x85,0x22,0xAB,0x1F,0xD6,0x1C,0x06,0x1A,0x3B,0x17,0x74,0x14,
  0xB1,0x11,0xF2,0x0E,0x36,0x0C,0x7C,0x09,0xC5,0x06,0x0F,0x04,0x5A,0x01,0xA6,0xFE,
  0xF1,0xFB,0x3B,0xF9,0x84,0xF6,0xCA,0xF3,0x0E,0xF1,0x4F,0xEE,0x8C,0xEB,0xC5,0xE8,
  0xFA,0xE5,0x2A,0xE3,0x55,0xE0,0x7B,0xDD,0x9C,0xDA,0xB9,0xD7,0xD0,0xD4,0xE3,0xD1,
  0xF2,0xCE,0xFD,0xCB,0x05,0xC9,0x0A,0xC6,0x0D,0xC3,0x10,0xC0,0x13,0xBD,0x17,0xBA,
  0x1E,0xB7,0x28,0xB4,0x37,0xB1,0x4E,0xAE,0x6C,0xAB,0x95,0xA8,0xC9,0xA5,0x0B,0xA3,
  0x5C,0xA0,0xBF,0x9D,0x36,0x9B,0xC1,0x98,0x65,0x96,0x22,0x94,0xFC,0x91,0xF3,0x8F,
  0x0A,0x8E,0x44,0x8C,0xA1,0x8A,0x26,0x89,0xD2,0x87,0xA9,0x86,0xAC,0x85,0xDD,0x84,
  0x3E,0x84,0xD0,0x83,0x94,0x83,0x8D,0x83,0xBB,0x83,0x20,0x84,0xBC,0x84,0x90,0x85,
  0x9E,0x86,0xE5,0x87,0x66,0x89,0x21,0x8B,0x16,0x8D,0x46,0x8F,0xAE,0x91,0x50,0x94,
  0x2B,0x97,0x3D,0x9A,0x85,0x9D,0x03,0xA1,0xB5,0xA4,0x99,0xA8,0xAD,0xAC,0xF1,0xB0,
  0x60,0xB5,0xFA,0xB9,0xBC,0xBE,0xA4,0xC3,0xAE,0xC8,0xD8,0xCD,0x20,0xD3,0x81,0xD8,
  0xFA,0xDD,0x87,0xE3,0x25,0xE9,0xD0,0xEE,0x85,0xF4,0x41,0xFA,0x00,0x00,0xBF,0x05,
  0x7B,0x0B,0x30,0x11,0xDB,0x16,0x79,0x1C,0x06,0x22,0x7F,0x27,0xE0,0x2C,0x28,0x32,
  0x52,0x37,0x5C,0x3C,0x44,0x41,0x06,0x46,0xA0,0x4A,0x0F,0x4F,0x53,0x53,0x67,0x57,
  0x4B,0x5B,0xFD,0x5E,0x7B,0x62,0xC3,0x65,0xD5,0x68,0xB0,0x6B,0x52,0x6E,0xBA,0x70,
  0xEA,0x72,0xDF,0x74,0x9A,0x76,0x1B,0x78,0x62,0x79,0x70,0x7A,0x44,0x7B,0xE0,0x7B,
  0x45,0x7C,0x73,0x7C,0x6C,0x7C,0x30,0x7C,0xC2,0x7B,0x23,0x7B,0x54,0x7A,0x57,0x79,
  0x2E,0x78,0xDA,0x76,0x5F,0x75,0xBC,0x73,0xF6,0x71,0x0D,0x70,0x04,0x6E,0xDE,0x6B,
  0x9B,0x69,0x3F,0x67,0xCA,0x64,0x41,0x62,0xA4,0x5F,0xF5,0x5C,0x37,0x5A,0x6B,0x57,
  0x94,0x54,0xB2,0x51,0xC9,0x4E,0xD8,0x4B,0xE2,0x48,0xE9,0x45,0xED,0x42,0xF0,0x3F,
  0xF3,0x3C,0xF6,0x39,0xFB,0x36,0x03,0x34,0x0E,0x31,0x1D,0x2E,0x30,0x2B,0x47,0x28,
  0x64,0x25,0x85,0x22,0xAB,0x1F,0xD6,0x1C,0x06,0x1A,0x3B,0x17,0x74,0x14,0xB1,0x11,
  0xF2,0x0E,0x36,0x0C,0x7C,0x09,0xC5,0x06,0x0F,0x04,0x5A,0x01,0xA6,0xFE,0xF1,0xFB,
  0x3B,0xF9,0x84,0xF6,0xCA,0xF3,0x0E,0xF1,0x4F,0xEE,0x8C,0xEB,0xC5,0xE8,0xFA,0xE5,
  0x2A,0xE3,0x55,0xE0,0x7B,0xDD,0x9C,0xDA,0xB9,0xD7,0xD0,0xD4,0xE3,0xD1,0xF2,0xCE,
  0xFD,0xCB,0x05,0xC9,0x0A,0xC6,0x0D,0xC3,0x10,0xC0,0x13,0xBD,0x17,0xBA,0x1E,0xB7,
  0x28,0xB4,0x37,0xB1,0x4E,0xAE,0x6C,0xAB,0x95,0xA8,0xC9,0xA5,0x0B,0xA3,0x5C,0xA0,
  0xBF,0x9D,0x36,0x9B,0xC1,0x98,0x65,0x96,0x22,0x94,0xFC,0x91,0xF3,0x8F,0x0A,0x8E,
  0x44,0x8C,0xA1,0x8A,0x26,0x89,0xD2,0x87,0xA9,0x86,0xAC,0x85,0xDD,0x84,0x3E,0x84,
  0xD0,0x83,0x94,0x83,0x8D,0x83,0xBB,0x83,0x20,0x84,0xBC,0x84,0x90,0x85,0x9E,0x86,
  0xE5,0x87,0x66,0x89,0x21,0x8B,0x16,0x8D,0x46,0x8F,0xAE,0x91,0x50,0x94,0x2B,0x97,
  0x3D,0x9A,0x85,0x9D,0x03,0xA1,0xB5,0xA4,0x99,0xA8,0xAD,0xAC,0xF1,0xB0,0x60,0xB5,
  0xFA,0xB9,0xBC,0xBE,0xA4,0xC3,0xAE,0xC8,0xD8,0xCD,0x20,0xD3,0x81,0xD8,0xFA,0xDD,
  0x87,0xE3,0x25,0xE9,0xD0,0xEE,0x85,0xF4,0x41,0xFA,0x00,0x00,0xBF,0x05,0x7B,0x0B,
  0x30,0x11,0xDB,0x16,0x79,0x1C,0x06,0x22,0x7F,0x27,0xE0,0x2C,0x28,0x32,0x52,0x37,
  0x5C,0x3C,0x44,0x41,0x06,0x46,0xA0,0x4A,0x0F,0x4F,0x53,0x53,0x67,0x57,0x4B,0x5B,
  0xFD,0x5E,0x7B,0x62,0xC3,0x65,0xD5,0x68,0xB0,0x6B,0x52,0x6E,0xBA,0x70,0xEA,0x72,
  0xDF,0x74,0x9A,0x76,0x1B,0x78,0x62,0x79,0x70,0x7A,0x44,0x7B,0xE0,0x7B,0x45,0x7C,
  0x73,0x7C,0x6C,0x7C,0x30,0x7C,0xC2,0x7B,0x23,0x7B,0x54,0x7A,0x57,0x79,0x2E,0x78,
  0xDA,0x76,0x5F,0x75,0xBC,0x73,0xF6,0x71,0x0D,0x70,0x04,0x6E,0xDE,0x6B,0x9B,0x69,
  0x3F,0x67,0xCA,0x64,0x41,0x62,0xA4,0x5F,0xF5,0x5C,0x37,0x5A,0x6B,0x57,0x94,0x54,
  0xB2,0x51,0xC9,0x4E,0xD8,0x4B,0xE2,0x48,0xE9,0x45,0xED,0x42,0xF0,0x3F,0xF3,0x3C,
  0xF6,0x39,0xFB,0x36,0x03,0x34,0x0E,0x31,0x1D,0x2E,0x30,0x2B,0x47,0x28,0x64,0x25,
  0x85,0x22,0xAB,0x1F,0xD6,0x1C,0x06,0x1A,0x3B,0x17,0x74,0x14,0xB1,0x11,0xF2,0x0E,
  0x36,0x0C,0x7C,0x09,0xC5,0x06,0x0F,0x04,0x5A,0x01,0xA6,0xFE,0xF1,0xFB,0x3B,0xF9,
  0x84,0xF6,0xCA,0xF3,0x0E,0xF1,0x4F,0xEE,0x8C,0xEB,0xC5,0xE8,0xFA,0xE5,0x2A,0xE3,
  0x55,0xE0,0x7B,0xDD,0x9C,0xDA,0xB9,0xD7,0xD0,0xD4,0xE3,0xD1,0xF2,0xCE,0xFD,0xCB,
  0x05,0xC9,0x0A,0xC6,0x0D,0xC3,0x10,0xC0,0x13,0xBD,0x17,0xBA,0x1E,0xB7,0x28,0xB4,
  0x37,0xB1,0x4E,0xAE,0x6C,0xAB,0x95,0xA8,0xC9,0xA5,0x0B,0xA3,0x5C,0xA0,0xBF,0x9D,
  0x36,0x9B,0xC1,0x98,0x65,0x96,0x22,0x94,0xFC,0x91,0xF3,0x8F,0x0A,0x8E,0x44,0x8C,
  0xA1,0x8A,0x26,0x89,0xD2,0x87,0xA9,0x86,0xAC,0x85,0xDD,0x84,0x3E,0x84,0xD0,0x83,
  0x94,0x83,0x8D,0x83,0xBB,0x83,0x20,0x84,0xBC,0x84,0x90,0x85,0x9E,0x86,0xE5,0x87,
  0x66,0x89,0x21,0x8B,0x16,0x8D,0x46,0x8F,0xAE,0x91,0x50,0x94,0x2B,0x97,0x3D,0x9A,
  0x85,0x9D,0x03,0xA1,0xB5,0xA4,0x99,0xA8,0xAD,0xAC,0xF1,0xB0,0x60,0xB5,0xFA,0xB9,
  0xBC,0xBE,0xA4,0xC3,0xAE,0xC8,0xD8,0xCD,0x20,0xD3,0x81,0xD8,0xFA,0xDD,0x87,0xE3,
  0x25,0xE9,0xD0,0xEE,0x85,0xF4,0x41,0xFA,0x00,0x00,0xBF,0x05,0x7B,0x0B,0x30,0x11,
  0xDB,0x16,0x79,0x1C,0x06,0x22,0x7F,0x27,0xE0,0x2C,0x28,0x32,0x52,0x37,0x5C,0x3C,
  0x44,0x41,0x06,0x46,0xA0,0x4A,0x0F,0x4F,0x53,0x53,0x67,0x57,0x4B,0x5B,0xFD,0x5E,
  0x7B,0x62,0xC3,0x65,0xD5,0x68,0xB0,0x6B,0x52,0x6E,0xBA,0x70,0xEA,0x72,0xDF,0x74,
  0x9A,0x76,0x1B,0x78,0x62,0x79,0x70,0x7A,0x44,0x7B,0xE0,0x7B,0x45,0x7C,0x73,0x7C,
  0x6C,0x7C,0x30,0x7C,0xC2,0x7B,0x23,0x7B,0x54,0x7A,0x57,0x79,0x2E,0x78,0xDA,0x76,
  0x5F,0x75,0xBC,0x73,0xF6,0x71,0x0D,0x70,0x04,0x6E,0xDE,0x6B,0x9B,0x69,0x3F,0x67,
  0xCA,0x64,0x41,0x62,0xA4,0x5F,0xF5,0x5C,0x37,0x5A,0x6B,0x57,0x94,0x54,0xB2,0x51,
  0xC9,0x4E,0xD8,0x4B,0xE2,0x48,0xE9,0x45,0xED,0x42,0xF0,0x3F,0xF3,0x3C,0xF6,0x39,
  0xFB,0x36,0x03,0x34,0x0E,0x31,0x1D,0x2E,0x30,0x2B,0x47,0x28,0x64,0x25,0x85,0x22,
  0xAB,0x1F,0xD6,0x1C,0x06,0x1A,0x3B,0x17,0x74,0x14,0xB1,0x11,0xF2,0x0E,0x36,0x0C,
  0x7C,0x09,0xC5,0x06,0x0F,0x04,0x5A,0x01,0xA6,0xFE,0xF1,0xFB,0x3B,0xF9,0x84,0xF6,
  0xCA,0xF3,0x0E,0xF1,0x4F,0xEE,0x8C,0xEB,0xC5,0xE8,0xFA,0xE5,0x2A,0xE3,0x55,0xE0,
  0x7B,0xDD,0x9C,0xDA,0xB9,0xD7,0xD0,0xD4,0xE3,0xD1,0xF2,0xCE,0xFD,0xCB,0x05,0xC9,
  0x0A,0xC6,0x0D,0xC3,0x10,0xC0,0x13,0xBD,0x17,0xBA,0x1E,0xB7,0x28,0xB4,0x37,0xB1,
  0x4E,0xAE,0x6C,0xAB,0x95,0xA8,0xC9,0xA5,0x0B,0xA3,0x5C,0xA0,0xBF,0x9D,0x36,0x9B,
  0xC1,0x98,0x65,0x96,0x22,0x94,0xFC,0x91,0xF3,0x8F,0x0A,0x8E,0x44,0x8C,0xA1,0x8A,
  0x26,0x89,0xD2,0x87,0xA9,0x86,0xAC,0x85,0xDD,0x84,0x3E,0x84,0xD0,0x83,0x94,0x83,
  0x8D,0x83,0xBB,0x83,0x20,0x84,0xBC,0x84,0x90,0x85,0x9E,0x86,0xE5,0x87,0x66,0x89,
  0x21,0x8B,0x16,0x8D,0x46,0x8F,0xAE,0x91,0x50,0x94,0x2B,0x97,0x3D,0x9A,0x85,0x9D,
  0x03,0xA1,0xB5,0xA4,0x99,0xA8,0xAD,0xAC,0xF1,0xB0,0x60,0xB5,0xFA,0xB9,0xBC,0xBE,
  0xA4,0xC3,0xAE,0xC8,0xD8,0xCD,0x20,0xD3,0x81,0xD8,0xFA,0xDD,0x87,0xE3,0x25,0xE9,
  0xD0,0xEE,0x85,0xF4,0x41,0xFA,0x00,0x00,0xBF,0x05,0x7B,0x0B,0x30,0x11,0xDB,0x16,
  0x79,0x1C,0x06,0x22,0x7F,0x27,0xE0,0x2C,0x28,0x32,0x52,0x37,0x5C,0x3C,0x44,0x41,
  0x06,0x46,0xA0,0x4A,0x0F,0x4F,0x53,0x53,0x67,0x57,0x4B,0x5B,0xFD,0x5E,0x7B,0x62,
  0xC3,0x65,0xD5,0x68,0xB0,0x6B,0x52,0x6E,0xBA,0x70,0xEA,0x72,0xDF,0x74,0x9A,0x76,
  0x1B,0x78,0x62,0x79,0x70,0x7A,0x44,0x7B,0xE0,0x7B,0x45,0x7C,0x73,0x7C,0x6C,0x7C,
  0x30,0x7C,0xC2,0x7B,0x23,0x7B,0x54,0x7A,0x57,0x79,0x2E,0x78,0xDA,0x76,0x5F,0x75,
  0xBC,0x73,0xF6,0x71,0x0D,0x70,0x04,0x6E,0xDE,0x6B,0x9B,0x69,0x3F,0x67,0xCA,0x64,
  0x41,0x62,0xA4,0x5F,0xF5,0x5C,0x37,0x5A,0x6B,0x57,0x94,0x54,0xB2,0x51,0xC9,0x4E,
  0xD8,0x4B,0xE2,0x48,0xE9,0x45,0xED,0x42,0xF0,0x3F,0xF3,0x3C,0xF6,0x39,0xFB,0x36,
  0x03,0x34,0x0E,0x31,0x1D,0x2E,0x30,0x2B,0x47,0x28,0x64,0x25,0x85,0x22,0xAB,0x1F,
  0xD6,0x1C,0x06,0x1A,0x3B,0x17,0x74,0x14,0xB1,0x11,0xF2,0x0E,0x36,0x0C,0x7C,0x09,
  0xC5,0x06,0x0F,0x04,0x5A,0x01,0xA6,0xFE,0xF1,0xFB,0x3B,0xF9,0x84,0xF6,0xCA,0xF3,
  0x0E,0xF1,0x4F,0xEE,0x8C,0xEB,0xC5,0xE8,0xFA,0xE5,0x2A,0xE3,0x55,0xE0,0x7B,0xDD,
  0x9C,0xDA,0xB9,0xD7,0xD0,0xD4,0xE3,0xD1,0xF2,0xCE,0xFD,0xCB,0x05,0xC9,0x0A,0xC6,
  0x0D,0xC3,0x10,0xC0,0x13,0xBD,0x17,0xBA,0x1E,0xB7,0x28,0xB4,0x37,0xB1,0x4E,0xAE,
  0x6C,0xAB,0x95,0xA8,0xC9,0xA5,0x0B,0xA3,0x5C,0xA0,0xBF,0x9D,0x36,0x9B,0xC1,0x98,
  0x65,0x96,0x22,0x94,0xFC,0x91,0xF3,0x8F,0x0A,0x8E,0x44,0x8C,0xA1,0x8A,0x26,0x89,
  0xD2,0x87,0xA9,0x86,0xAC,0x85,0xDD,0x84,0x3E,0x84,0xD0,0x83,0x94,0x83,0x8D,0x83,
  0xBB,0x83,0x20,0x84,0xBC,0x84,0x90,0x85,0x9E,0x86,0xE5,0x87,0x66,0x89,0x21,0x8B,
  0x16,0x8D,0x46,0x8F,0xAE,0x91,0x50,0x94,0x2B,0x97,0x3D,0x9A,0x85,0x9D,0x03,0xA1,
  0xB5,0xA4,0x99,0xA8,0xAD,0xAC,0xF1,0xB0,0x60,0xB5,0xFA,0xB9,0xBC,0xBE,0xA4,0xC3,
  0xAE,0xC8,0xD8,0xCD,0x20,0xD3,0x81,0xD8,0xFA,0xDD,0x87,0xE3,0x25,0xE9,0xD0,0xEE,
  0x85,0xF4,0x41,0xFA,0x00,0x00,0xBF,0x05,0x7B,0x0B,0x30,0x11,0xDB,0x16,0x79,0x1C,
  0x06,0x22,0x7F,0x27,0xE0,0x2C,0x28,0x32,0x52,0x37,0x5C,0x3C,0x44,0x41,0x06,0x46,
  0xA0,0x4A,0x0F,0x4F,0x53,0x53,0x67,0x57,0x4B,0x5B,0xFD,0x5E,0x7B,0x62,0xC3,0x65,
  0xD5,0x68,0xB0,0x6B,0x52,0x6E,0xBA,0x70,0xEA,0x72,0xDF,0x74,0x9A,0x76,0x1B,0x78,
  0x62,0x79,0x70,0x7A,0x44,0x7B,0xE0,0x7B,0x45,0x7C,0x73,0x7C,0x6C,0x7C,0x30,0x7C,
  0xC2,0x7B,0x23,0x7B,0x54,0x7A,0x57,0x79,0x2E,0x78,0xDA,0x76,0x5F,0x75,0xBC,0x73,
  0xF6,0x71,0x0D,0x70,0x04,0x6E,0xDE,0x6B,0x9B,0x69,0x3F,0x67,0xCA,0x64,0x41,0x62,
  0xA4,0x5F,0xF5,0x5C,0x37,0x5A,0x6B,0x57,0x94,0x54,0xB2,0x51,0xC9,0x4E,0xD8,0x4B,
  0xE2,0x48,0xE9,0x45,0xED,0x42,0xF0,0x3F,0xF3,0x3C,0xF6,0x39,0xFB,0x36,0x03,0x34,
  0x0E,0x31,0x1D,0x2E,0x30,0x2B,0x47,0x28,0x64,0x25,0x85,0x22,0xAB,0x1F,0xD6,0x1C,
  0x06,0x1A,0x3B,0x17,0x74,0x14,0xB1,0x11,0xF2,0x0E,0x36,0x0C,0x7C,0x09,0xC5,0x06,
  0x0F,0x04,0x5A,0x01,0xA6,0xFE,0xF1,0xFB,0x3B,0xF9,0x84,0xF6,0xCA,0xF3,0x0E,0xF1,
  0x4F,0xEE,0x8C,0xEB,0xC5,0xE8,0xFA,0xE5,0x2A,0xE3,0x55,0xE0,0x7B,0xDD,0x9C,0xDA,
  0xB9,0xD7,0xD0,0xD4,0xE3,0xD1,0xF2,0xCE,0xFD,0xCB,0x05,0xC9,0x0A,0xC6,0x0D,0xC3,
  0x10,0xC0,0x13,0xBD,0x17,0xBA,0x1E,0xB7,0x28,0xB4,0x37,0xB1,0x4E,0xAE,0x6C,0xAB,
  0x95,0xA8,0xC9,0xA5,0x0B,0xA3,0x5C,0xA0,0xBF,0x9D,0x36,0x9B,0xC1,0x98,0x65,0x96,
  0x22,0x94,0xFC,0x91,0xF3,0x8F,0x0A,0x8E,0x44,0x8C,0xA1,0x8A,0x26,0x89,0xD2,0x87,
  0xA9,0x86,0xAC,0x85,0xDD,0x84,0x3E,0x84,0xD0,0x83,0x94,0x83,0x8D,0x83,0xBB,0x83,
  0x20,0x84,0xBC,0x84,0x90,0x85,0x9E,0x86,0xE5,0x87,0x66,0x89,0x21,0x8B,0x16,0x8D,
  0x46,0x8F,0xAE,0x91,0x50,0x94,0x2B,0x97,0x3D,0x9A,0x85,0x9D,0x03,0xA1,0xB5,0xA4,
  0x99,0xA8,0xAD,0xAC,0xF1,0xB0,0x60,0xB5,0xFA,0xB9,0xBC,0xBE,0xA4,0xC3,0xAE,0xC8,
  0xD8,0xCD,0x20,0xD3,0x81,0xD8,0xFA,0xDD,0x87,0xE3,0x25,0xE9,0xD0,0xEE,0x85,0xF4,
  0x41,0xFA,0x00,0x00,0xBF,0x05,0x7B,0x0B,0x30,0x11,0xDB,0x16,0x79,0x1C,0x06,0x22,
  0x7F,0x27,0xE0,0x2C,0x28,0x32,0x52,0x37,0x5C,0x3C,0x44,0x41,0x06,0x46,0xA0,0x4A,
  0x0F,0x4F,0x53,0x53,0x67,0x57,0x4B,0x5B,0xFD,0x5E,0x7B,0x62,0xC3,0x65,0xD5,0x68,
  0xB0,0x6B,0x52,0x6E,0xBA,0x70,0xEA,0x72,0xDF,0x74,0x9A,0x76,0x1B,0x78,0x62,0x79,
  0x70,0x7A,0x44,0x7B,0xE0,0x7B,0x45,0x7C,0x73,0x7C,0x6C,0x7C,0x30,0x7C,0xC2,0x7B,
  0x23,0x7B,0x54,0x7A,0x57,0x79,0x2E,0x78,0xDA,0x76,0x5F,0x75,0xBC,0x73,0xF6,0x71,
  0x0D,0x70,0x04,0x6E,0xDE,0x6B,0x9B,0x69,0x3F,0x67,0xCA,0x64,0x41,0x62,0xA4,0x5F,
  0xF5,0x5C,0x37,0x5A,0x6B,0x57,0x94,0x54,0xB2,0x51,0xC9,0x4E,0xD8,0x4B,0xE2,0x48,
  0xE9,0x45,0xED,0x42,0xF0,0x3F,0xF3,0x3C,0xF6,0x39,0xFB,0x36,0x03,0x34,0x0E,0x31,
  0x1D,0x2E,0x30,0x2B,0x47,0x28,0x64,0x25,0x85,0x22,0xAB,0x1F,0xD6,0x1C,0x06,0x1A,
  0x3B,0x17,0x74,0x14,0xB1,0x11,0xF2,0x0E,0x36,0x0C,0x7C,0x09,0xC5,0x06,0x0F,0x04,
  0x5A,0x01,0xA6,0xFE,0xF1,0xFB,0x3B,0xF9,0x84,0xF6,0xCA,0xF3,0x0E,0xF1,0x4F,0xEE,
  0x8C,0xEB,0xC5,0xE8,0xFA,0xE5,0x2A,0xE3,0x55,0xE0,0x7B,0xDD,0x9C,0xDA,0xB9,0xD7,
  0xD0,0xD4,0xE3,0xD1,0xF2,0xCE,0xFD,0xCB,0x05,0xC9,0x0A,0xC6,0x0D,0xC3,0x10,0xC0,
  0x13,0xBD,0x17,0xBA,0x1E,0xB7,0x28,0xB4,0x37,0xB1,0x4E,0xAE,0x6C,0xAB,0x95,0xA8,
  0xC9,0xA5,0x0B,0xA3,0x5C,0xA0,0xBF,0x9D,0x36,0x9B,0xC1,0x98,0x65,0x96,0x22,0x94,
  0xFC,0x91,0xF3,0x8F,0x0A,0x8E,0x44,0x8C,0xA1,0x8A,0x26,0x89,0xD2,0x87,0xA9,0x86,
  0xAC,0x85,0xDD,0x84,0x3E,0x84,0xD0,0x83,0x94,0x83,0x8D,0x83,0xBB,0x83,0x20,0x84,
  0xBC,0x84,0x90,0x85,0x9E,0x86,0xE5,0x87,0x66,0x89,0x21,0x8B,0x16,0x8D,0x46,0x8F,
  0xAE,0x91,0x50,0x94,0x2B,0x97,0x3D,0x9A,0x85,0x9D,0x03,0xA1,0xB5,0xA4,0x99,0xA8,
  0xAD,0xAC,0xF1,0xB0,0x60,0xB5,0xFA,0xB9,0xBC,0xBE,0xA4,0xC3,0xAE,0xC8,0xD8,0xCD,
  0x20,0xD3,0x81,0xD8,0xFA,0xDD,0x87,0xE3,0x25,0xE9,0xD0,0xEE,0x85,0xF4,0x41,0xFA,
  0x00,0x00,0xBF,0x05,0x7B,0x0B,0x30,0x11,0xDB,0x16,0x79,0x1C,0x06,0x22,0x7F,0x27,
  0xE0,0x2C,0x28,0x32,0x52,0x37,0x5C,0x3C,0x44,0x41,0x06,0x46,0xA0,0x4A,0x0F,0x4F,
  0x53,0x53,0x67,0x57,0x4B,0x5B,0xFD,0x5E,0x7B,0x62,0xC3,0x65,0xD5,0x68,0xB0,0x6B,
  0x52,0x6E,0xBA,0x70,0xEA,0x72,0xDF,0x74,0x9A,0x76,0x1B,0x78,0x62,0x79,0x70,0x7A,
  0x44,0x7B,0xE0,0x7B,0x45,0x7C,0x73,0x7C,0x6C,0x7C,0x30,0x7C,0xC2,0x7B,0x23,0x7B,
  0x54,0x7A,0x57,0x79,0x2E,0x78,0xDA,0x76,0x5F,0x75,0xBC,0x73,0xF6,0x71,0x0D,0x70,
  0x04,0x6E,0xDE,0x6B,0x9B,0x69,0x3F,0x67,0xCA,0x64,0x41,0x62,0xA4,0x5F,0xF5,0x5C,
  0x37,0x5A,0x6B,0x57,0x94,0x54,0xB2,0x51,0xC9,0x4E,0xD8,0x4B,0xE2,0x48,0xE9,0x45,
  0xED,0x42,0xF0,0x3F,0xF3,0x3C,0xF6,0x39,0xFB,0x36,0x03,0x34,0x0E,0x31,0x1D,0x2E,
  0x30,0x2B,0x47,0x28,0x64,0x25,0x85,0x22,0xAB,0x1F,0xD6,0x1C,0x06,0x1A,0x3B,0x17,
  0x74,0x14,0xB1,0x11,0xF2,0x0E,0x36,0x0C,0x7C,0x09,0xC5,0x06,0x0F,0x04,0x5A,0x01,
  0xA6,0xFE,0xF1,0xFB,0x3B,0xF9,0x84,0xF6,0xCA,0xF3,0x0E,0xF1,0x4F,0xEE,0x8C,0xEB,
  0xC5,0xE8,0xFA,0xE5,0x2A,0xE3,0x55,0xE0,0x7B,0xDD,0x9C,0xDA,0xB9,0xD7,0xD0,0xD4,
  0xE3,0xD1,0xF2,0xCE,0xFD,0xCB,0x05,0xC9,0x0A,0xC6,0x0D,0xC3,0x10,0xC0,0x13,0xBD,
  0x17,0xBA,0x1E,0xB7,0x28,0xB4,0x37,0xB1,0x4E,0xAE,0x6C,0xAB,0x95,0xA8,0xC9,0xA5,
  0x0B,0xA3,0x5C,0xA0,0xBF,0x9D,0x36,0x9B,0xC1,0x98,0x65,0x96,0x22,0x94,0xFC,0x91,
  0xF3,0x8F,0x0A,0x8E,0x44,0x8C,0xA1,0x8A,0x26,0x89,0xD2,0x87,0xA9,0x86,0xAC,0x85,
  0xDD,0x84,0x3E,0x84,0xD0,0x83,0x94,0x83,0x8D,0x83,0xBB,0x83,0x20,0x84,0xBC,0x84,
  0x90,0x85,0x9E,0x86,0xE5,0x87,0x66,0x89,0x21,0x8B,0x16,0x8D,0x46,0x8F,0xAE,0x91,
  0x50,0x94,0x2B,0x97,0x3D,0x9A,0x85,0x9D,0x03,0xA1,0xB5,0xA4,0x99,0xA8,0xAD,0xAC,
  0xF1,0xB0,0x60,0xB5,0xFA,0xB9,0xBC,0xBE,0xA4,0xC3,0xAE,0xC8,0xD8,0xCD,0x20,0xD3,
  0x81,0xD8,0xFA,0xDD,0x87,0xE3,0x25,0xE9,0xD0,0xEE,0x85,0xF4,0x41,0xFA,0x00,0x00,
  0xBF,0x05,0x7B,0x0B,0x30,0x11,0xDB,0x16,0x79,0x1C,0x06,0x22,0x7F,0x27,0xE0,0x2C,
  0x28,0x32,0x52,0x37,0x5C,0x3C,0x44,0x41,0x06,0x46,0xA0,0x4A,0x0F,0x4F,0x53,0x53,
  0x67,0x57,0x4B,0x5B,0xFD,0x5E,0x7B,0x62,0xC3,0x65,0xD5,0x68,0xB0,0x6B,0x52,0x6E,
  0xBA,0x70,0xEA,0x72,0xDF,0x74,0x9A,0x76,0x1B,0x78,0x62,0x79,0x70,0x7A,0x44,0x7B,
  0xE0,0x7B,0x45,0x7C,0x73,0x7C,0x6C,0x7C,0x30,0x7C,0xC2,0x7B,0x23,0x7B,0x54,0x7A,
  0x57,0x79,0x2E,0x78,0xDA,0x76,0x5F,0x75,0xBC,0x73,0xF6,0x71,0x0D,0x70,0x04,0x6E,
  0xDE,0x6B,0x9B,0x69,0x3F,0x67,0xCA,0x64,0x41,0x62,0xA4,0x5F,0xF5,0x5C,0x37,0x5A,
  0x6B,0x57,0x94,0x54,0xB2,0x51,0xC9,0x4E,0xD8,0x4B,0xE2,0x48,0xE9,0x45,0xED,0x42,
  0xF0,0x3F,0xF3,0x3C,0xF6,0x39,0xFB,0x36,0x03,0x34,0x0E,0x31,0x1D,0x2E,0x30,0x2B,
  0x47,0x28,0x64,0x25,0x85,0x22,0xAB,0x1F,0xD6,0x1C,0x06,0x1A,0x3B,0x17,0x74,0x14,
  0xB1,0x11,0xF2,0x0E,0x36,0x0C,0x7C,0x09,0xC5,0x06,0x0F,0x04,0x5A,0x01,0xA6,0xFE,
  0xF1,0xFB,0x3B,0xF9,0x84,0xF6,0xCA,0xF3,0x0E,0xF1,0x4F,0xEE,0x8C,0xEB,0xC5,0xE8,
  0xFA,0xE5,0x2A,0xE3,0x55,0xE0,0x7B,0xDD,0x9C,0xDA,0xB9,0xD7,0xD0,0xD4,0xE3,0xD1,
  0xF2,0xCE,0xFD,0xCB,0x05,0xC9,0x0A,0xC6,0x0D,0xC3,0x10,0xC0,0x13,0xBD,0x17,0xBA,
  0x1E,0xB7,0x28,0xB4,0x37,0xB1,0x4E,0xAE,0x6C,0xAB,0x95,0xA8,0xC9,0xA5,0x0B,0xA3,
  0x5C,0xA0,0xBF,0x9D,0x36,0x9B,0xC1,0x98,0x65,0x96,0x22,0x94,0xFC,0x91,0xF3,0x8F,
  0x0A,0x8E,0x44,0x8C,0xA1,0x8A,0x26,0x89,0xD2,0x87,0xA9,0x86,0xAC,0x85,0xDD,0x84,
  0x3E,0x84,0xD0,0x83,0x94,0x83,0x8D,0x83,0xBB,0x83,0x20,0x84,0xBC,0x84,0x90,0x85,
  0x9E,0x86,0xE5,0x87,0x66,0x89,0x21,0x8B,0x16,0x8D,0x46,0x8F,0xAE,0x91,0x50,0x94,
  0x2B,0x97,0x3D,0x9A,0x85,0x9D,0x03,0xA1,0xB5,0xA4,0x99,0xA8,0xAD,0xAC,0xF1,0xB0,
  0x60,0xB5,0xFA,0xB9,0xBC,0xBE,0xA4,0xC3,0xAE,0xC8,0xD8,0xCD,0x20,0xD3,0x81,0xD8,
  0xFA,0xDD,0x87,0xE3,0x25,0xE9,0xD0,0xEE,0x85,0xF4,0x41,0xFA,0x00,0x00,0xBF,0x05,
  0x7B,0x0B,0x30,0x11,0xDB,0x16,0x79,0x1C,0x06,0x22,0x7F,0x27,0xE0,0x2C,0x28,0x32,
  0x52,0x37,0x5C,0x3C,0x44,0x41,0x06,0x46,0xA0,0x4A,0x0F,0x4F,0x53,0x53,0x67,0x57,
  0x4B,0x5B,0xFD,0x5E,0x7B,0x62,0xC3,0x65,0xD5,0x68,0xB0,0x6B,0x52,0x6E,0xBA,0x70,
  0xEA,0x72,0xDF,0x74,0x9A,0x76,0x1B,0x78,0x62,0x79,0x70,0x7A,0x44,0x7B,0xE0,0x7B,
  0x45,0x7C,0x73,0x7C,0x6C,0x7C,0x30,0x7C,0xC2,0x7B,0x23,0x7B,0x54,0x7A,0x57,0x79,
  0x2E,0x78,0xDA,0x76,0x5F,0x75,0xBC,0x73,0xF6,0x71,0x0D,0x70,0x04,0x6E,0xDE,0x6B,
  0x9B,0x69,0x3F,0x67,0xCA,0x64,0x41,0x62,0xA4,0x5F,0xF5,0x5C,0x37,0x5A,0x6B,0x57,
  0x94,0x54,0xB2,0x51,0xC9,0x4E,0xD8,0x4B,0xE2,0x48,0xE9,0x45,0xED,0x42,0xF0,0x3F,
  0xF3,0x3C,0xF6,0x39,0xFB,0x36,0x03,0x34,0x0E,0x31,0x1D,0x2E,0x30,0x2B,0x47,0x28,
  0x64,0x25,0x85,0x22,0xAB,0x1F,0xD6,0x1C,0x06,0x1A,0x3B,0x17,0x74,0x14,0xB1,0x11,
  0xF2,0x0E,0x36,0x0C,0x7C,0x09,0xC5,0x06,0x0F,0x04,0x5A,0x01,0xA6,0xFE,0xF1,0xFB,
  0x3B,0xF9,0x84,0xF6,0xCA,0xF3,0x0E,0xF1,0x4F,0xEE,0x8C,0xEB,0xC5,0xE8,0xFA,0xE5,
  0x2A,0xE3,0x55,0xE0,0x7B,0xDD,0x9C,0xDA,0xB9,0xD7,0xD0,0xD4,0xE3,0xD1,0xF2,0xCE,
  0xFD,0xCB,0x05,0xC9,0x0A,0xC6,0x0D,0xC3,0x10,0xC0,0x13,0xBD,0x17,0xBA,0x1E,0xB7,
  0x28,0xB4,0x37,0xB1,0x4E,0xAE,0x6C,0xAB,0x95,0xA8,0xC9,0xA5,0x0B,0xA3,0x5C,0xA0,
  0xBF,0x9D,0x36,0x9B,0xC1,0x98,0x65,0x96,0x22,0x94,0xFC,0x91,0xF3,0x8F,0x0A,0x8E,
  0x44,0x8C,0xA1,0x8A,0x26,0x89,0xD2,0x87,0xA9,0x86,0xAC,0x85,0xDD,0x84,0x3E,0x84,
  0xD0,0x83,0x94,0x83,0x8D,0x83,0xBB,0x83,0x20,0x84,0xBC,0x84,0x90,0x85,0x9E,0x86,
  0xE5,0x87,0x66,0x89,0x21,0x8B,0x16,0x8D,0x46,0x8F,0xAE,0x91,0x50,0x94,0x2B,0x97,
  0x3D,0x9A,0x85,0x9D,0x03,0xA1,0xB5,0xA4,0x99,0xA8,0xAD,0xAC,0xF1,0xB0,0x60,0xB5,
  0xFA,0xB9,0xBC,0xBE,0xA4,0xC3,0xAE,0xC8,0xD8,0xCD,0x20,0xD3,0x81,0xD8,0xFA,0xDD,
  0x87,0xE3,0x25,0xE9,0xD0,0xEE,0x85,0xF4,0x41,0xFA,0x00,0x00,0xBF,0x05,0x7B,0x0B,
  0x30,0x11,0xDB,0x16,0x79,0x1C,0x06,0x22,0x7F,0x27,0xE0,0x2C,0x28,0x32,0x52,0x37,
  0x5C,0x3C,0x44,0x41,0x06,0x46,0xA0,0x4A,0x0F,0x4F,0x53,0x53,0x67,0x57,0x4B,0x5B,
  0xFD,0x5E,0x7B,0x62,0xC3,0x65,0xD5,0x68,0xB0,0x6B,0x52,0x6E,0xBA,0x70,0xEA,0x72,
  0xDF,0x74,0x9A,0x76,0x1B,0x78,0x62,0x79,0x70,0x7A,0x44,0x7B,0xE0,0x7B,0x45,0x7C,
  0x73,0x7C,0x6C,0x7C,0x30,0x7C,0xC2,0x7B,0x23,0x7B,0x54,0x7A,0x57,0x79,0x2E,0x78,
  0xDA,0x76,0x5F,0x75,0xBC,0x73,0xF6,0x71,0x0D,0x70,0x04,0x6E,0xDE,0x6B,0x9B,0x69,
  0x3F,0x67,0xCA,0x64,0x41,0x62,0xA4,0x5F,0xF5,0x5C,0x37,0x5A,0x6B,0x57,0x94,0x54,
  0xB2,0x51,0xC9,0x4E,0xD8,0x4B,0xE2,0x48,0xE9,0x45,0xED,0x42,0xF0,0x3F,0xF3,0x3C,
  0xF6,0x39,0xFB,0x36,0x03,0x34,0x0E,0x31,0x1D,0x2E,0x30,0x2B,0x47,0x28,0x64,0x25,
  0x85,0x22,0xAB,0x1F,0xD6,0x1C,0x06,0x1A,0x3B,0x17,0x74,0x14,0xB1,0x11,0xF2,0x0E,
  0x36,0x0C,0x7C,0x09,0xC5,0x06,0x0F,0x04,0x5A,0x01,0xA6,0xFE,0xF1,0xFB,0x3B,0xF9,
  0x84,0xF6,0xCA,0xF3,0x0E,0xF1,0x4F,0xEE,0x8C,0xEB,0xC5,0xE8,0xFA,0xE5,0x2A,0xE3,
  0x55,0xE0,0x7B,0xDD,0x9C,0xDA,0xB9,0xD7,0xD0,0xD4,0xE3,0xD1,0xF2,0xCE,0xFD,0xCB,
  0x05,0xC9,0x0A,0xC6,0x0D,0xC3,0x10,0xC0,0x13,0xBD,0x17,0xBA,0x1E,0xB7,0x28,0xB4,
  0x37,0xB1,0x4E,0xAE,0x6C,0xAB,0x95,0xA8,0xC9,0xA5,0x0B,0xA3,0x5C,0xA0,0xBF,0x9D,
  0x36,0x9B,0xC1,0x98,0x65,0x96,0x22,0x94,0xFC,0x91,0xF3,0x8F,0x0A,0x8E,0x44,0x8C,
  0xA1,0x8A,0x26,0x89,0xD2,0x87,0xA9,0x86,0xAC,0x85,0xDD,0x84,0x3E,0x84,0xD0,0x83,
  0x94,0x83,0x8D,0x83,0xBB,0x83,0x20,0x84,0xBC,0x84,0x90,0x85,0x9E,0x86,0xE5,0x87,
  0x66,0x89,0x21,0x8B,0x16,0x8D,0x46,0x8F,0xAE,0x91,0x50,0x94,0x2B,0x97,0x3D,0x9A,
  0x85,0x9D,0x03,0xA1,0xB5,0xA4,0x99,0xA8,0xAD,0xAC,0xF1,0xB0,0x60,0xB5,0xFA,0xB9,
  0xBC,0xBE,0xA4,0xC3,0xAE,0xC8,0xD8,0xCD,0x20,0xD3,0x81,0xD8,0xFA,0xDD,0x87,0xE3,
  0x25,0xE9,0xD0,0xEE,0x85,0xF4,0x41,0xFA,0x00,0x00,0xBF,0x05,0x7B,0x0B,0x30,0x11,
  0xDB,0x16,0x79,0x1C,0x06,0x22,0x7F,0x27,0xE0,0x2C,0x28,0x32,0x52,0x37,0x5C,0x3C,
  0x44,0x41,0x06,0x46,0xA0,0x4A,0x0F,0x4F,0x53,0x53,0x67,0x57,0x4B,0x5B,0xFD,0x5E,
  0x7B,0x62,0xC3,0x65,0xD5,0x68,0xB0,0x6B,0x52,0x6E,0xBA,0x70,0xEA,0x72,0xDF,0x74,
  0x9A,0x76,0x1B,0x78,0x62,0x79,0x70,0x7A,0x44,0x7B,0xE0,0x7B,0x45,0x7C,0x73,0x7C,
  0x6C,0x7C,0x30,0x7C,0xC2,0x7B,0x23,0x7B,0x54,0x7A,0x57,0x79,0x2E,0x78,0xDA,0x76,
  0x5F,0x75,0xBC,0x73,0xF6,0x71,0x0D,0x70,0x04,0x6E,0xDE,0x6B,0x9B,0x69,0x3F,0x67,
  0xCA,0x64,0x41,0x62,0xA4,0x5F,0xF5,0x5C,0x37,0x5A,0x6B,0x57,0x94,0x54,0xB2,0x51,
  0xC9,0x4E,0xD8,0x4B,0xE2,0x48,0xE9,0x45,0xED,0x42,0xF0,0x3F,0xF3,0x3C,0xF6,0x39,
  0xFB,0x36,0x03,0x34,0x0E,0x31,0x1D,0x2E,0x30,0x2B,0x47,0x28,0x64,0x25,0x85,0x22,
  0xAB,0x1F,0xD6,0x1C,0x06,0x1A,0x3B,0x17,0x74,0x14,0xB1,0x11,0xF2,0x0E,0x36,0x0C,
  0x7C,0x09,0xC5,0x06,0x0F,0x04,0x5A,0x01,0xA6,0xFE,0xF1,0xFB,0x3B,0xF9,0x84,0xF6,
  0xCA,0xF3,0x0E,0xF1,0x4F,0xEE,0x8C,0xEB,0xC5,0xE8,0xFA,0xE5,0x2A,0xE3,0x55,0xE0,
  0x7B,0xDD,0x9C,0xDA,0xB9,0xD7,0xD0,0xD4,0xE3,0xD1,0xF2,0xCE,0xFD,0xCB,0x05,0xC9,
  0x0A,0xC6,0x0D,0xC3,0x10,0xC0,0x13,0xBD,0x17,0xBA,0x1E,0xB7,0x28,0xB4,0x37,0xB1,
  0x4E,0xAE,0x6C,0xAB,0x95,0xA8,0xC9,0xA5,0x0B,0xA3,0x5C,0xA0,0xBF,0x9D,0x36,0x9B,
  0xC1,0x98,0x65,0x96,0x22,0x94,0xFC,0x91,0xF3,0x8F,0x0A,0x8E,0x44,0x8C,0xA1,0x8A,
  0x26,0x89,0xD2,0x87,0xA9,0x86,0xAC,0x85,0xDD,0x84,0x3E,0x84,0xD0,0x83,0x94,0x83,
  0x8D,0x83,0xBB,0x83,0x20,0x84,0xBC,0x84,0x90,0x85,0x9E,0x86,0xE5,0x87,0x66,0x89,
  0x21,0x8B,0x16,0x8D,0x46,0x8F,0xAE,0x91,0x50,0x94,0x2B,0x97,0x3D,0x9A,0x85,0x9D,
  0x03,0xA1,0xB5,0xA4,0x99,0xA8,0xAD,0xAC,0xF1,0xB0,0x60,0xB5,0xFA,0xB9,0xBC,0xBE,
  0xA4,0xC3,0xAE,0xC8,0xD8,0xCD,0x20,0xD3,0x81,0xD8,0xFA,0xDD,0x87,0xE3,0x25,0xE9,
  0xD0,0xEE,0x85,0xF4,0x41,0xFA,0x00,0x00,0xBF,0x05,0x7B,0x0B,0x30,0x11,0xDB,0x16,
  0x79,0x1C,0x06,0x22,0x7F,0x27,0xE0,0x2C,0x28,0x32,0x52,0x37,0x5C,0x3C,0x44,0x41,
  0x06,0x46,0xA0,0x4A,0x0F,0x4F,0x53,0x53,0x67,0x57,0x4B,0x5B,0xFD,0x5E,0x7B,0x62,
  0xC3,0x65,0xD5,0x68,0xB0,0x6B,0x52,0x6E,0xBA,0x70,0xEA,0x72,0xDF,0x74,0x9A,0x76,
  0x1B,0x78,0x62,0x79,0x70,0x7A,0x44,0x7B,0xE0,0x7B,0x45,0x7C,0x73,0x7C,0x6C,0x7C,
  0x30,0x7C,0xC2,0x7B,0x23,0x7B,0x54,0x7A,0x57,0x79,0x2E,0x78,0xDA,0x76,0x5F,0x75,
  0xBC,0x73,0xF6,0x71,0x0D,0x70,0x04,0x6E,0xDE,0x6B,0x9B,0x69,0x3F,0x67,0xCA,0x64,
  0x41,0x62,0xA4,0x5F,0xF5,0x5C,0x37,0x5A,0x6B,0x57,0x94,0x54,0xB2,0x51,0xC9,0x4E,
  0xD8,0x4B,0xE2,0x48,0xE9,0x45,0xED,0x42,0xF0,0x3F,0xF3,0x3C,0xF6,0x39,0xFB,0x36,
  0x03,0x34,0x0E,0x31,0x1D,0x2E,0x30,0x2B,0x47,0x28,0x64,0x25,0x85,0x22,0xAB,0x1F,
  0xD6,0x1C,0x06,0x1A,0x3B,0x17,0x74,0x14,0xB1,0x11,0xF2,0x0E,0x36,0x0C,0x7C,0x09,
  0xC5,0x06,0x0F,0x04,0x5A,0x01,0xA6,0xFE,0xF1,0xFB,0x3B,0xF9,0x84,0xF6,0xCA,0xF3,
  0x0E,0xF1,0x4F,0xEE,0x8C,0xEB,0xC5,0xE8,0xFA,0xE5,0x2A,0xE3,0x55,0xE0,0x7B,0xDD,
  0x9C,0xDA,0xB9,0xD7,0xD0,0xD4,0xE3,0xD1,0xF2,0xCE,0xFD,0xCB,0x05,0xC9,0x0A,0xC6,
  0x0D,0xC3,0x10,0xC0,0x13,0xBD,0x17,0xBA,0x1E,0xB7,0x28,0xB4,0x37,0xB1,0x4E,0xAE,
  0x6C,0xAB,0x95,0xA8,0xC9,0xA5,0x0B,0xA3,0x5C,0xA0,0xBF,0x9D,0x36,0x9B,0xC1,0x98,
  0x65,0x96,0x22,0x94,0xFC,0x91,0xF3,0x8F,0x0A,0x8E,0x44,0x8C,0xA1,0x8A,0x26,0x89,
  0xD2,0x87,0xA9,0x86,0xAC,0x85,0xDD,0x84,0x3E,0x84,0xD0,0x83,0x94,0x83,0x8D,0x83,
  0xBB,0x83,0x20,0x84,0xBC,0x84,0x90,0x85,0x9E,0x86,0xE5,0x87,0x66,0x89,0x21,0x8B,
  0x16,0x8D,0x46,0x8F,0xAE,0x91,0x50,0x94,0x2B,0x97,0x3D,0x9A,0x85,0x9D,0x03,0xA1,
  0xB5,0xA4,0x99,0xA8,0xAD,0xAC,0xF1,0xB0,0x60,0xB5,0xFA,0xB9,0xBC,0xBE,0xA4,0xC3,
  0xAE,0xC8,0xD8,0xCD,0x20,0xD3,0x81,0xD8,0xFA,0xDD,0x87,0xE3,0x25,0xE9,0xD0,0xEE,
  0x85,0xF4,0x41,0xFA,0x00,0x00,0xBF,0x05,0x7B,0x0B,0x30,0x11,0xDB,0x16,0x79,0x1C,
  0x06,0x22,0x7F,0x27,0xE0,0x2C,0x28,0x32,0x52,0x37,0x5C,0x3C,0x44,0x41,0x06,0x46,
  0xA0,0x4A,0x0F,0x4F,0x53,0x53,0x67,0x57,0x4B,0x5B,0xFD,0x5E,0x7B,0x62,0xC3,0x65,
  0xD5,0x68,0xB0,0x6B,0x52,0x6E,0xBA,0x70,0xEA,0x72,0xDF,0x74,0x9A,0x76,0x1B,0x78,
  0x62,0x79,0x70,0x7A,0x44,0x7B,0xE0,0x7B,0x45,0x7C,0x73,0x7C,0x6C,0x7C,0x30,0x7C,
  0xC2,0x7B,0x23,0x7B,0x54,0x7A,0x57,0x79,0x2E,0x78,0xDA,0x76,0x5F,0x75,0xBC,0x73,
  0xF6,0x71,0x0D,0x70,0x04,0x6E,0xDE,0x6B,0x9B,0x69,0x3F,0x67,0xCA,0x64,0x41,0x62,
  0xA4,0x5F,0xF5,0x5C,0x37,0x5A,0x6B,0x57,0x94,0x54,0xB2,0x51,0xC9,0x4E,0xD8,0x4B,
  0xE2,0x48,0xE9,0x45,0xED,0x42,0xF0,0x3F,0xF3,0x3C,0xF6,0x39,0xFB,0x36,0x03,0x34,
  0x0E,0x31,0x1D,0x2E,0x30,0x2B,0x47,0x28,0x64,0x25,0x85,0x22,0xAB,0x1F,0xD6,0x1C,
  0x06,0x1A,0x3B,0x17,0x74,0x14,0xB1,0x11,0xF2,0x0E,0x36,0x0C,0x7C,0x09,0xC5,0x06,
  0x0F,0x04,0x5A,0x01,0xA6,0xFE,0xF1,0xFB,0x3B,0xF9,0x84,0xF6,0xCA,0xF3,0x0E,0xF1,
  0x4F,0xEE,0x8C,0xEB,0xC5,0xE8,0xFA,0xE5,0x2A,0xE3,0x55,0xE0,0x7B,0xDD,0x9C,0xDA,
  0xB9,0xD7,0xD0,0xD4,0xE3,0xD1,0xF2,0xCE,0xFD,0xCB,0x05,0xC9,0x0A,0xC6,0x0D,0xC3,
  0x10,0xC0,0x13,0xBD,0x17,0xBA,0x1E,0xB7,0x28,0xB4,0x37,0xB1,0x4E,0xAE,0x6C,0xAB,
  0x95,0xA8,0xC9,0xA5,0x0B,0xA3,0x5C,0xA0,0xBF,0x9D,0x36,0x9B,0xC1,0x98,0x65,0x96,
  0x22,0x94,0xFC,0x91,0xF3,0x8F,0x0A,0x8E,0x44,0x8C,0xA1,0x8A,0x26,0x89,0xD2,0x87,
  0xA9,0x86,0xAC,0x85,0xDD,0x84,0x3E,0x84,0xD0,0x83,0x94,0x83,0x8D,0x83,0xBB,0x83,
  0x20,0x84,0xBC,0x84,0x90,0x85,0x9E,0x86,0xE5,0x87,0x66,0x89,0x21,0x8B,0x16,0x8D,
  0x46,0x8F,0xAE,0x91,0x50,0x94,0x2B,0x97,0x3D,0x9A,0x85,0x9D,0x03,0xA1,0xB5,0xA4,
  0x99,0xA8,0xAD,0xAC,0xF1,0xB0,0x60,0xB5,0xFA,0xB9,0xBC,0xBE,0xA4,0xC3,0xAE,0xC8,
  0xD8,0xCD,0x20,0xD3,0x81,0xD8,0xFA,0xDD,0x87,0xE3,0x25,0xE9,0xD0,0xEE,0x85,0xF4,
  0x41,0xFA,0x00,0x00,0xBF,0x05,0x7B,0x0B,0x30,0x11,0xDB,0x16,0x79,0x1C,0x06,0x22,
  0x7F,0x27,0xE0,0x2C,0x28,0x32,0x52,0x37,0x5C,0x3C,0x44,0x41,0x06,0x46,0xA0,0x4A,
  0x0F,0x4F,0x53,0x53,0x67,0x57,0x4B,0x5B,0xFD,0x5E,0x7B,0x62,0xC3,0x65,0xD5,0x68,
  0xB0,0x6B,0x52,0x6E,0xBA,0x70,0xEA,0x72,0xDF,0x74,0x9A,0x76,0x1B,0x78,0x62,0x79,
  0x70,0x7A,0x44,0x7B,0xE0,0x7B,0x45,0x7C,0x73,0x7C,0x6C,0x7C,0x30,0x7C,0xC2,0x7B,
  0x23,0x7B,0x54,0x7A,0x57,0x79,0x2E,0x78,0xDA,0x76,0x5F,0x75,0xBC,0x73,0xF6,0x71,
  0x0D,0x70,0x04,0x6E,0xDE,0x6B,0x9B,0x69,0x3F,0x67,0xCA,0x64,0x41,0x62,0xA4,0x5F,
  0xF5,0x5C,0x37,0x5A,0x6B,0x57,0x94,0x54,0xB2,0x51,0xC9,0x4E,0xD8,0x4B,0xE2,0x48,
  0xE9,0x45,0xED,0x42,0xF0,0x3F,0xF3,0x3C,0xF6,0x39,0xFB,0x36,0x03,0x34,0x0E,0x31,
  0x1D,0x2E,0x30,0x2B,0x47,0x28,0x64,0x25,0x85,0x22,0xAB,0x1F,0xD6,0x1C,0x06,0x1A,
  0x3B,0x17,0x74,0x14,0xB1,0x11,0xF2,0x0E,0x36,0x0C,0x7C,0x09,0xC5,0x06,0x0F,0x04,
  0x5A,0x01,0xA6,0xFE,0xF1,0xFB,0x3B,0xF9,0x84,0xF6,0xCA,0xF3,0x0E,0xF1,0x4F,0xEE,
  0x8C,0xEB,0xC5,0xE8,0xFA,0xE5,0x2A,0xE3,0x55,0xE0,0x7B,0xDD,0x9C,0xDA,0xB9,0xD7,
  0xD0,0xD4,0xE3,0xD1,0xF2,0xCE,0xFD,0xCB,0x05,0xC9,0x0A,0xC6,0x0D,0xC3,0x10,0xC0,
  0x13,0xBD,0x17,0xBA,0x1E,0xB7,0x28,0xB4,0x37,0xB1,0x4E,0xAE,0x6C,0xAB,0x95,0xA8,
  0xC9,0xA5,0x0B,0xA3,0x5C,0xA0,0xBF,0x9D,0x36,0x9B,0xC1,0x98,0x65,0x96,0x22,0x94,
  0xFC,0x91,0xF3,0x8F,0x0A,0x8E,0x44,0x8C,0xA1,0x8A,0x26,0x89,0xD2,0x87,0xA9,0x86,
  0xAC,0x85,0xDD,0x84,0x3E,0x84,0xD0,0x83,0x94,0x83,0x8D,0x83,0xBB,0x83,0x20,0x84,
  0xBC,0x84,0x90,0x85,0x9E,0x86,0xE5,0x87,0x66,0x89,0x21,0x8B,0x16,0x8D,0x46,0x8F,
  0xAE,0x91,0x50,0x94,0x2B,0x97,0x3D,0x9A,0x85,0x9D,0x03,0xA1,0xB5,0xA4,0x99,0xA8,
  0xAD,0xAC,0xF1,0xB0,0x60,0xB5,0xFA,0xB9,0xBC,0xBE,0xA4,0xC3,0xAE,0xC8,0xD8,0xCD,
  0x20,0xD3,0x81,0xD8,0xFA,0xDD,0x87,0xE3,0x25,0xE9,0xD0,0xEE,0x85,0xF4,0x41,0xFA,
  0x00,0x00,0xBF,0x05,0x7B,0x0B,0x30,0x11,0xDB,0x16,0x79,0x1C,0x06,0x22,0x7F,0x27,
  0xE0,0x2C,0x28,0x32,0x52,0x37,0x5C,0x3C,0x44,0x41,0x06,0x46,0xA0,0x4A,0x0F,0x4F,
  0x53,0x53,0x67,0x57,0x4B,0x5B,0xFD,0x5E,0x7B,0x62,0xC3,0x65,0xD5,0x68,0xB0,0x6B,
  0x52,0x6E,0xBA,0x70,0xEA,0x72,0xDF,0x74,0x9A,0x76,0x1B,0x78,0x62,0x79,0x70,0x7A,
  0x44,0x7B,0xE0,0x7B,0x45,0x7C,0x73,0x7C,0x6C,0x7C,0x30,0x7C,0xC2,0x7B,0x23,0x7B,
  0x54,0x7A,0x57,0x79,0x2E,0x78,0xDA,0x76,0x5F,0x75,0xBC,0x73,0xF6,0x71,0x0D,0x70,
  0x04,0x6E,0xDE,0x6B,0x9B,0x69,0x3F,0x67,0xCA,0x64,0x41,0x62,0xA4,0x5F,0xF5,0x5C,
  0x37,0x5A,0x6B,0x57,0x94,0x54,0xB2,0x51,0xC9,0x4E,0xD8,0x4B,0xE2,0x48,0xE9,0x45,
  0xED,0x42,0xF0,0x3F,0xF3,0x3C,0xF6,0x39,0xFB,0x36,0x03,0x34,0x0E,0x31,0x1D,0x2E,
  0x30,0x2B,0x47,0x28,0x64,0x25,0x85,0x22,0xAB,0x1F,0xD6,0x1C,0x06,0x1A,0x3B,0x17,
  0x74,0x14,0xB1,0x11,0xF2,0x0E,0x36,0x0C,0x7C,0x09,0xC5,0x06,0x0F,0x04,0x5A,0x01,
  0xA6,0xFE,0xF1,0xFB,0x3B,0xF9,0x84,0xF6,0xCA,0xF3,0x0E,0xF1,0x4F,0xEE,0x8C,0xEB,
  0xC5,0xE8,0xFA,0xE5,0x2A,0xE3,0x55,0xE0,0x7B,0xDD,0x9C,0xDA,0xB9,0xD7,0xD0,0xD4,
  0xE3,0xD1,0xF2,0xCE,0xFD,0xCB,0x05,0xC9,0x0A,0xC6,0x0D,0xC3,0x10,0xC0,0x13,0xBD,
  0x17,0xBA,0x1E,0xB7,0x28,0xB4,0x37,0xB1,0x4E,0xAE,0x6C,0xAB,0x95,0xA8,0xC9,0xA5,
  0x0B,0xA3,0x5C,0xA0,0xBF,0x9D,0x36,0x9B,0xC1,0x98,0x65,0x96,0x22,0x94,0xFC,0x91,
  0xF3,0x8F,0x0A,0x8E,0x44,0x8C,0xA1,0x8A,0x26,0x89,0xD2,0x87,0xA9,0x86,0xAC,0x85,
  0xDD,0x84,0x3E,0x84,0xD0,0x83,0x94,0x83,0x8D,0x83,0xBB,0x83,0x20,0x84,0xBC,0x84,
  0x90,0x85,0x9E,0x86,0xE5,0x87,0x66,0x89,0x21,0x8B,0x16,0x8D,0x46,0x8F,0xAE,0x91,
  0x50,0x94,0x2B,0x97,0x3D,0x9A,0x85,0x9D,0x03,0xA1,0xB5,0xA4,0x99,0xA8,0xAD,0xAC,
  0xF1,0xB0,0x60,0xB5,0xFA,0xB9,0xBC,0xBE,0xA4,0xC3,0xAE,0xC8,0xD8,0xCD,0x20,0xD3,
  0x81,0xD8,0xFA,0xDD,0x87,0xE3,0x25,0xE9,0xD0,0xEE,0x85,0xF4,0x41,0xFA,0x00,0x00,
  0xBF,0x05,0x7B,0x0B,0x30,0x11,0xDB,0x16,0x79,0x1C,0x06,0x22,0x7F,0x27,0xE0,0x2C,
  0x28,0x32,0x52,0x37,0x5C,0x3C,0x44,0x41,0x06,0x46,0xA0,0x4A,0x0F,0x4F,0x53,0x53,
  0x67,0x57,0x4B,0x5B,0xFD,0x5E,0x7B,0x62,0xC3,0x65,0xD5,0x68,0xB0,0x6B,0x52,0x6E,
  0xBA,0x70,0xEA,0x72,0xDF,0x74,0x9A,0x76,0x1B,0x78,0x62,0x79,0x70,0x7A,0x44,0x7B,
  0xE0,0x7B,0x45,0x7C,0x73,0x7C,0x6C,0x7C,0x30,0x7C,0xC2,0x7B,0x23,0x7B,0x54,0x7A,
  0x57,0x79,0x2E,0x78,0xDA,0x76,0x5F,0x75,0xBC,0x73,0xF6,0x71,0x0D,0x70,0x04,0x6E,
  0xDE,0x6B,0x9B,0x69,0x3F,0x67,0xCA,0x64,0x41,0x62,0xA4,0x5F,0xF5,0x5C,0x37,0x5A,
  0x6B,0x57,0x94,0x54,0xB2,0x51,0xC9,0x4E,0xD8,0x4B,0xE2,0x48,0xE9,0x45,0xED,0x42,
  0xF0,0x3F,0xF3,0x3C,0xF6,0x39,0xFB,0x36,0x03,0x34,0x0E,0x31,0x1D,0x2E,0x30,0x2B,
  0x47,0x28,0x64,0x25,0x85,0x22,0xAB,0x1F,0xD6,0x1C,0x06,0x1A,0x3B,0x17,0x74,0x14,
  0xB1,0x11,0xF2,0x0E,0x36,0x0C,0x7C,0x09,0xC5,0x06,0x0F,0x04,0x5A,0x01,0xA6,0xFE,
  0xF1,0xFB,0x3B,0xF9,0x84,0xF6,0xCA,0xF3,0x0E,0xF1,0x4F,0xEE,0x8C,0xEB,0xC5,0xE8,
  0xFA,0xE5,0x2A,0xE3,0x55,0xE0,0x7B,0xDD,0x9C,0xDA,0xB9,0xD7,0xD0,0xD4,0xE3,0xD1,
  0xF2,0xCE,0xFD,0xCB,0x05,0xC9,0x0A,0xC6,0x0D,0xC3,0x10,0xC0,0x13,0xBD,0x17,0xBA,
  0x1E,0xB7,0x28,0xB4,0x37,0xB1,0x4E,0xAE,0x6C,0xAB,0x95,0xA8,0xC9,0xA5,0x0B,0xA3,
  0x5C,0xA0,0xBF,0x9D,0x36,0x9B,0xC1,0x98,0x65,0x96,0x22,0x94,0xFC,0x91,0xF3,0x8F,
  0x0A,0x8E,0x44,0x8C,0xA1,0x8A,0x26,0x89,0xD2,0x87,0xA9,0x86,0xAC,0x85,0xDD,0x84,
  0x3E,0x84,0xD0,0x83,0x94,0x83,0x8D,0x83,0xBB,0x83,0x20,0x84,0xBC,0x84,0x90,0x85,
  0x9E,0x86,0xE5,0x87,0x66,0x89,0x21,0x8B,0x16,0x8D,0x46,0x8F,0xAE,0x91,0x50,0x94,
  0x2B,0x97,0x3D,0x9A,0x85,0x9D,0x03,0xA1,0xB5,0xA4,0x99,0xA8,0xAD,0xAC,0xF1,0xB0,
  0x60,0xB5,0xFA,0xB9,0xBC,0xBE,0xA4,0xC3,0xAE,0xC8,0xD8,0xCD,0x20,0xD3,0x81,0xD8,
  0xFA,0xDD,0x87,0xE3,0x25,0xE9,0xD0,0xEE,0x85,0xF4,0x41,0xFA,0x00,0x00,0xBF,0x05,
  0x7B,0x0B,0x30,0x11,0xDB,0x16,0x79,0x1C,0x06,0x22,0x7F,0x27,0xE0,0x2C,0x28,0x32,
  0x52,0x37,0x5C,0x3C,0x44,0x41,0x06,0x46,0xA0,0x4A,0x0F,0x4F,0x53,0x53,0x67,0x57,
  0x4B,0x5B,0xFD,0x5E,0x7B,0x62,0xC3,0x65,0xD5,0x68,0xB0,0x6B,0x52,0x6E,0xBA,0x70,
  0xEA,0x72,0xDF,0x74,0x9A,0x76,0x1B,0x78,0x62,0x79,0x70,0x7A,0x44,0x7B,0xE0,0x7B,
  0x45,0x7C,0x73,0x7C,0x6C,0x7C,0x30,0x7C,0xC2,0x7B,0x23,0x7B,0x54,0x7A,0x57,0x79,
  0x2E,0x78,0xDA,0x76,0x5F,0x75,0xBC,0x73,0xF6,0x71,0x0D,0x70,0x04,0x6E,0xDE,0x6B,
  0x9B,0x69,0x3F,0x67,0xCA,0x64,0x41,0x62,0xA4,0x5F,0xF5,0x5C,0x37,0x5A,0x6B,0x57,
  0x94,0x54,0xB2,0x51,0xC9,0x4E,0xD8,0x4B,0xE2,0x48,0xE9,0x45,0xED,0x42,0xF0,0x3F,
  0xF3,0x3C,0xF6,0x39,0xFB,0x36,0x03,0x34,0x0E,0x31,0x1D,0x2E,0x30,0x2B,0x47,0x28,
  0x64,0x25,0x85,0x22,0xAB,0x1F,0xD6,0x1C,0x06,0x1A,0x3B,0x17,0x74,0x14,0xB1,0x11,
  0xF2,0x0E,0x36,0x0C,0x7C,0x09,0xC5,0x06,0x0F,0x04,0x5A,0x01,0xA6,0xFE,0xF1,0xFB,
  0x3B,0xF9,0x84,0xF6,0xCA,0xF3,0x0E,0xF1,0x4F,0xEE,0x8C,0xEB,0xC5,0xE8,0xFA,0xE5,
  0x2A,0xE3,0x55,0xE0,0x7B,0xDD,0x9C,0xDA,0xB9,0xD7,0xD0,0xD4,0xE3,0xD1,0xF2,0xCE,
  0xFD,0xCB,0x05,0xC9,0x0A,0xC6,0x0D,0xC3,0x10,0xC0,0x13,0xBD,0x17,0xBA,0x1E,0xB7,
  0x28,0xB4,0x37,0xB1,0x4E,0xAE,0x6C,0xAB,0x95,0xA8,0xC9,0xA5,0x0B,0xA3,0x5C,0xA0,
  0xBF,0x9D,0x36,0x9B,0xC1,0x98,0x65,0x96,0x22,0x94,0xFC,0x91,0xF3,0x8F,0x0A,0x8E,
  0x44,0x8C,0xA1,0x8A,0x26,0x89,0xD2,0x87,0xA9,0x86,0xAC,0x85,0xDD,0x84,0x3E,0x84,
  0xD0,0x83,0x94,0x83,0x8D,0x83,0xBB,0x83,0x20,0x84,0xBC,0x84,0x90,0x85,0x9E,0x86,
  0xE5,0x87,0x66,0x89,0x21,0x8B,0x16,0x8D,0x46,0x8F,0xAE,0x91,0x50,0x94,0x2B,0x97,
  0x3D,0x9A,0x85,0x9D,0x03,0xA1,0xB5,0xA4,0x99,0xA8,0xAD,0xAC,0xF1,0xB0,0x60,0xB5,
  0xFA,0xB9,0xBC,0xBE,0xA4,0xC3,0xAE,0xC8,0xD8,0xCD,0x20,0xD3,0x81,0xD8,0xFA,0xDD,
  0x87,0xE3,0x25,0xE9,0xD0,0xEE,0x85,0xF4,0x41,0xFA,0x00,0x00,0xBF,0x05,0x7B,0x0B,
  0x30,0x11,0xDB,0x16,0x79,0x1C,0x06,0x22,0x7F,0x27,0xE0,0x2C,0x28,0x32,0x52,0x37,
  0x5C,0x3C,0x44,0x41,0x06,0x46,0xA0,0x4A,0x0F,0x4F,0x53,0x53,0x67,0x57,0x4B,0x5B,
  0xFD,0x5E,0x7B,0x62,0xC3,0x65,0xD5,0x68,0xB0,0x6B,0x52,0x6E,0xBA,0x70,0xEA,0x72,
  0xDF,0x74,0x9A,0x76,0x1B,0x78,0x62,0x79,0x70,0x7A,0x44,0x7B,0xE0,0x7B,0x45,0x7C,
  0x73,0x7C,0x6C,0x7C,0x30,0x7C,0xC2,0x7B,0x23,0x7B,0x54,0x7A,0x57,0x79,0x2E,0x78,
  0xDA,0x76,0x5F,0x75,0xBC,0x73,0xF6,0x71,0x0D,0x70,0x04,0x6E,0xDE,0x6B,0x9B,0x69,
  0x3F,0x67,0xCA,0x64,0x41,0x62,0xA4,0x5F,0xF5,0x5C,0x37,0x5A,0x6B,0x57,0x94,0x54,
  0xB2,0x51,0xC9,0x4E,0xD8,0x4B,0xE2,0x48,0xE9,0x45,0xED,0x42,0xF0,0x3F,0xF3,0x3C,
  0xF6,0x39,0xFB,0x36,0x03,0x34,0x0E,0x31,0x1D,0x2E,0x30,0x2B,0x47,0x28,0x64,0x25,
  0x85,0x22,0xAB,0x1F,0xD6,0x1C,0x06,0x1A,0x3B,0x17,0x74,0x14,0xB1,0x11,0xF2,0x0E,
  0x36,0x0C,0x7C,0x09,0xC5,0x06,0x0F,0x04,0x5A,0x01,0xA6,0xFE,0xF1,0xFB,0x3B,0xF9,
  0x84,0xF6,0xCA,0xF3,0x0E,0xF1,0x4F,0xEE,0x8C,0xEB,0xC5,0xE8,0xFA,0xE5,0x2A,0xE3,
  0x55,0xE0,0x7B,0xDD,0x9C,0xDA,0xB9,0xD7,0xD0,0xD4,0xE3,0xD1,0xF2,0xCE,0xFD,0xCB,
  0x05,0xC9,0x0A,0xC6,0x0D,0xC3,0x10,0xC0,0x13,0xBD,0x17,0xBA,0x1E,0xB7,0x28,0xB4,
  0x37,0xB1,0x4E,0xAE,0x6C,0xAB,0x95,0xA8,0xC9,0xA5,0x0B,0xA3,0x5C,0xA0,0xBF,0x9D,
  0x36,0x9B,0xC1,0x98,0x65,0x96,0x22,0x94,0xFC,0x91,0xF3,0x8F,0x0A,0x8E,0x44,0x8C,
  0xA1,0x8A,0x26,0x89,0xD2,0x87,0xA9,0x86,0xAC,0x85,0xDD,0x84,0x3E,0x84,0xD0,0x83,
  0x94,0x83,0x8D,0x83,0xBB,0x83,0x20,0x84,0xBC,0x84,0x90,0x85,0x9E,0x86,0xE5,0x87,
  0x66,0x89,0x21,0x8B,0x16,0x8D,0x46,0x8F,0xAE,0x91,0x50,0x94,0x2B,0x97,0x3D,0x9A,
  0x85,0x9D,0x03,0xA1,0xB5,0xA4,0x99,0xA8,0xAD,0xAC,0xF1,0xB0,0x60,0xB5,0xFA,0xB9,
  0xBC,0xBE,0xA4,0xC3,0xAE,0xC8,0xD8,0xCD,0x20,0xD3,0x81,0xD8,0xFA,0xDD,0x87,0xE3,
  0x25,0xE9,0xD0,0xEE,0x85,0xF4,0x41,0xFA,0x00,0x00,0xBF,0x05,0x7B,0x0B,0x30,0x11,
  0xDB,0x16,0x79,0x1C,0x06,0x22,0x7F,0x27,0xE0,0x2C,0x28,0x32,0x52,0x37,0x5C,0x3C,
  0x44,0x41,0x06,0x46,0xA0,0x4A,0x0F,0x4F,0x53,0x53,0x67,0x57,0x4B,0x5B,0xFD,0x5E,
  0x7B,0x62,0xC3,0x65,0xD5,0x68,0xB0,0x6B,0x52,0x6E,0xBA,0x70,0xEA,0x72,0xDF,0x74,
  0x9A,0x76,0x1B,0x78,0x62,0x79,0x70,0x7A,0x44,0x7B,0xE0,0x7B,0x45,0x7C,0x73,0x7C,
  0x6C,0x7C,0x30,0x7C,0xC2,0x7B,0x23,0x7B,0x54,0x7A,0x57,0x79,0x2E,0x78,0xDA,0x76,
  0x5F,0x75,0xBC,0x73,0xF6,0x71,0x0D,0x70,0x04,0x6E,0xDE,0x6B,0x9B,0x69,0x3F,0x67,
  0xCA,0x64,0x41,0x62,0xA4,0x5F,0xF5,0x5C,0x37,0x5A,0x6B,0x57,0x94,0x54,0xB2,0x51,
  0xC9,0x4E,0xD8,0x4B,0xE2,0x48,0xE9,0x45,0xED,0x42,0xF0,0x3F,0xF3,0x3C,0xF6,0x39,
  0xFB,0x36,0x03,0x34,0x0E,0x31,0x1D,0x2E,0x30,0x2B,0x47,0x28,0x64,0x25,0x85,0x22,
  0xAB,0x1F,0xD6,0x1C,0x06,0x1A,0x3B,0x17,0x74,0x14,0xB1,0x11,0xF2,0x0E,0x36,0x0C,
  0x7C,0x09,0xC5,0x06,0x0F,0x04,0x5A,0x01,0xA6,0xFE,0xF1,0xFB,0x3B,0xF9,0x84,0xF6,
  0xCA,0xF3,0x0E,0xF1,0x4F,0xEE,0x8C,0xEB,0xC5,0xE8,0xFA,0xE5,0x2A,0xE3,0x55,0xE0,
  0x7B,0xDD,0x9C,0xDA,0xB9,0xD7,0xD0,0xD4,0xE3,0xD1,0xF2,0xCE,0xFD,0xCB,0x05,0xC9,
  0x0A,0xC6,0x0D,0xC3,0x10,0xC0,0x13,0xBD,0x17,0xBA,0x1E,0xB7,0x28,0xB4,0x37,0xB1,
  0x4E,0xAE,0x6C,0xAB,0x95,0xA8,0xC9,0xA5,0x0B,0xA3,0x5C,0xA0,0xBF,0x9D,0x36,0x9B,
  0xC1,0x98,0x65,0x96,0x22,0x94,0xFC,0x91,0xF3,0x8F,0x0A,0x8E,0x44,0x8C,0xA1,0x8A,
  0x26,0x89,0xD2,0x87,0xA9,0x86,0xAC,0x85,0xDD,0x84,0x3E,0x84,0xD0,0x83,0x94,0x83,
  0x8D,0x83,0xBB,0x83,0x20,0x84,0xBC,0x84,0x90,0x85,0x9E,0x86,0xE5,0x87,0x66,0x89,
  0x21,0x8B,0x16,0x8D,0x46,0x8F,0xAE,0x91,0x50,0x94,0x2B,0x97,0x3D,0x9A,0x85,0x9D,
  0x03,0xA1,0xB5,0xA4,0x99,0xA8,0xAD,0xAC,0xF1,0xB0,0x60,0xB5,0xFA,0xB9,0xBC,0xBE,
  0xA4,0xC3,0xAE,0xC8,0xD8,0xCD,0x20,0xD3,0x81,0xD8,0xFA,0xDD,0x87,0xE3,0x25,0xE9,
  0xD0,0xEE,0x85,0xF4,0x41,0xFA,0x00,0x00,0xBF,0x05,0x7B,0x0B,0x30,0x11,0xDB,0x16,
  0x79,0x1C,0x06,0x22,0x7F,0x27,0xE0,0x2C,0x28,0x32,0x52,0x37,0x5C,0x3C,0x44,0x41,
  0x06,0x46,0xA0,0x4A,0x0F,0x4F,0x53,0x53,0x67,0x57,0x4B,0x5B,0xFD,0x5E,0x7B,0x62,
  0xC3,0x65,0xD5,0x68,0xB0,0x6B,0x52,0x6E,0xBA,0x70,0xEA,0x72,0xDF,0x74,0x9A,0x76,
  0x1B,0x78,0x62,0x79,0x70,0x7A,0x44,0x7B,0xE0,0x7B,0x45,0x7C,0x73,0x7C,0x6C,0x7C,
  0x30,0x7C,0xC2,0x7B,0x23,0x7B,0x54,0x7A,0x57,0x79,0x2E,0x78,0xDA,0x76,0x5F,0x75,
  0xBC,0x73,0xF6,0x71,0x0D,0x70,0x04,0x6E,0xDE,0x6B,0x9B,0x69,0x3F,0x67,0xCA,0x64,
  0x41,0x62,0xA4,0x5F,0xF5,0x5C,0x37,0x5A,0x6B,0x57,0x94,0x54,0xB2,0x51,0xC9,0x4E,
  0xD8,0x4B,0xE2,0x48,0xE9,0x45,0xED,0x42,0xF0,0x3F,0xF3,0x3C,0xF6,0x39,0xFB,0x36,
  0x03,0x34,0x0E,0x31,0x1D,0x2E,0x30,0x2B,0x47,0x28,0x64,0x25,0x85,0x22,0xAB,0x1F,
  0xD6,0x1C,0x06,0x1A,0x3B,0x17,0x74,0x14,0xB1,0x11,0xF2,0x0E,0x36,0x0C,0x7C,0x09,
  0xC5,0x06,0x0F,0x04,0x5A,0x01,0xA6,0xFE,0xF1,0xFB,0x3B,0xF9,0x84,0xF6,0xCA,0xF3,
  0x0E,0xF1,0x4F,0xEE,0x8C,0xEB,0xC5,0xE8,0xFA,0xE5,0x2A,0xE3,0x55,0xE0,0x7B,0xDD,
  0x9C,0xDA,0xB9,0xD7,0xD0,0xD4,0xE3,0xD1,0xF2,0xCE,0xFD,0xCB,0x05,0xC9,0x0A,0xC6,
  0x0D,0xC3,0x10,0xC0,0x13,0xBD,0x17,0xBA,0x1E,0xB7,0x28,0xB4,0x37,0xB1,0x4E,0xAE,
  0x6C,0xAB,0x95,0xA8,0xC9,0xA5,0x0B,0xA3,0x5C,0xA0,0xBF,0x9D,0x36,0x9B,0xC1,0x98,
  0x65,0x96,0x22,0x94,0xFC,0x91,0xF3,0x8F,0x0A,0x8E,0x44,0x8C,0xA1,0x8A,0x26,0x89,
  0xD2,0x87,0xA9,0x86,0xAC,0x85,0xDD,0x84,0x3E,0x84,0xD0,0x83,0x94,0x83,0x8D,0x83,
  0xBB,0x83,0x20,0x84,0xBC,0x84,0x90,0x85,0x9E,0x86,0xE5,0x87,0x66,0x89,0x21,0x8B,
  0x16,0x8D,0x46,0x8F,0xAE,0x91,0x50,0x94,0x2B,0x97,0x3D,0x9A,0x85,0x9D,0x03,0xA1,
  0xB5,0xA4,0x99,0xA8,0xAD,0xAC,0xF1,0xB0,0x60,0xB5,0xFA,0xB9,0xBC,0xBE,0xA4,0xC3,
  0xAE,0xC8,0xD8,0xCD,0x20,0xD3,0x81,0xD8,0xFA,0xDD,0x87,0xE3,0x25,0xE9,0xD0,0xEE,
  0x85,0xF4,0x41,0xFA,0x00,0x00,0xBF,0x05,0x7B,0x0B,0x30,0x11,0xDB,0x16,0x79,0x1C,
  0x06,0x22,0x7F,0x27,0xE0,0x2C,0x28,0x32,0x52,0x37,0x5C,0x3C,0x44,0x41,0x06,0x46,
  0xA0,0x4A,0x0F,0x4F,0x53,0x53,0x67,0x57,0x4B,0x5B,0xFD,0x5E,0x7B,0x62,0xC3,0x65,
  0xD5,0x68,0xB0,0x6B,0x52,0x6E,0xBA,0x70,0xEA,0x72,0xDF,0x74,0x9A,0x76,0x1B,0x78,
  0x62,0x79,0x70,0x7A,0x44,0x7B,0xE0,0x7B,0x45,0x7C,0x73,0x7C,0x6C,0x7C,0x30,0x7C,
  0xC2,0x7B,0x23,0x7B,0x54,0x7A,0x57,0x79,0x2E,0x78,0xDA,0x76,0x5F,0x75,0xBC,0x73,
  0xF6,0x71,0x0D,0x70,0x04,0x6E,0xDE,0x6B,0x9B,0x69,0x3F,0x67,0xCA,0x64,0x41,0x62,
  0xA4,0x5F,0xF5,0x5C,0x37,0x5A,0x6B,0x57,0x94,0x54,0xB2,0x51,0xC9,0x4E,0xD8,0x4B,
  0xE2,0x48,0xE9,0x45,0xED,0x42,0xF0,0x3F,0xF3,0x3C,0xF6,0x39,0xFB,0x36,0x03,0x34,
  0x0E,0x31,0x1D,0x2E,0x30,0x2B,0x47,0x28,0x64,0x25,0x85,0x22,0xAB,0x1F,0xD6,0x1C,
  0x06,0x1A,0x3B,0x17,0x74,0x14,0xB1,0x11,0xF2,0x0E,0x36,0x0C,0x7C,0x09,0xC5,0x06,
  0x0F,0x04,0x5A,0x01,0xA6,0xFE,0xF1,0xFB,0x3B,0xF9,0x84,0xF6,0xCA,0xF3,0x0E,0xF1,
  0x4F,0xEE,0x8C,0xEB,0xC5,0xE8,0xFA,0xE5,0x2A,0xE3,0x55,0xE0,0x7B,0xDD,0x9C,0xDA,
  0xB9,0xD7,0xD0,0xD4,0xE3,0xD1,0xF2,0xCE,0xFD,0xCB,0x05,0xC9,0x0A,0xC6,0x0D,0xC3,
  0x10,0xC0,0x13,0xBD,0x17,0xBA,0x1E,0xB7,0x28,0xB4,0x37,0xB1,0x4E,0xAE,0x6C,0xAB,
  0x95,0xA8,0xC9,0xA5,0x0B,0xA3,0x5C,0xA0,0xBF,0x9D,0x36,0x9B,0xC1,0x98,0x65,0x96,
  0x22,0x94,0xFC,0x91,0xF3,0x8F,0x0A,0x8E,0x44,0x8C,0xA1,0x8A,0x26,0x89,0xD2,0x87,
  0xA9,0x86,0xAC,0x85,0xDD,0x84,0x3E,0x84,0xD0,0x83,0x94,0x83,0x8D,0x83,0xBB,0x83,
  0x20,0x84,0xBC,0x84,0x90,0x85,0x9E,0x86,0xE5,0x87,0x66,0x89,0x21,0x8B,0x16,0x8D,
  0x46,0x8F,0xAE,0x91,0x50,0x94,0x2B,0x97,0x3D,0x9A,0x85,0x9D,0x03,0xA1,0xB5,0xA4,
  0x99,0xA8,0xAD,0xAC,0xF1,0xB0,0x60,0xB5,0xFA,0xB9,0xBC,0xBE,0xA4,0xC3,0xAE,0xC8,
  0xD8,0xCD,0x20,0xD3,0x81,0xD8,0xFA,0xDD,0x87,0xE3,0x25,0xE9,0xD0,0xEE,0x85,0xF4,
  0x41,0xFA,0x00,0x00,0xBF,0x05,0x7B,0x0B,0x30,0x11,0xDB,0x16,0x79,0x1C,0x06,0x22,
  0x7F,0x27,0xE0,0x2C,0x28,0x32,0x52,0x37,0x5C,0x3C,0x44,0x41,0x06,0x46,0xA0,0x4A,
  0x0F,0x4F,0x53,0x53,0x67,0x57,0x4B,0x5B,0xFD,0x5E,0x7B,0x62,0xC3,0x65,0xD5,0x68,
  0xB0,0x6B,0x52,0x6E,0xBA,0x70,0xEA,0x72,0xDF,0x74,0x9A,0x76,0x1B,0x78,0x62,0x79,
  0x70,0x7A,0x44,0x7B,0xE0,0x7B,0x45,0x7C,0x73,0x7C,0x6C,0x7C,0x30,0x7C,0xC2,0x7B,
  0x23,0x7B,0x54,0x7A,0x57,0x79,0x2E,0x78,0xDA,0x76,0x5F,0x75,0xBC,0x73,0xF6,0x71,
  0x0D,0x70,0x04,0x6E,0xDE,0x6B,0x9B,0x69,0x3F,0x67,0xCA,0x64,0x41,0x62,0xA4,0x5F,
  0xF5,0x5C,0x37,0x5A,0x6B,0x57,0x94,0x54,0xB2,0x51,0xC9,0x4E,0xD8,0x4B,0xE2,0x48,
  0xE9,0x45,0xED,0x42,0xF0,0x3F,0xF3,0x3C,0xF6,0x39,0xFB,0x36,0x03,0x34,0x0E,0x31,
  0x1D,0x2E,0x30,0x2B,0x47,0x28,0x64,0x25,0x85,0x22,0xAB,0x1F,0xD6,0x1C,0x06,0x1A,
  0x3B,0x17,0x74,0x14,0xB1,0x11,0xF2,0x0E,0x36,0x0C,0x7C,0x09,0xC5,0x06,0x0F,0x04,
  0x5A,0x01,0xA6,0xFE,0xF1,0xFB,0x3B,0xF9,0x84,0xF6,0xCA,0xF3,0x0E,0xF1,0x4F,0xEE,
  0x8C,0xEB,0xC5,0xE8,0xFA,0xE5,0x2A,0xE3,0x55,0xE0,0x7B,0xDD,0x9C,0xDA,0xB9,0xD7,
  0xD0,0xD4,0xE3,0xD1,0xF2,0xCE,0xFD,0xCB,0x05,0xC9,0x0A,0xC6,0x0D,0xC3,0x10,0xC0,
  0x13,0xBD,0x17,0xBA,0x1E,0xB7,0x28,0xB4,0x37,0xB1,0x4E,0xAE,0x6C,0xAB,0x95,0xA8,
  0xC9,0xA5,0x0B,0xA3,0x5C,0xA0,0xBF,0x9D,0x36,0x9B,0xC1,0x98,0x65,0x96,0x22,0x94,
  0xFC,0x91,0xF3,0x8F,0x0A,0x8E,0x44,0x8C,0xA1,0x8A,0x26,0x89,0xD2,0x87,0xA9,0x86,
  0xAC,0x85,0xDD,0x84,0x3E,0x84,0xD0,0x83,0x94,0x83,0x8D,0x83,0xBB,0x83,0x20,0x84,
  0xBC,0x84,0x90,0x85,0x9E,0x86,0xE5,0x87,0x66,0x89,0x21,0x8B,0x16,0x8D,0x46,0x8F,
  0xAE,0x91,0x50,0x94,0x2B,0x97,0x3D,0x9A,0x85,0x9D,0x03,0xA1,0xB5,0xA4,0x99,0xA8,
  0xAD,0xAC,0xF1,0xB0,0x60,0xB5,0xFA,0xB9,0xBC,0xBE,0xA4,0xC3,0xAE,0xC8,0xD8,0xCD,
  0x20,0xD3,0x81,0xD8,0xFA,0xDD,0x87,0xE3,0x25,0xE9,0xD0,0xEE,0x85,0xF4,0x41,0xFA,
  0x00,0x00,0xBF,0x05,0x7B,0x0B,0x30,0x11,0xDB,0x16,0x79,0x1C,0x06,0x22,0x7F,0x27,
  0xE0,0x2C,0x28,0x32,0x52,0x37,0x5C,0x3C,0x44,0x41,0x06,0x46,0xA0,0x4A,0x0F,0x4F,
  0x53,0x53,0x67,0x57,0x4B,0x5B,0xFD,0x5E,0x7B,0x62,0xC3,0x65,0xD5,0x68,0xB0,0x6B,
  0x52,0x6E,0xBA,0x70,0xEA,0x72,0xDF,0x74,0x9A,0x76,0x1B,0x78,0x62,0x79,0x70,0x7A,
  0x44,0x7B,0xE0,0x7B,0x45,0x7C,0x73,0x7C,0x6C,0x7C,0x30,0x7C,0xC2,0x7B,0x23,0x7B,
  0x54,0x7A,0x57,0x79,0x2E,0x78,0xDA,0x76,0x5F,0x75,0xBC,0x73,0xF6,0x71,0x0D,0x70,
  0x04,0x6E,0xDE,0x6B,0x9B,0x69,0x3F,0x67,0xCA,0x64,0x41,0x62,0xA4,0x5F,0xF5,0x5C,
  0x37,0x5A,0x6B,0x57,0x94,0x54,0xB2,0x51,0xC9,0x4E,0xD8,0x4B,0xE2,0x48,0xE9,0x45,
  0xED,0x42,0xF0,0x3F,0xF3,0x3C,0xF6,0x39,0xFB,0x36,0x03,0x34,0x0E,0x31,0x1D,0x2E,
  0x30,0x2B,0x47,0x28,0x64,0x25,0x85,0x22,0xAB,0x1F,0xD6,0x1C,0x06,0x1A,0x3B,0x17,
  0x74,0x14,0xB1,0x11,0xF2,0x0E,0x36,0x0C,0x7C,0x09,0xC5,0x06,0x0F,0x04,0x5A,0x01,
  0xA6,0xFE,0xF1,0xFB,0x3B,0xF9,0x84,0xF6,0xCA,0xF3,0x0E,0xF1,0x4F,0xEE,0x8C,0xEB,
  0xC5,0xE8,0xFA,0xE5,0x2A,0xE3,0x55,0xE0,0x7B,0xDD,0x9C,0xDA,0xB9,0xD7,0xD0,0xD4,
  0xE3,0xD1,0xF2,0xCE,0xFD,0xCB,0x05,0xC9,0x0A,0xC6,0x0D,0xC3,0x10,0xC0,0x13,0xBD,
  0x17,0xBA,0x1E,0xB7,0x28,0xB4,0x37,0xB1,0x4E,0xAE,0x6C,0xAB,0x95,0xA8,0xC9,0xA5,
  0x0B,0xA3,0x5C,0xA0,0xBF,0x9D,0x36,0x9B,0xC1,0x98,0x65,0x96,0x22,0x94,0xFC,0x91,
  0xF3,0x8F,0x0A,0x8E,0x44,0x8C,0xA1,0x8A,0x26,0x89,0xD2,0x87,0xA9,0x86,0xAC,0x85,
  0xDD,0x84,0x3E,0x84,0xD0,0x83,0x94,0x83,0x8D,0x83,0xBB,0x83,0x20,0x84,0xBC,0x84,
  0x90,0x85,0x9E,0x86,0xE5,0x87,0x66,0x89,0x21,0x8B,0x16,0x8D,0x46,0x8F,0xAE,0x91,
  0x50,0x94,0x2B,0x97,0x3D,0x9A,0x85,0x9D,0x03,0xA1,0xB5,0xA4,0x99,0xA8,0xAD,0xAC,
  0xF1,0xB0,0x60,0xB5,0xFA,0xB9,0xBC,0xBE,0xA4,0xC3,0xAE,0xC8,0xD8,0xCD,0x20,0xD3,
  0x81,0xD8,0xFA,0xDD,0x87,0xE3,0x25,0xE9,0xD0,0xEE,0x85,0xF4,0x41,0xFA,0x00,0x00,
  0xBF,0x05,0x7B,0x0B,0x30,0x11,0xDB,0x16,0x79,0x1C,0x06,0x22,0x7F,0x27,0xE0,0x2C,
  0x28,0x32,0x52,0x37,0x5C,0x3C,0x44,0x41,0x06,0x46,0xA0,0x4A,0x0F,0x4F,0x53,0x53,
  0x67,0x57,0x4B,0x5B,0xFD,0x5E,0x7B,0x62,0xC3,0x65,0xD5,0x68,0xB0,0x6B,0x52,0x6E,
  0xBA,0x70,0xEA,0x72,0xDF,0x74,0x9A,0x76,0x1B,0x78,0x62,0x79,0x70,0x7A,0x44,0x7B,
  0xE0,0x7B,0x45,0x7C,0x73,0x7C,0x6C,0x7C,0x30,0x7C,0xC2,0x7B,0x23,0x7B,0x54,0x7A,
  0x57,0x79,0x2E,0x78,0xDA,0x76,0x5F,0x75,0xBC,0x73,0xF6,0x71,0x0D,0x70,0x04,0x6E,
  0xDE,0x6B,0x9B,0x69,0x3F,0x67,0xCA,0x64,0x41,0x62,0xA4,0x5F,0xF5,0x5C,0x37,0x5A,
  0x6B,0x57,0x94,0x54,0xB2,0x51,0xC9,0x4E,0xD8,0x4B,0xE2,0x48,0xE9,0x45,0xED,0x42,
  0xF0,0x3F,0xF3,0x3C,0xF6,0x39,0xFB,0x36,0x03,0x34,0x0E,0x31,0x1D,0x2E,0x30,0x2B,
  0x47,0x28,0x64,0x25,0x85,0x22,0xAB,0x1F,0xD6,0x1C,0x06,0x1A,0x3B,0x17,0x74,0x14,
  0xB1,0x11,0xF2,0x0E,0x36,0x0C,0x7C,0x09,0xC5,0x06,0x0F,0x04,0x5A,0x01,0xA6,0xFE,
  0xF1,0xFB,0x3B,0xF9,0x84,0xF6,0xCA,0xF3,0x0E,0xF1,0x4F,0xEE,0x8C,0xEB,0xC5,0xE8,
  0xFA,0xE5,0x2A,0xE3,0x55,0xE0,0x7B,0xDD,0x9C,0xDA,0xB9,0xD7,0xD0,0xD4,0xE3,0xD1,
  0xF2,0xCE,0xFD,0xCB,0x05,0xC9,0x0A,0xC6,0x0D,0xC3,0x10,0xC0,0x13,0xBD,0x17,0xBA,
  0x1E,0xB7,0x28,0xB4,0x37,0xB1,0x4E,0xAE,0x6C,0xAB,0x95,0xA8,0xC9,0xA5,0x0B,0xA3,
  0x5C,0xA0,0xBF,0x9D,0x36,0x9B,0xC1,0x98,0x65,0x96,0x22,0x94,0xFC,0x91,0xF3,0x8F,
  0x0A,0x8E,0x44,0x8C,0xA1,0x8A,0x26,0x89,0xD2,0x87,0xA9,0x86,0xAC,0x85,0xDD,0x84,
  0x3E,0x84,0xD0,0x83,0x94,0x83,0x8D,0x83,0xBB,0x83,0x20,0x84,0xBC,0x84,0x90,0x85,
  0x9E,0x86,0xE5,0x87,0x66,0x89,0x21,0x8B,0x16,0x8D,0x46,0x8F,0xAE,0x91,0x50,0x94,
  0x2B,0x97,0x3D,0x9A,0x85,0x9D,0x03,0xA1,0xB5,0xA4,0x99,0xA8,0xAD,0xAC,0xF1,0xB0,
  0x60,0xB5,0xFA,0xB9,0xBC,0xBE,0xA4,0xC3,0xAE,0xC8,0xD8,0xCD,0x20,0xD3,0x81,0xD8,
  0xFA,0xDD,0x87,0xE3,0x25,0xE9,0xD0,0xEE,0x85,0xF4,0x41,0xFA,0x00,0x00,0xBF,0x05,
  0x7B,0x0B,0x30,0x11,0xDB,0x16,0x79,0x1C,0x06,0x22,0x7F,0x27,0xE0,0x2C,0x28,0x32,
  0x52,0x37,0x5C,0x3C,0x44,0x41,0x06,0x46,0xA0,0x4A,0x0F,0x4F,0x53,0x53,0x67,0x57,
  0x4B,0x5B,0xFD,0x5E,0x7B,0x62,0xC3,0x65,0xD5,0x68,0xB0,0x6B,0x52,0x6E,0xBA,0x70,
  0xEA,0x72,0xDF,0x74,0x9A,0x76,0x1B,0x78,0x62,0x79,0x70,0x7A,0x44,0x7B,0xE0,0x7B,
  0x45,0x7C,0x73,0x7C,0x6C,0x7C,0x30,0x7C,0xC2,0x7B,0x23,0x7B,0x54,0x7A,0x57,0x79,
  0x2E,0x78,0xDA,0x76,0x5F,0x75,0xBC,0x73,0xF6,0x71,0x0D,0x70,0x04,0x6E,0xDE,0x6B,
  0x9B,0x69,0x3F,0x67,0xCA,0x64,0x41,0x62,0xA4,0x5F,0xF5,0x5C,0x37,0x5A,0x6B,0x57,
  0x94,0x54,0xB2,0x51,0xC9,0x4E,0xD8,0x4B,0xE2,0x48,0xE9,0x45,0xED,0x42,0xF0,0x3F,
  0xF3,0x3C,0xF6,0x39,0xFB,0x36,0x03,0x34,0x0E,0x31,0x1D,0x2E,0x30,0x2B,0x47,0x28,
  0x64,0x25,0x85,0x22,0xAB,0x1F,0xD6,0x1C,0x06,0x1A,0x3B,0x17,0x74,0x14,0xB1,0x11,
  0xF2,0x0E,0x36,0x0C,0x7C,0x09,0xC5,0x06,0x0F,0x04,0x5A,0x01,0xA6,0xFE,0xF1,0xFB,
  0x3B,0xF9,0x84,0xF6,0xCA,0xF3,0x0E,0xF1,0x4F,0xEE,0x8C,0xEB,0xC5,0xE8,0xFA,0xE5,
  0x2A,0xE3,0x55,0xE0,0x7B,0xDD,0x9C,0xDA,0xB9,0xD7,0xD0,0xD4,0xE3,0xD1,0xF2,0xCE,
  0xFD,0xCB,0x05,0xC9,0x0A,0xC6,0x0D,0xC3,0x10,0xC0,0x13,0xBD,0x17,0xBA,0x1E,0xB7,
  0x28,0xB4,0x37,0xB1,0x4E,0xAE,0x6C,0xAB,0x95,0xA8,0xC9,0xA5,0x0B,0xA3,0x5C,0xA0,
  0xBF,0x9D,0x36,0x9B,0xC1,0x98,0x65,0x96,0x22,0x94,0xFC,0x91,0xF3,0x8F,0x0A,0x8E,
  0x44,0x8C,0xA1,0x8A,0x26,0x89,0xD2,0x87,0xA9,0x86,0xAC,0x85,0xDD,0x84,0x3E,0x84,
  0xD0,0x83,0x94,0x83,0x8D,0x83,0xBB,0x83,0x20,0x84,0xBC,0x84,0x90,0x85,0x9E,0x86,
  0xE5,0x87,0x66,0x89,0x21,0x8B,0x16,0x8D,0x46,0x8F,0xAE,0x91,0x50,0x94,0x2B,0x97,
  0x3D,0x9A,0x85,0x9D,0x03,0xA1,0xB5,0xA4,0x99,0xA8,0xAD,0xAC,0xF1,0xB0,0x60,0xB5,
  0xFA,0xB9,0xBC,0xBE,0xA4,0xC3,0xAE,0xC8,0xD8,0xCD,0x20,0xD3,0x81,0xD8,0xFA,0xDD,
  0x87,0xE3,0x25,0xE9,0xD0,0xEE,0x85,0xF4,0x41,0xFA,0x00,0x00,0xBF,0x05,0x7B,0x0B,
  0x30,0x11,0xDB,0x16,0x79,0x1C,0x06,0x22,0x7F,0x27,0xE0,0x2C,0x28,0x32,0x52,0x37,
  0x5C,0x3C,0x44,0x41,0x06,0x46,0xA0,0x4A,0x0F,0x4F,0x53,0x53,0x67,0x57,0x4B,0x5B,
  0xFD,0x5E,0x7B,0x62,0xC3,0x65,0xD5,0x68,0xB0,0x6B,0x52,0x6E,0xBA,0x70,0xEA,0x72,
  0xDF,0x74,0x9A,0x76,0x1B,0x78,0x62,0x79,0x70,0x7A,0x44,0x7B,0xE0,0x7B,0x45,0x7C,
  0x73,0x7C,0x6C,0x7C,0x30,0x7C,0xC2,0x7B,0x23,0x7B,0x54,0x7A,0x57,0x79,0x2E,0x78,
  0xDA,0x76,0x5F,0x75,0xBC,0x73,0xF6,0x71,0x0D,0x70,0x04,0x6E,0xDE,0x6B,0x9B,0x69,
  0x3F,0x67,0xCA,0x64,0x41,0x62,0xA4,0x5F,0xF5,0x5C,0x37,0x5A,0x6B,0x57,0x94,0x54,
  0xB2,0x51,0xC9,0x4E,0xD8,0x4B,0xE2,0x48,0xE9,0x45,0xED,0x42,0xF0,0x3F,0xF3,0x3C,
  0xF6,0x39,0xFB,0x36,0x03,0x34,0x0E,0x31,0x1D,0x2E,0x30,0x2B,0x47,0x28,0x64,0x25,
  0x85,0x22,0xAB,0x1F,0xD6,0x1C,0x06,0x1A,0x3B,0x17,0x74,0x14,0xB1,0x11,0xF2,0x0E,
  0x36,0x0C,0x7C,0x09,0xC5,0x06,0x0F,0x04,0x5A,0x01,0xA6,0xFE,0xF1,0xFB,0x3B,0xF9,
  0x84,0xF6,0xCA,0xF3,0x0E,0xF1,0x4F,0xEE,0x8C,0xEB,0xC5,0xE8,0xFA,0xE5,0x2A,0xE3,
  0x55,0xE0,0x7B,0xDD,0x9C,0xDA,0xB9,0xD7,0xD0,0xD4,0xE3,0xD1,0xF2,0xCE,0xFD,0xCB,
  0x05,0xC9,0x0A,0xC6,0x0D,0xC3,0x10,0xC0,0x13,0xBD,0x17,0xBA,0x1E,0xB7,0x28,0xB4,
  0x37,0xB1,0x4E,0xAE,0x6C,0xAB,0x95,0xA8,0xC9,0xA5,0x0B,0xA3,0x5C,0xA0,0xBF,0x9D,
  0x36,0x9B,0xC1,0x98,0x65,0x96,0x22,0x94,0xFC,0x91,0xF3,0x8F,0x0A,0x8E,0x44,0x8C,
  0xA1,0x8A,0x26,0x89,0xD2,0x87,0xA9,0x86,0xAC,0x85,0xDD,0x84,0x3E,0x84,0xD0,0x83,
  0x94,0x83,0x8D,0x83,0xBB,0x83,0x20,0x84,0xBC,0x84,0x90,0x85,0x9E,0x86,0xE5,0x87,
  0x66,0x89,0x21,0x8B,0x16,0x8D,0x46,0x8F,0xAE,0x91,0x50,0x94,0x2B,0x97,0x3D,0x9A,
  0x85,0x9D,0x03,0xA1,0xB5,0xA4,0x99,0xA8,0xAD,0xAC,0xF1,0xB0,0x60,0xB5,0xFA,0xB9,
  0xBC,0xBE,0xA4,0xC3,0xAE,0xC8,0xD8,0xCD,0x20,0xD3,0x81,0xD8,0xFA,0xDD,0x87,0xE3,
  0x25,0xE9,0xD0,0xEE,0x85,0xF4,0x41,0xFA,0x00,0x00,0xBF,0x05,0x7B,0x0B,0x30,0x11,
  0xDB,0x16,0x79,0x1C,0x06,0x22,0x7F,0x27,0xE0,0x2C,0x28,0x32,0x52,0x37,0x5C,0x3C,
  0x44,0x41,0x06,0x46,0xA0,0x4A,0x0F,0x4F,0x53,0x53,0x67,0x57,0x4B,0x5B,0xFD,0x5E,
  0x7B,0x62,0xC3,0x65,0xD5,0x68,0xB0,0x6B,0x52,0x6E,0xBA,0x70,0xEA,0x72,0xDF,0x74,
  0x9A,0x76,0x1B,0x78,0x62,0x79,0x70,0x7A,0x44,0x7B,0xE0,0x7B,0x45,0x7C,0x73,0x7C,
  0x6C,0x7C,0x30,0x7C,0xC2,0x7B,0x23,0x7B,0x54,0x7A,0x57,0x79,0x2E,0x78,0xDA,0x76,
  0x5F,0x75,0xBC,0x73,0xF6,0x71,0x0D,0x70,0x04,0x6E,0xDE,0x6B,0x9B,0x69,0x3F,0x67,
  0xCA,0x64,0x41,0x62,0xA4,0x5F,0xF5,0x5C,0x37,0x5A,0x6B,0x57,0x94,0x54,0xB2,0x51,
  0xC9,0x4E,0xD8,0x4B,0xE2,0x48,0xE9,0x45,0xED,0x42,0xF0,0x3F,0xF3,0x3C,0xF6,0x39,
  0xFB,0x36,0x03,0x34,0x0E,0x31,0x1D,0x2E,0x30,0x2B,0x47,0x28,0x64,0x25,0x85,0x22,
  0xAB,0x1F,0xD6,0x1C,0x06,0x1A,0x3B,0x17,0x74,0x14,0xB1,0x11,0xF2,0x0E,0x36,0x0C,
  0x7C,0x09,0xC5,0x06,0x0F,0x04,0x5A,0x01,0xA6,0xFE,0xF1,0xFB,0x3B,0xF9,0x84,0xF6,
  0xCA,0xF3,0x0E,0xF1,0x4F,0xEE,0x8C,0xEB,0xC5,0xE8,0xFA,0xE5,0x2A,0xE3,0x55,0xE0,
  0x7B,0xDD,0x9C,0xDA,0xB9,0xD7,0xD0,0xD4,0xE3,0xD1,0xF2,0xCE,0xFD,0xCB,0x05,0xC9,
  0x0A,0xC6,0x0D,0xC3,0x10,0xC0,0x13,0xBD,0x17,0xBA,0x1E,0xB7,0x28,0xB4,0x37,0xB1,
  0x4E,0xAE,0x6C,0xAB,0x95,0xA8,0xC9,0xA5,0x0B,0xA3,0x5C,0xA0,0xBF,0x9D,0x36,0x9B,
  0xC1,0x98,0x65,0x96,0x22,0x94,0xFC,0x91,0xF3,0x8F,0x0A,0x8E,0x44,0x8C,0xA1,0x8A,
  0x26,0x89,0xD2,0x87,0xA9,0x86,0xAC,0x85,0xDD,0x84,0x3E,0x84,0xD0,0x83,0x94,0x83,
  0x8D,0x83,0xBB,0x83,0x20,0x84,0xBC,0x84,0x90,0x85,0x9E,0x86,0xE5,0x87,0x66,0x89,
  0x21,0x8B,0x16,0x8D,0x46,0x8F,0xAE,0x91,0x50,0x94,0x2B,0x97,0x3D,0x9A,0x85,0x9D,
  0x03,0xA1,0xB5,0xA4,0x99,0xA8,0xAD,0xAC,0xF1,0xB0,0x60,0xB5,0xFA,0xB9,0xBC,0xBE,
  0xA4,0xC3,0xAE,0xC8,0xD8,0xCD,0x20,0xD3,0x81,0xD8,0xFA,0xDD,0x87,0xE3,0x25,0xE9,
  0xD0,0xEE,0x85,0xF4,0x41,0xFA,0x00,0x00,0xBF,0x05,0x7B,0x0B,0x30,0x11,0xDB,0x16,
  0x79,0x1C,0x06,0x22,0x7F,0x27,0xE0,0x2C,0x28,0x32,0x52,0x37,0x5C,0x3C,0x44,0x41,
  0x06,0x46,0xA0,0x4A,0x0F,0x4F,0x53,0x53,0x67,0x57,0x4B,0x5B,0xFD,0x5E,0x7B,0x62,
  0xC3,0x65,0xD5,0x68,0xB0,0x6B,0x52,0x6E,0xBA,0x70,0xEA,0x72,0xDF,0x74,0x9A,0x76,
  0x1B,0x78,0x62,0x79,0x70,0x7A,0x44,0x7B,0xE0,0x7B,0x45,0x7C,0x73,0x7C,0x6C,0x7C,
  0x30,0x7C,0xC2,0x7B,0x23,0x7B,0x54,0x7A,0x57,0x79,0x2E,0x78,0xDA,0x76,0x5F,0x75,
  0xBC,0x73,0xF6,0x71,0x0D,0x70,0x04,0x6E,0xDE,0x6B,0x9B,0x69,0x3F,0x67,0xCA,0x64,
  0x41,0x62,0xA4,0x5F,0xF5,0x5C,0x37,0x5A,0x6B,0x57,0x94,0x54,0xB2,0x51,0xC9,0x4E,
  0xD8,0x4B,0xE2,0x48,0xE9,0x45,0xED,0x42,0xF0,0x3F,0xF3,0x3C,0xF6,0x39,0xFB,0x36,
  0x03,0x34,0x0E,0x31,0x1D,0x2E,0x30,0x2B,0x47,0x28,0x64,0x25,0x85,0x22,0xAB,0x1F,
  0xD6,0x1C,0x06,0x1A,0x3B,0x17,0x74,0x14,0xB1,0x11,0xF2,0x0E,0x36,0x0C,0x7C,0x09,
  0xC5,0x06,0x0F,0x04,0x5A,0x01,0xA6,0xFE,0xF1,0xFB,0x3B,0xF9,0x84,0xF6,0xCA,0xF3,
  0x0E,0xF1,0x4F,0xEE,0x8C,0xEB,0xC5,0xE8,0xFA,0xE5,0x2A,0xE3,0x55,0xE0,0x7B,0xDD,
  0x9C,0xDA,0xB9,0xD7,0xD0,0xD4,0xE3,0xD1,0xF2,0xCE,0xFD,0xCB,0x05,0xC9,0x0A,0xC6,
  0x0D,0xC3,0x10,0xC0,0x13,0xBD,0x17,0xBA,0x1E,0xB7,0x28,0xB4,0x37,0xB1,0x4E,0xAE,
  0x6C,0xAB,0x95,0xA8,0xC9,0xA5,0x0B,0xA3,0x5C,0xA0,0xBF,0x9D,0x36,0x9B,0xC1,0x98,
  0x65,0x96,0x22,0x94,0xFC,0x91,0xF3,0x8F,0x0A,0x8E,0x44,0x8C,0xA1,0x8A,0x26,0x89,
  0xD2,0x87,0xA9,0x86,0xAC,0x85,0xDD,0x84,0x3E,0x84,0xD0,0x83,0x94,0x83,0x8D,0x83,
  0xBB,0x83,0x20,0x84,0xBC,0x84,0x90,0x85,0x9E,0x86,0xE5,0x87,0x66,0x89,0x21,0x8B,
  0x16,0x8D,0x46,0x8F,0xAE,0x91,0x50,0x94,0x2B,0x97,0x3D,0x9A,0x85,0x9D,0x03,0xA1,
  0xB5,0xA4,0x99,0xA8,0xAD,0xAC,0xF1,0xB0,0x60,0xB5,0xFA,0xB9,0xBC,0xBE,0xA4,0xC3,
  0xAE,0xC8,0xD8,0xCD,0x20,0xD3,0x81,0xD8,0xFA,0xDD,0x87,0xE3,0x25,0xE9,0xD0,0xEE,
  0x85,0xF4,0x41,0xFA,0x00,0x00,0xBF,0x05,0x7B,0x0B,0x30,0x11,0xDB,0x16,0x79,0x1C,
  0x06,0x22,0x7F,0x27,0xE0,0x2C,0x28,0x32,0x52,0x37,0x5C,0x3C,0x44,0x41,0x06,0x46,
  0xA0,0x4A,0x0F,0x4F,0x53,0x53,0x67,0x57,0x4B,0x5B,0xFD,0x5E,0x7B,0x62,0xC3,0x65,
  0xD5,0x68,0xB0,0x6B,0x52,0x6E,0xBA,0x70,0xEA,0x72,0xDF,0x74,0x9A,0x76,0x1B,0x78,
  0x62,0x79,0x70,0x7A,0x44,0x7B,0xE0,0x7B,0x45,0x7C,0x73,0x7C,0x6C,0x7C,0x30,0x7C,
  0xC2,0x7B,0x23,0x7B,0x54,0x7A,0x57,0x79,0x2E,0x78,0xDA,0x76,0x5F,0x75,0xBC,0x73,
  0xF6,0x71,0x0D,0x70,0x04,0x6E,0xDE,0x6B,0x9B,0x69,0x3F,0x67,0xCA,0x64,0x41,0x62,
  0xA4,0x5F,0xF5,0x5C,0x37,0x5A,0x6B,0x57,0x94,0x54,0xB2,0x51,0xC9,0x4E,0xD8,0x4B,
  0xE2,0x48,0xE9,0x45,0xED,0x42,0xF0,0x3F,0xF3,0x3C,0xF6,0x39,0xFB,0x36,0x03,0x34,
  0x0E,0x31,0x1D,0x2E,0x30,0x2B,0x47,0x28,0x64,0x25,0x85,0x22,0xAB,0x1F,0xD6,0x1C,
  0x06,0x1A,0x3B,0x17,0x74,0x14,0xB1,0x11,0xF2,0x0E,0x36,0x0C,0x7C,0x09,0xC5,0x06,
  0x0F,0x04,0x5A,0x01,0xA6,0xFE,0xF1,0xFB,0x3B,0xF9,0x84,0xF6,0xCA,0xF3,0x0E,0xF1,
  0x4F,0xEE,0x8C,0xEB,0xC5,0xE8,0xFA,0xE5,0x2A,0xE3,0x55,0xE0,0x7B,0xDD,0x9C,0xDA,
  0xB9,0xD7,0xD0,0xD4,0xE3,0xD1,0xF2,0xCE,0xFD,0xCB,0x05,0xC9,0x0A,0xC6,0x0D,0xC3,
  0x10,0xC0,0x13,0xBD,0x17,0xBA,0x1E,0xB7,0x28,0xB4,0x37,0xB1,0x4E,0xAE,0x6C,0xAB,
  0x95,0xA8,0xC9,0xA5,0x0B,0xA3,0x5C,0xA0,0xBF,0x9D,0x36,0x9B,0xC1,0x98,0x65,0x96,
  0x22,0x94,0xFC,0x91,0xF3,0x8F,0x0A,0x8E,0x44,0x8C,0xA1,0x8A,0x26,0x89,0xD2,0x87,
  0xA9,0x86,0xAC,0x85,0xDD,0x84,0x3E,0x84,0xD0,0x83,0x94,0x83,0x8D,0x83,0xBB,0x83,
  0x20,0x84,0xBC,0x84,0x90,0x85,0x9E,0x86,0xE5,0x87,0x66,0x89,0x21,0x8B,0x16,0x8D,
  0x46,0x8F,0xAE,0x91,0x50,0x94,0x2B,0x97,0x3D,0x9A,0x85,0x9D,0x03,0xA1,0xB5,0xA4,
  0x99,0xA8,0xAD,0xAC,0xF1,0xB0,0x60,0xB5,0xFA,0xB9,0xBC,0xBE,0xA4,0xC3,0xAE,0xC8,
  0xD8,0xCD,0x20,0xD3,0x81,0xD8,0xFA,0xDD,0x87,0xE3,0x25,0xE9,0xD0,0xEE,0x85,0xF4,
  0x41,0xFA,0x00,0x00,0xBF,0x05,0x7B,0x0B,0x30,0x11,0xDB,0x16,0x79,0x1C,0x06,0x22,
  0x7F,0x27,0xE0,0x2C,0x28,0x32,0x52,0x37,0x5C,0x3C,0x44,0x41,0x06,0x46,0xA0,0x4A,
  0x0F,0x4F,0x53,0x53,0x67,0x57,0x4B,0x5B,0xFD,0x5E,0x7B,0x62,0xC3,0x65,0xD5,0x68,
  0xB0,0x6B,0x52,0x6E,0xBA,0x70,0xEA,0x72,0xDF,0x74,0x9A,0x76,0x1B,0x78,0x62,0x79,
  0x70,0x7A,0x44,0x7B,0xE0,0x7B,0x45,0x7C,0x73,0x7C,0x6C,0x7C,0x30,0x7C,0xC2,0x7B,
  0x23,0x7B,0x54,0x7A,0x57,0x79,0x2E,0x78,0xDA,0x76,0x5F,0x75,0xBC,0x73,0xF6,0x71,
  0x0D,0x70,0x04,0x6E,0xDE,0x6B,0x9B,0x69,0x3F,0x67,0xCA,0x64,0x41,0x62,0xA4,0x5F,
  0xF5,0x5C,0x37,0x5A,0x6B,0x57,0x94,0x54,0xB2,0x51,0xC9,0x4E,0xD8,0x4B,0xE2,0x48,
  0xE9,0x45,0xED,0x42,0xF0,0x3F,0xF3,0x3C,0xF6,0x39,0xFB,0x36,0x03,0x34,0x0E,0x31,
  0x1D,0x2E,0x30,0x2B,0x47,0x28,0x64,0x25,0x85,0x22,0xAB,0x1F,0xD6,0x1C,0x06,0x1A,
  0x3B,0x17,0x74,0x14,0xB1,0x11,0xF2,0x0E,0x36,0x0C,0x7C,0x09,0xC5,0x06,0x0F,0x04,
  0x5A,0x01,0xA6,0xFE,0xF1,0xFB,0x3B,0xF9,0x84,0xF6,0xCA,0xF3,0x0E,0xF1,0x4F,0xEE,
  0x8C,0xEB,0xC5,0xE8,0xFA,0xE5,0x2A,0xE3,0x55,0xE0,0x7B,0xDD,0x9C,0xDA,0xB9,0xD7,
  0xD0,0xD4,0xE3,0xD1,0xF2,0xCE,0xFD,0xCB,0x05,0xC9,0x0A,0xC6,0x0D,0xC3,0x10,0xC0,
  0x13,0xBD,0x17,0xBA,0x1E,0xB7,0x28,0xB4,0x37,0xB1,0x4E,0xAE,0x6C,0xAB,0x95,0xA8,
  0xC9,0xA5,0x0B,0xA3,0x5C,0xA0,0xBF,0x9D,0x36,0x9B,0xC1,0x98,0x65,0x96,0x22,0x94,
  0xFC,0x91,0xF3,0x8F,0x0A,0x8E,0x44,0x8C,0xA1,0x8A,0x26,0x89,0xD2,0x87,0xA9,0x86,
  0xAC,0x85,0xDD,0x84,0x3E,0x84,0xD0,0x83,0x94,0x83,0x8D,0x83,0xBB,0x83,0x20,0x84,
  0xBC,0x84,0x90,0x85,0x9E,0x86,0xE5,0x87,0x66,0x89,0x21,0x8B,0x16,0x8D,0x46,0x8F,
  0xAE,0x91,0x50,0x94,0x2B,0x97,0x3D,0x9A,0x85,0x9D,0x03,0xA1,0xB5,0xA4,0x99,0xA8,
  0xAD,0xAC,0xF1,0xB0,0x60,0xB5,0xFA,0xB9,0xBC,0xBE,0xA4,0xC3,0xAE,0xC8,0xD8,0xCD,
  0x20,0xD3,0x81,0xD8,0xFA,0xDD,0x87,0xE3,0x25,0xE9,0xD0,0xEE,0x85,0xF4,0x41,0xFA,
  0x00,0x00,0xBF,0x05,0x7B,0x0B,0x30,0x11,0xDB,0x16,0x79,0x1C,0x06,0x22,0x7F,0x27,
  0xE0,0x2C,0x28,0x32,0x52,0x37,0x5C,0x3C,0x44,0x41,0x06,0x46,0xA0,0x4A,0x0F,0x4F,
  0x53,0x53,0x67,0x57,0x4B,0x5B,0xFD,0x5E,0x7B,0x62,0xC3,0x65,0xD5,0x68,0xB0,0x6B,
  0x52,0x6E,0xBA,0x70,0xEA,0x72,0xDF,0x74,0x9A,0x76,0x1B,0x78,0x62,0x79,0x70,0x7A,
  0x44,0x7B,0xE0,0x7B,0x45,0x7C,0x73,0x7C,0x6C,0x7C,0x30,0x7C,0xC2,0x7B,0x23,0x7B,
  0x54,0x7A,0x57,0x79,0x2E,0x78,0xDA,0x76,0x5F,0x75,0xBC,0x73,0xF6,0x71,0x0D,0x70,
  0x04,0x6E,0xDE,0x6B,0x9B,0x69,0x3F,0x67,0xCA,0x64,0x41,0x62,0xA4,0x5F,0xF5,0x5C,
  0x37,0x5A,0x6B,0x57,0x94,0x54,0xB2,0x51,0xC9,0x4E,0xD8,0x4B,0xE2,0x48,0xE9,0x45,
  0xED,0x42,0xF0,0x3F,0xF3,0x3C,0xF6,0x39,0xFB,0x36,0x03,0x34,0x0E,0x31,0x1D,0x2E,
  0x30,0x2B,0x47,0x28,0x64,0x25,0x85,0x22,0xAB,0x1F,0xD6,0x1C,0x06,0x1A,0x3B,0x17,
  0x74,0x14,0xB1,0x11,0xF2,0x0E,0x36,0x0C,0x7C,0x09,0xC5,0x06,0x0F,0x04,0x5A,0x01,
  0xA6,0xFE,0xF1,0xFB,0x3B,0xF9,0x84,0xF6,0xCA,0xF3,0x0E,0xF1,0x4F,0xEE,0x8C,0xEB,
  0xC5,0xE8,0xFA,0xE5,0x2A,0xE3,0x55,0xE0,0x7B,0xDD,0x9C,0xDA,0xB9,0xD7,0xD0,0xD4,
  0xE3,0xD1,0xF2,0xCE,0xFD,0xCB,0x05,0xC9,0x0A,0xC6,0x0D,0xC3,0x10,0xC0,0x13,0xBD,
  0x17,0xBA,0x1E,0xB7,0x28,0xB4,0x37,0xB1,0x4E,0xAE,0x6C,0xAB,0x95,0xA8,0xC9,0xA5,
  0x0B,0xA3,0x5C,0xA0,0xBF,0x9D,0x36,0x9B,0xC1,0x98,0x65,0x96,0x22,0x94,0xFC,0x91,
  0xF3,0x8F,0x0A,0x8E,0x44,0x8C,0xA1,0x8A,0x26,0x89,0xD2,0x87,0xA9,0x86,0xAC,0x85,
  0xDD,0x84,0x3E,0x84,0xD0,0x83,0x94,0x83,0x8D,0x83,0xBB,0x83,0x20,0x84,0xBC,0x84,
  0x90,0x85,0x9E,0x86,0xE5,0x87,0x66,0x89,0x21,0x8B,0x16,0x8D,0x46,0x8F,0xAE,0x91,
  0x50,0x94,0x2B,0x97,0x3D,0x9A,0x85,0x9D,0x03,0xA1,0xB5,0xA4,0x99,0xA8,0xAD,0xAC,
  0xF1,0xB0,0x60,0xB5,0xFA,0xB9,0xBC,0xBE,0xA4,0xC3,0xAE,0xC8,0xD8,0xCD,0x20,0xD3,
  0x81,0xD8,0xFA,0xDD,0x87,0xE3,0x25,0xE9,0xD0,0xEE,0x85,0xF4,0x41,0xFA,0x00,0x00,
  0xBF,0x05,0x7B,0x0B,0x30,0x11,0xDB,0x16,0x79,0x1C,0x06,0x22,0x7F,0x27,0xE0,0x2C,
  0x28,0x32,0x52,0x37,0x5C,0x3C,0x44,0x41,0x06,0x46,0xA0,0x4A,0x0F,0x4F,0x53,0x53,
  0x67,0x57,0x4B,0x5B,0xFD,0x5E,0x7B,0x62,0xC3,0x65,0xD5,0x68,0xB0,0x6B,0x52,0x6E,
  0xBA,0x70,0xEA,0x72,0xDF,0x74,0x9A,0x76,0x1B,0x78,0x62,0x79,0x70,0x7A,0x44,0x7B,
  0xE0,0x7B,0x45,0x7C,0x73,0x7C,0x6C,0x7C,0x30,0x7C,0xC2,0x7B,0x23,0x7B,0x54,0x7A,
  0x57,0x79,0x2E,0x78,0xDA,0x76,0x5F,0x75,0xBC,0x73,0xF6,0x71,0x0D,0x70,0x04,0x6E,
  0xDE,0x6B,0x9B,0x69,0x3F,0x67,0xCA,0x64,0x41,0x62,0xA4,0x5F,0xF5,0x5C,0x37,0x5A,
  0x6B,0x57,0x94,0x54,0xB2,0x51,0xC9,0x4E,0xD8,0x4B,0xE2,0x48,0xE9,0x45,0xED,0x42,
  0xF0,0x3F,0xF3,0x3C,0xF6,0x39,0xFB,0x36,0x03,0x34,0x0E,0x31,0x1D,0x2E,0x30,0x2B,
  0x47,0x28,0x64,0x25,0x85,0x22,0xAB,0x1F,0xD6,0x1C,0x06,0x1A,0x3B,0x17,0x74,0x14,
  0xB1,0x11,0xF2,0x0E,0x36,0x0C,0x7C,0x09,0xC5,0x06,0x0F,0x04,0x5A,0x01,0xA6,0xFE,
  0xF1,0xFB,0x3B,0xF9,0x84,0xF6,0xCA,0xF3,0x0E,0xF1,0x4F,0xEE,0x8C,0xEB,0xC5,0xE8,
  0xFA,0xE5,0x2A,0xE3,0x55,0xE0,0x7B,0xDD,0x9C,0xDA,0xB9,0xD7,0xD0,0xD4,0xE3,0xD1,
  0xF2,0xCE,0xFD,0xCB,0x05,0xC9,0x0A,0xC6,0x0D,0xC3,0x10,0xC0,0x13,0xBD,0x17,0xBA,
  0x1E,0xB7,0x28,0xB4,0x37,0xB1,0x4E,0xAE,0x6C,0xAB,0x95,0xA8,0xC9,0xA5,0x0B,0xA3,
  0x5C,0xA0,0xBF,0x9D,0x36,0x9B,0xC1,0x98,0x65,0x96,0x22,0x94,0xFC,0x91,0xF3,0x8F,
  0x0A,0x8E,0x44,0x8C,0xA1,0x8A,0x26,0x89,0xD2,0x87,0xA9,0x86,0xAC,0x85,0xDD,0x84,
  0x3E,0x84,0xD0,0x83,0x94,0x83,0x8D,0x83,0xBB,0x83,0x20,0x84,0xBC,0x84,0x90,0x85,
  0x9E,0x86,0xE5,0x87,0x66,0x89,0x21,0x8B,0x16,0x8D,0x46,0x8F,0xAE,0x91,0x50,0x94,
  0x2B,0x97,0x3D,0x9A,0x85,0x9D,0x03,0xA1,0xB5,0xA4,0x99,0xA8,0xAD,0xAC,0xF1,0xB0,
  0x60,0xB5,0xFA,0xB9,0xBC,0xBE,0xA4,0xC3,0xAE,0xC8,0xD8,0xCD,0x20,0xD3,0x81,0xD8,
  0xFA,0xDD,0x87,0xE3,0x25,0xE9,0xD0,0xEE,0x85,0xF4,0x41,0xFA,0x00,0x00,0xBF,0x05,
  0x7B,0x0B,0x30,0x11,0xDB,0x16,0x79,0x1C,0x06,0x22,0x7F,0x27,0xE0,0x2C,0x28,0x32,
  0x52,0x37,0x5C,0x3C,0x44,0x41,0x06,0x46,0xA0,0x4A,0x0F,0x4F,0x53,0x53,0x67,0x57,
  0x4B,0x5B,0xFD,0x5E,0x7B,0x62,0xC3,0x65,0xD5,0x68,0xB0,0x6B,0x52,0x6E,0xBA,0x70,
  0xEA,0x72,0xDF,0x74,0x9A,0x76,0x1B,0x78,0x62,0x79,0x70,0x7A,0x44,0x7B,0xE0,0x7B,
  0x45,0x7C,0x73,0x7C,0x6C,0x7C,0x30,0x7C,0xC2,0x7B,0x23,0x7B,0x54,0x7A,0x57,0x79,
  0x2E,0x78,0xDA,0x76,0x5F,0x75,0xBC,0x73,0xF6,0x71,0x0D,0x70,0x04,0x6E,0xDE,0x6B,
  0x9B,0x69,0x3F,0x67,0xCA,0x64,0x41,0x62,0xA4,0x5F,0xF5,0x5C,0x37,0x5A,0x6B,0x57,
  0x94,0x54,0xB2,0x51,0xC9,0x4E,0xD8,0x4B,0xE2,0x48,0xE9,0x45,0xED,0x42,0xF0,0x3F,
  0xF3,0x3C,0xF6,0x39,0xFB,0x36,0x03,0x34,0x0E,0x31,0x1D,0x2E,0x30,0x2B,0x47,0x28,
  0x64,0x25,0x85,0x22,0xAB,0x1F,0xD6,0x1C,0x06,0x1A,0x3B,0x17,0x74,0x14,0xB1,0x11,
  0xF2,0x0E,0x36,0x0C,0x7C,0x09,0xC5,0x06,0x0F,0x04,0x5A,0x01,0xA6,0xFE,0xF1,0xFB,
  0x3B,0xF9,0x84,0xF6,0xCA,0xF3,0x0E,0xF1,0x4F,0xEE,0x8C,0xEB,0xC5,0xE8,0xFA,0xE5,
  0x2A,0xE3,0x55,0xE0,0x7B,0xDD,0x9C,0xDA,0xB9,0xD7,0xD0,0xD4,0xE3,0xD1,0xF2,0xCE,
  0xFD,0xCB,0x05,0xC9,0x0A,0xC6,0x0D,0xC3,0x10,0xC0,0x13,0xBD,0x17,0xBA,0x1E,0xB7,
  0x28,0xB4,0x37,0xB1,0x4E,0xAE,0x6C,0xAB,0x95,0xA8,0xC9,0xA5,0x0B,0xA3,0x5C,0xA0,
  0xBF,0x9D,0x36,0x9B,0xC1,0x98,0x65,0x96,0x22,0x94,0xFC,0x91,0xF3,0x8F,0x0A,0x8E,
  0x44,0x8C,0xA1,0x8A,0x26,0x89,0xD2,0x87,0xA9,0x86,0xAC,0x85,0xDD,0x84,0x3E,0x84,
  0xD0,0x83,0x94,0x83,0x8D,0x83,0xBB,0x83,0x20,0x84,0xBC,0x84,0x90,0x85,0x9E,0x86,
  0xE5,0x87,0x66,0x89,0x21,0x8B,0x16,0x8D,0x46,0x8F,0xAE,0x91,0x50,0x94,0x2B,0x97,
  0x3D,0x9A,0x85,0x9D,0x03,0xA1,0xB5,0xA4,0x99,0xA8,0xAD,0xAC,0xF1,0xB0,0x60,0xB5,
  0xFA,0xB9,0xBC,0xBE,0xA4,0xC3,0xAE,0xC8,0xD8,0xCD,0x20,0xD3,0x81,0xD8,0xFA,0xDD,
  0x87,0xE3,0x25,0xE9,0xD0,0xEE,0x85,0xF4,0x41,0xFA,0x00,0x00,0xBF,0x05,0x7B,0x0B,
  0x30,0x11,0xDB,0x16,0x79,0x1C,0x06,0x22,0x7F,0x27,0xE0,0x2C,0x28,0x32,0x52,0x37,
  0x5C,0x3C,0x44,0x41,0x06,0x46,0xA0,0x4A,0x0F,0x4F,0x53,0x53,0x67,0x57,0x4B,0x5B,
  0xFD,0x5E,0x7B,0x62,0xC3,0x65,0xD5,0x68,0xB0,0x6B,0x52,0x6E,0xBA,0x70,0xEA,0x72,
  0xDF,0x74,0x9A,0x76,0x1B,0x78,0x62,0x79,0x70,0x7A,0x44,0x7B,0xE0,0x7B,0x45,0x7C,
  0x73,0x7C,0x6C,0x7C,0x30,0x7C,0xC2,0x7B,0x23,0x7B,0x54,0x7A,0x57,0x79,0x2E,0x78,
  0xDA,0x76,0x5F,0x75,0xBC,0x73,0xF6,0x71,0x0D,0x70,0x04,0x6E,0xDE,0x6B,0x9B,0x69,
  0x3F,0x67,0xCA,0x64,0x41,0x62,0xA4,0x5F,0xF5,0x5C,0x37,0x5A,0x6B,0x57,0x94,0x54,
  0xB2,0x51,0xC9,0x4E,0xD8,0x4B,0xE2,0x48,0xE9,0x45,0xED,0x42,0xF0,0x3F,0xF3,0x3C,
  0xF6,0x39,0xFB,0x36,0x03,0x34,0x0E,0x31,0x1D,0x2E,0x30,0x2B,0x47,0x28,0x64,0x25,
  0x85,0x22,0xAB,0x1F,0xD6,0x1C,0x06,0x1A,0x3B,0x17,0x74,0x14,0xB1,0x11,0xF2,0x0E,
  0x36,0x0C,0x7C,0x09,0xC5,0x06,0x0F,0x04,0x5A,0x01,0xA6,0xFE,0xF1,0xFB,0x3B,0xF9,
  0x84,0xF6,0xCA,0xF3,0x0E,0xF1,0x4F,0xEE,0x8C,0xEB,0xC5,0xE8,0xFA,0xE5,0x2A,0xE3,
  0x55,0xE0,0x7B,0xDD,0x9C,0xDA,0xB9,0xD7,0xD0,0xD4,0xE3,0xD1,0xF2,0xCE,0xFD,0xCB,
  0x05,0xC9,0x0A,0xC6,0x0D,0xC3,0x10,0xC0,0x13,0xBD,0x17,0xBA,0x1E,0xB7,0x28,0xB4,
  0x37,0xB1,0x4E,0xAE,0x6C,0xAB,0x95,0xA8,0xC9,0xA5,0x0B,0xA3,0x5C,0xA0,0xBF,0x9D,
  0x36,0x9B,0xC1,0x98,0x65,0x96,0x22,0x94,0xFC,0x91,0xF3,0x8F,0x0A,0x8E,0x44,0x8C,
  0xA1,0x8A,0x26,0x89,0xD2,0x87,0xA9,0x86,0xAC,0x85,0xDD,0x84,0x3E,0x84,0xD0,0x83,
  0x94,0x83,0x8D,0x83,0xBB,0x83,0x20,0x84,0xBC,0x84,0x90,0x85,0x9E,0x86,0xE5,0x87,
  0x66,0x89,0x21,0x8B,0x16,0x8D,0x46,0x8F,0xAE,0x91,0x50,0x94,0x2B,0x97,0x3D,0x9A,
  0x85,0x9D,0x03,0xA1,0xB5,0xA4,0x99,0xA8,0xAD,0xAC,0xF1,0xB0,0x60,0xB5,0xFA,0xB9,
  0xBC,0xBE,0xA4,0xC3,0xAE,0xC8,0xD8,0xCD,0x20,0xD3,0x81,0xD8,0xFA,0xDD,0x87,0xE3,
  0x25,0xE9,0xD0,0xEE,0x85,0xF4,0x41,0xFA,0x00,0x00,0xBF,0x05,0x7B,0x0B,0x30,0x11,
  0xDB,0x16,0x79,0x1C,0x06,0x22,0x7F,0x27,0xE0,0x2C,0x28,0x32,0x52,0x37,0x5C,0x3C,
  0x44,0x41,0x06,0x46,0xA0,0x4A,0x0F,0x4F,0x53,0x53,0x67,0x57,0x4B,0x5B,0xFD,0x5E,
  0x7B,0x62,0xC3,0x65,0xD5,0x68,0xB0,0x6B,0x52,0x6E,0xBA,0x70,0xEA,0x72,0xDF,0x74,
  0x9A,0x76,0x1B,0x78,0x62,0x79,0x70,0x7A,0x44,0x7B,0xE0,0x7B,0x45,0x7C,0x73,0x7C,
  0x6C,0x7C,0x30,0x7C,0xC2,0x7B,0x23,0x7B,0x54,0x7A,0x57,0x79,0x2E,0x78,0xDA,0x76,
  0x5F,0x75,0xBC,0x73,0xF6,0x71,0x0D,0x70,0x04,0x6E,0xDE,0x6B,0x9B,0x69,0x3F,0x67,
  0xCA,0x64,0x41,0x62,0xA4,0x5F,0xF5,0x5C,0x37,0x5A,0x6B,0x57,0x94,0x54,0xB2,0x51,
  0xC9,0x4E,0xD8,0x4B,0xE2,0x48,0xE9,0x45,0xED,0x42,0xF0,0x3F,0xF3,0x3C,0xF6,0x39,
  0xFB,0x36,0x03,0x34,0x0E,0x31,0x1D,0x2E,0x30,0x2B,0x47,0x28,0x64,0x25,0x85,0x22,
  0xAB,0x1F,0xD6,0x1C,0x06,0x1A,0x3B,0x17,0x74,0x14,0xB1,0x11,0xF2,0x0E,0x36,0x0C,
  0x7C,0x09,0xC5,0x06,0x0F,0x04,0x5A,0x01,0xA6,0xFE,0xF1,0xFB,0x3B,0xF9,0x84,0xF6,
  0xCA,0xF3,0x0E,0xF1,0x4F,0xEE,0x8C,0xEB,0xC5,0xE8,0xFA,0xE5,0x2A,0xE3,0x55,0xE0,
  0x7B,0xDD,0x9C,0xDA,0xB9,0xD7,0xD0,0xD4,0xE3,0xD1,0xF2,0xCE,0xFD,0xCB,0x05,0xC9,
  0x0A,0xC6,0x0D,0xC3,0x10,0xC0,0x13,0xBD,0x17,0xBA,0x1E,0xB7,0x28,0xB4,0x37,0xB1,
  0x4E,0xAE,0x6C,0xAB,0x95,0xA8,0xC9,0xA5,0x0B,0xA3,0x5C,0xA0,0xBF,0x9D,0x36,0x9B,
  0xC1,0x98,0x65,0x96,0x22,0x94,0xFC,0x91,0xF3,0x8F,0x0A,0x8E,0x44,0x8C,0xA1,0x8A,
  0x26,0x89,0xD2,0x87,0xA9,0x86,0xAC,0x85,0xDD,0x84,0x3E,0x84,0xD0,0x83,0x94,0x83,
  0x8D,0x83,0xBB,0x83,0x20,0x84,0xBC,0x84,0x90,0x85,0x9E,0x86,0xE5,0x87,0x66,0x89,
  0x21,0x8B,0x16,0x8D,0x46,0x8F,0xAE,0x91,0x50,0x94,0x2B,0x97,0x3D,0x9A,0x85,0x9D,
  0x03,0xA1,0xB5,0xA4,0x99,0xA8,0xAD,0xAC,0xF1,0xB0,0x60,0xB5,0xFA,0xB9,0xBC,0xBE,
  0xA4,0xC3,0xAE,0xC8,0xD8,0xCD,0x20,0xD3,0x81,0xD8,0xFA,0xDD,0x87,0xE3,0x25,0xE9,
  0xD0,0xEE,0x85,0xF4,0x41,0xFA,0x00,0x00,0xBF,0x05,0x7B,0x0B,0x30,0x11,0xDB,0x16,
  0x79,0x1C,0x06,0x22,0x7F,0x27,0xE0,0x2C,0x28,0x32,0x52,0x37,0x5C,0x3C,0x44,0x41,
  0x06,0x46,0xA0,0x4A,0x0F,0x4F,0x53,0x53,0x67,0x57,0x4B,0x5B,0xFD,0x5E,0x7B,0x62,
  0xC3,0x65,0xD5,0x68,0xB0,0x6B,0x52,0x6E,0xBA,0x70,0xEA,0x72,0xDF,0x74,0x9A,0x76,
  0x1B,0x78,0x62,0x79,0x70,0x7A,0x44,0x7B,0xE0,0x7B,0x45,0x7C,0x73,0x7C,0x6C,0x7C,
  0x30,0x7C,0xC2,0x7B,0x23,0x7B,0x54,0x7A,0x57,0x79,0x2E,0x78,0xDA,0x76,0x5F,0x75,
  0xBC,0x73,0xF6,0x71,0x0D,0x70,0x04,0x6E,0xDE,0x6B,0x9B,0x69,0x3F,0x67,0xCA,0x64,
  0x41,0x62,0xA4,0x5F,0xF5,0x5C,0x37,0x5A,0x6B,0x57,0x94,0x54,0xB2,0x51,0xC9,0x4E,
  0xD8,0x4B,0xE2,0x48,0xE9,0x45,0xED,0x42,0xF0,0x3F,0xF3,0x3C,0xF6,0x39,0xFB,0x36,
  0x03,0x34,0x0E,0x31,0x1D,0x2E,0x30,0x2B,0x47,0x28,0x64,0x25,0x85,0x22,0xAB,0x1F,
  0xD6,0x1C,0x06,0x1A,0x3B,0x17,0x74,0x14,0xB1,0x11,0xF2,0x0E,0x36,0x0C,0x7C,0x09,
  0xC5,0x06,0x0F,0x04,0x5A,0x01,0xA6,0xFE,0xF1,0xFB,0x3B,0xF9,0x84,0xF6,0xCA,0xF3,
  0x0E,0xF1,0x4F,0xEE,0x8C,0xEB,0xC5,0xE8,0xFA,0xE5,0x2A,0xE3,0x55,0xE0,0x7B,0xDD,
  0x9C,0xDA,0xB9,0xD7,0xD0,0xD4,0xE3,0xD1,0xF2,0xCE,0xFD,0xCB,0x05,0xC9,0x0A,0xC6,
  0x0D,0xC3,0x10,0xC0,0x13,0xBD,0x17,0xBA,0x1E,0xB7,0x28,0xB4,0x37,0xB1,0x4E,0xAE,
  0x6C,0xAB,0x95,0xA8,0xC9,0xA5,0x0B,0xA3,0x5C,0xA0,0xBF,0x9D,0x36,0x9B,0xC1,0x98,
  0x65,0x96,0x22,0x94,0xFC,0x91,0xF3,0x8F,0x0A,0x8E,0x44,0x8C,0xA1,0x8A,0x26,0x89,
  0xD2,0x87,0xA9,0x86,0xAC,0x85,0xDD,0x84,0x3E,0x84,0xD0,0x83,0x94,0x83,0x8D,0x83,
  0xBB,0x83,0x20,0x84,0xBC,0x84,0x90,0x85,0x9E,0x86,0xE5,0x87,0x66,0x89,0x21,0x8B,
  0x16,0x8D,0x46,0x8F,0xAE,0x91,0x50,0x94,0x2B,0x97,0x3D,0x9A,0x85,0x9D,0x03,0xA1,
  0xB5,0xA4,0x99,0xA8,0xAD,0xAC,0xF1,0xB0,0x60,0xB5,0xFA,0xB9,0xBC,0xBE,0xA4,0xC3,
  0xAE,0xC8,0xD8,0xCD,0x20,0xD3,0x81,0xD8,0xFA,0xDD,0x87,0xE3,0x25,0xE9,0xD0,0xEE,
  0x85,0xF4,0x41,0xFA,0x00,0x00,0xBF,0x05,0x7B,0x0B,0x30,0x11,0xDB,0x16,0x79,0x1C,
  0x06,0x22,0x7F,0x27,0xE0,0x2C,0x28,0x32,0x52,0x37,0x5C,0x3C,0x44,0x41,0x06,0x46,
  0xA0,0x4A,0x0F,0x4F,0x53,0x53,0x67,0x57,0x4B,0x5B,0xFD,0x5E,0x7B,0x62,0xC3,0x65,
  0xD5,0x68,0xB0,0x6B,0x52,0x6E,0xBA,0x70,0xEA,0x72,0xDF,0x74,0x9A,0x76,0x1B,0x78,
  0x62,0x79,0x70,0x7A,0x44,0x7B,0xE0,0x7B,0x45,0x7C,0x73,0x7C,0x6C,0x7C,0x30,0x7C,
  0xC2,0x7B,0x23,0x7B,0x54,0x7A,0x57,0x79,0x2E,0x78,0xDA,0x76,0x5F,0x75,0xBC,0x73,
  0xF6,0x71,0x0D,0x70,0x04,0x6E,0xDE,0x6B,0x9B,0x69,0x3F,0x67,0xCA,0x64,0x41,0x62,
  0xA4,0x5F,0xF5,0x5C,0x37,0x5A,0x6B,0x57,0x94,0x54,0xB2,0x51,0xC9,0x4E,0xD8,0x4B,
  0xE2,0x48,0xE9,0x45,0xED,0x42,0xF0,0x3F,0xF3,0x3C,0xF6,0x39,0xFB,0x36,0x03,0x34,
  0x0E,0x31,0x1D,0x2E,0x30,0x2B,0x47,0x28,0x64,0x25,0x85,0x22,0xAB,0x1F,0xD6,0x1C,
  0x06,0x1A,0x3B,0x17,0x74,0x14,0xB1,0x11,0xF2,0x0E,0x36,0x0C,0x7C,0x09,0xC5,0x06,
  0x0F,0x04,0x5A,0x01,0xA6,0xFE,0xF1,0xFB,0x3B,0xF9,0x84,0xF6,0xCA,0xF3,0x0E,0xF1,
  0x4F,0xEE,0x8C,0xEB,0xC5,0xE8,0xFA,0xE5,0x2A,0xE3,0x55,0xE0,0x7B,0xDD,0x9C,0xDA,
  0xB9,0xD7,0xD0,0xD4,0xE3,0xD1,0xF2,0xCE,0xFD,0xCB,0x05,0xC9,0x0A,0xC6,0x0D,0xC3,
  0x10,0xC0,0x13,0xBD,0x17,0xBA,0x1E,0xB7,0x28,0xB4,0x37,0xB1,0x4E,0xAE,0x6C,0xAB,
  0x95,0xA8,0xC9,0xA5,0x0B,0xA3,0x5C,0xA0,0xBF,0x9D,0x36,0x9B,0xC1,0x98,0x65,0x96,
  0x22,0x94,0xFC,0x91,0xF3,0x8F,0x0A,0x8E,0x44,0x8C,0xA1,0x8A,0x26,0x89,0xD2,0x87,
  0xA9,0x86,0xAC,0x85,0xDD,0x84,0x3E,0x84,0xD0,0x83,0x94,0x83,0x8D,0x83,0xBB,0x83,
  0x20,0x84,0xBC,0x84,0x90,0x85,0x9E,0x86,0xE5,0x87,0x66,0x89,0x21,0x8B,0x16,0x8D,
  0x46,0x8F,0xAE,0x91,0x50,0x94,0x2B,0x97,0x3D,0x9A,0x85,0x9D,0x03,0xA1,0xB5,0xA4,
  0x99,0xA8,0xAD,0xAC,0xF1,0xB0,0x60,0xB5,0xFA,0xB9,0xBC,0xBE,0xA4,0xC3,0xAE,0xC8,
  0xD8,0xCD,0x20,0xD3,0x81,0xD8,0xFA,0xDD,0x87,0xE3,0x25,0xE9,0xD0,0xEE,0x85,0xF4,
  0x41,0xFA,0x00,0x00,0xBF,0x05,0x7B,0x0B,0x30,0x11,0xDB,0x16,0x79,0x1C,0x06,0x22,
  0x7F,0x27,0xE0,0x2C,0x28,0x32,0x52,0x37,0x5C,0x3C,0x44,0x41,0x06,0x46,0xA0,0x4A,
  0x0F,0x4F,0x53,0x53,0x67,0x57,0x4B,0x5B,0xFD,0x5E,0x7B,0x62,0xC3,0x65,0xD5,0x68,
  0xB0,0x6B,0x52,0x6E,0xBA,0x70,0xEA,0x72,0xDF,0x74,0x9A,0x76,0x1B,0x78,0x62,0x79,
  0x70,0x7A,0x44,0x7B,0xE0,0x7B,0x45,0x7C,0x73,0x7C,0x6C,0x7C,0x30,0x7C,0xC2,0x7B,
  0x23,0x7B,0x54,0x7A,0x57,0x79,0x2E,0x78,0xDA,0x76,0x5F,0x75,0xBC,0x73,0xF6,0x71,
  0x0D,0x70,0x04,0x6E,0xDE,0x6B,0x9B,0x69,0x3F,0x67,0xCA,0x64,0x41,0x62,0xA4,0x5F,
  0xF5,0x5C,0x37,0x5A,0x6B,0x57,0x94,0x54,0xB2,0x51,0xC9,0x4E,0xD8,0x4B,0xE2,0x48,
  0xE9,0x45,0xED,0x42,0xF0,0x3F,0xF3,0x3C,0xF6,0x39,0xFB,0x36,0x03,0x34,0x0E,0x31,
  0x1D,0x2E,0x30,0x2B,0x47,0x28,0x64,0x25,0x85,0x22,0xAB,0x1F,0xD6,0x1C,0x06,0x1A,
  0x3B,0x17,0x74,0x14,0xB1,0x11,0xF2,0x0E,0x36,0x0C,0x7C,0x09,0xC5,0x06,0x0F,0x04,
  0x5A,0x01,0xA6,0xFE,0xF1,0xFB,0x3B,0xF9,0x84,0xF6,0xCA,0xF3,0x0E,0xF1,0x4F,0xEE,
  0x8C,0xEB,0xC5,0xE8,0xFA,0xE5,0x2A,0xE3,0x55,0xE0,0x7B,0xDD,0x9C,0xDA,0xB9,0xD7,
  0xD0,0xD4,0xE3,0xD1,0xF2,0xCE,0xFD,0xCB,0x05,0xC9,0x0A,0xC6,0x0D,0xC3,0x10,0xC0,
  0x13,0xBD,0x17,0xBA,0x1E,0xB7,0x28,0xB4,0x37,0xB1,0x4E,0xAE,0x6C,0xAB,0x95,0xA8,
  0xC9,0xA5,0x0B,0xA3,0x5C,0xA0,0xBF,0x9D,0x36,0x9B,0xC1,0x98,0x65,0x96,0x22,0x94,
  0xFC,0x91,0xF3,0x8F,0x0A,0x8E,0x44,0x8C,0xA1,0x8A,0x26,0x89,0xD2,0x87,0xA9,0x86,
  0xAC,0x85,0xDD,0x84,0x3E,0x84,0xD0,0x83,0x94,0x83,0x8D,0x83,0xBB,0x83,0x20,0x84,
  0xBC,0x84,0x90,0x85,0x9E,0x86,0xE5,0x87,0x66,0x89,0x21,0x8B,0x16,0x8D,0x46,0x8F,
  0xAE,0x91,0x50,0x94,0x2B,0x97,0x3D,0x9A,0x85,0x9D,0x03,0xA1,0xB5,0xA4,0x99,0xA8,
  0xAD,0xAC,0xF1,0xB0,0x60,0xB5,0xFA,0xB9,0xBC,0xBE,0xA4,0xC3,0xAE,0xC8,0xD8,0xCD,
  0x20,0xD3,0x81,0xD8,0xFA,0xDD,0x87,0xE3,0x25,0xE9,0xD0,0xEE,0x85,0xF4,0x41,0xFA,
  0x00,0x00,0xBF,0x05,0x7B,0x0B,0x30,0x11,0xDB,0x16,0x79,0x1C,0x06,0x22,0x7F,0x27,
  0xE0,0x2C,0x28,0x32,0x52,0x37,0x5C,0x3C,0x44,0x41,0x06,0x46,0xA0,0x4A,0x0F,0x4F,
  0x53,0x53,0x67,0x57,0x4B,0x5B,0xFD,0x5E,0x7B,0x62,0xC3,0x65,0xD5,0x68,0xB0,0x6B,
  0x52,0x6E,0xBA,0x70,0xEA,0x72,0xDF,0x74,0x9A,0x76,0x1B,0x78,0x62,0x79,0x70,0x7A,
  0x44,0x7B,0xE0,0x7B,0x45,0x7C,0x73,0x7C,0x6C,0x7C,0x30,0x7C,0xC2,0x7B,0x23,0x7B,
  0x54,0x7A,0x57,0x79,0x2E,0x78,0xDA,0x76,0x5F,0x75,0xBC,0x73,0xF6,0x71,0x0D,0x70,
  0x04,0x6E,0xDE,0x6B,0x9B,0x69,0x3F,0x67,0xCA,0x64,0x41,0x62,0xA4,0x5F,0xF5,0x5C,
  0x37,0x5A,0x6B,0x57,0x94,0x54,0xB2,0x51,0xC9,0x4E,0xD8,0x4B,0xE2,0x48,0xE9,0x45,
  0xED,0x42,0xF0,0x3F,0xF3,0x3C,0xF6,0x39,0xFB,0x36,0x03,0x34,0x0E,0x31,0x1D,0x2E,
  0x30,0x2B,0x47,0x28,0x64,0x25,0x85,0x22,0xAB,0x1F,0xD6,0x1C,0x06,0x1A,0x3B,0x17,
  0x74,0x14,0xB1,0x11,0xF2,0x0E,0x36,0x0C,0x7C,0x09,0xC5,0x06,0x0F,0x04,0x5A,0x01,
  0xA6,0xFE,0xF1,0xFB,0x3B,0xF9,0x84,0xF6,0xCA,0xF3,0x0E,0xF1,0x4F,0xEE,0x8C,0xEB,
  0xC5,0xE8,0xFA,0xE5,0x2A,0xE3,0x55,0xE0,0x7B,0xDD,0x9C,0xDA,0xB9,0xD7,0xD0,0xD4,
  0xE3,0xD1,0xF2,0xCE,0xFD,0xCB,0x05,0xC9,0x0A,0xC6,0x0D,0xC3,0x10,0xC0,0x13,0xBD,
  0x17,0xBA,0x1E,0xB7,0x28,0xB4,0x37,0xB1,0x4E,0xAE,0x6C,0xAB,0x95,0xA8,0xC9,0xA5,
  0x0B,0xA3,0x5C,0xA0,0xBF,0x9D,0x36,0x9B,0xC1,0x98,0x65,0x96,0x22,0x94,0xFC,0x91,
  0xF3,0x8F,0x0A,0x8E,0x44,0x8C,0xA1,0x8A,0x26,0x89,0xD2,0x87,0xA9,0x86,0xAC,0x85,
  0xDD,0x84,0x3E,0x84,0xD0,0x83,0x94,0x83,0x8D,0x83,0xBB,0x83,0x20,0x84,0xBC,0x84,
  0x90,0x85,0x9E,0x86,0xE5,0x87,0x66,0x89,0x21,0x8B,0x16,0x8D,0x46,0x8F,0xAE,0x91,
  0x50,0x94,0x2B,0x97,0x3D,0x9A,0x85,0x9D,0x03,0xA1,0xB5,0xA4,0x99,0xA8,0xAD,0xAC,
  0xF1,0xB0,0x60,0xB5,0xFA,0xB9,0xBC,0xBE,0xA4,0xC3,0xAE,0xC8,0xD8,0xCD,0x20,0xD3,
  0x81,0xD8,0xFA,0xDD,0x87,0xE3,0x25,0xE9,0xD0,0xEE,0x85,0xF4,0x41,0xFA,0x00,0x00,
  0xBF,0x05,0x7B,0x0B,0x30,0x11,0xDB,0x16,0x79,0x1C,0x06,0x22,0x7F,0x27,0xE0,0x2C,
  0x28,0x32,0x52,0x37,0x5C,0x3C,0x44,0x41,0x06,0x46,0xA0,0x4A,0x0F,0x4F,0x53,0x53,
  0x67,0x57,0x4B,0x5B,0xFD,0x5E,0x7B,0x62,0xC3,0x65,0xD5,0x68,0xB0,0x6B,0x52,0x6E,
  0xBA,0x70,0xEA,0x72,0xDF,0x74,0x9A,0x76,0x1B,0x78,0x62,0x79,0x70,0x7A,0x44,0x7B,
  0xE0,0x7B,0x45,0x7C,0x73,0x7C,0x6C,0x7C,0x30,0x7C,0xC2,0x7B,0x23,0x7B,0x54,0x7A,
  0x57,0x79,0x2E,0x78,0xDA,0x76,0x5F,0x75,0xBC,0x73,0xF6,0x71,0x0D,0x70,0x04,0x6E,
  0xDE,0x6B,0x9B,0x69,0x3F,0x67,0xCA,0x64,0x41,0x62,0xA4,0x5F,0xF5,0x5C,0x37,0x5A,
  0x6B,0x57,0x94,0x54,0xB2,0x51,0xC9,0x4E,0xD8,0x4B,0xE2,0x48,0xE9,0x45,0xED,0x42,
  0xF0,0x3F,0xF3,0x3C,0xF6,0x39,0xFB,0x36,0x03,0x34,0x0E,0x31,0x1D,0x2E,0x30,0x2B,
  0x47,0x28,0x64,0x25,0x85,0x22,0xAB,0x1F,0xD6,0x1C,0x06,0x1A,0x3B,0x17,0x74,0x14,
  0xB1,0x11,0xF2,0x0E,0x36,0x0C,0x7C,0x09,0xC5,0x06,0x0F,0x04,0x5A,0x01,0xA6,0xFE,
  0xF1,0xFB,0x3B,0xF9,0x84,0xF6,0xCA,0xF3,0x0E,0xF1,0x4F,0xEE,0x8C,0xEB,0xC5,0xE8,
  0xFA,0xE5,0x2A,0xE3,0x55,0xE0,0x7B,0xDD,0x9C,0xDA,0xB9,0xD7,0xD0,0xD4,0xE3,0xD1,
  0xF2,0xCE,0xFD,0xCB,0x05,0xC9,0x0A,0xC6,0x0D,0xC3,0x10,0xC0,0x13,0xBD,0x17,0xBA,
  0x1E,0xB7,0x28,0xB4,0x37,0xB1,0x4E,0xAE,0x6C,0xAB,0x95,0xA8,0xC9,0xA5,0x0B,0xA3,
  0x5C,0xA0,0xBF,0x9D,0x36,0x9B,0xC1,0x98,0x65,0x96,0x22,0x94,0xFC,0x91,0xF3,0x8F,
  0x0A,0x8E,0x44,0x8C,0xA1,0x8A,0x26,0x89,0xD2,0x87,0xA9,0x86,0xAC,0x85,0xDD,0x84,
  0x3E,0x84,0xD0,0x83,0x94,0x83,0x8D,0x83,0xBB,0x83,0x20,0x84,0xBC,0x84,0x90,0x85,
  0x9E,0x86,0xE5,0x87,0x66,0x89,0x21,0x8B,0x16,0x8D,0x46,0x8F,0xAE,0x91,0x50,0x94,
  0x2B,0x97,0x3D,0x9A,0x85,0x9D,0x03,0xA1,0xB5,0xA4,0x99,0xA8,0xAD,0xAC,0xF1,0xB0,
  0x60,0xB5,0xFA,0xB9,0xBC,0xBE,0xA4,0xC3,0xAE,0xC8,0xD8,0xCD,0x20,0xD3,0x81,0xD8,
  0xFA,0xDD,0x87,0xE3,0x25,0xE9,0xD0,0xEE,0x85,0xF4,0x41,0xFA,0x00,0x00,0xBF,0x05,
  0x7B,0x0B,0x30,0x11,0xDB,0x16,0x79,0x1C,0x06,0x22,0x7F,0x27,0xE0,0x2C,0x28,0x32,
  0x52,0x37,0x5C,0x3C,0x44,0x41,0x06,0x46,0xA0,0x4A,0x0F,0x4F,0x53,0x53,0x67,0x57,
  0x4B,0x5B,0xFD,0x5E,0x7B,0x62,0xC3,0x65,0xD5,0x68,0xB0,0x6B,0x52,0x6E,0xBA,0x70,
  0xEA,0x72,0xDF,0x74,0x9A,0x76,0x1B,0x78,0x62,0x79,0x70,0x7A,0x44,0x7B,0xE0,0x7B,
  0x45,0x7C,0x73,0x7C,0x6C,0x7C,0x30,0x7C,0xC2,0x7B,0x23,0x7B,0x54,0x7A,0x57,0x79,
  0x2E,0x78,0xDA,0x76,0x5F,0x75,0xBC,0x73,0xF6,0x71,0x0D,0x70,0x04,0x6E,0xDE,0x6B,
  0x9B,0x69,0x3F,0x67,0xCA,0x64,0x41,0x62,0xA4,0x5F,0xF5,0x5C,0x37,0x5A,0x6B,0x57,
  0x94,0x54,0xB2,0x51,0xC9,0x4E,0xD8,0x4B,0xE2,0x48,0xE9,0x45,0xED,0x42,0xF0,0x3F,
  0xF3,0x3C,0xF6,0x39,0xFB,0x36,0x03,0x34,0x0E,0x31,0x1D,0x2E,0x30,0x2B,0x47,0x28,
  0x64,0x25,0x85,0x22,0xAB,0x1F,0xD6,0x1C,0x06,0x1A,0x3B,0x17,0x74,0x14,0xB1,0x11,
  0xF2,0x0E,0x36,0x0C,0x7C,0x09,0xC5,0x06,0x0F,0x04,0x5A,0x01,0xA6,0xFE,0xF1,0xFB,
  0x3B,0xF9,0x84,0xF6,0xCA,0xF3,0x0E,0xF1,0x4F,0xEE,0x8C,0xEB,0xC5,0xE8,0xFA,0xE5,
  0x2A,0xE3,0x55,0xE0,0x7B,0xDD,0x9C,0xDA,0xB9,0xD7,0xD0,0xD4,0xE3,0xD1,0xF2,0xCE,
  0xFD,0xCB,0x05,0xC9,0x0A,0xC6,0x0D,0xC3,0x10,0xC0,0x13,0xBD,0x17,0xBA,0x1E,0xB7,
  0x28,0xB4,0x37,0xB1,0x4E,0xAE,0x6C,0xAB,0x95,0xA8,0xC9,0xA5,0x0B,0xA3,0x5C,0xA0,
  0xBF,0x9D,0x36,0x9B,0xC1,0x98,0x65,0x96,0x22,0x94,0xFC,0x91,0xF3,0x8F,0x0A,0x8E,
  0x44,0x8C,0xA1,0x8A,0x26,0x89,0xD2,0x87,0xA9,0x86,0xAC,0x85,0xDD,0x84,0x3E,0x84,
  0xD0,0x83,0x94,0x83,0x8D,0x83,0xBB,0x83,0x20,0x84,0xBC,0x84,0x90,0x85,0x9E,0x86,
  0xE5,0x87,0x66,0x89,0x21,0x8B,0x16,0x8D,0x46,0x8F,0xAE,0x91,0x50,0x94,0x2B,0x97,
  0x3D,0x9A,0x85,0x9D,0x03,0xA1,0xB5,0xA4,0x99,0xA8,0xAD,0xAC,0xF1,0xB0,0x60,0xB5,
  0xFA,0xB9,0xBC,0xBE,0xA4,0xC3,0xAE,0xC8,0xD8,0xCD,0x20,0xD3,0x81,0xD8,0xFA,0xDD,
  0x87,0xE3,0x25,0xE9,0xD0,0xEE,0x85,0xF4,0x41,0xFA,0x00,0x00,0xBF,0x05,0x7B,0x0B,
  0x30,0x11,0xDB,0x16,0x79,0x1C,0x06,0x22,0x7F,0x27,0xE0,0x2C,0x28,0x32,0x52,0x37,
  0x5C,0x3C,0x44,0x41,0x06,0x46,0xA0,0x4A,0x0F,0x4F,0x53,0x53,0x67,0x57,0x4B,0x5B,
  0xFD,0x5E,0x7B,0x62,0xC3,0x65,0xD5,0x68,0xB0,0x6B,0x52,0x6E,0xBA,0x70,0xEA,0x72,
  0xDF,0x74,0x9A,0x76,0x1B,0x78,0x62,0x79,0x70,0x7A,0x44,0x7B,0xE0,0x7B,0x45,0x7C,
  0x73,0x7C,0x6C,0x7C,0x30,0x7C,0xC2,0x7B,0x23,0x7B,0x54,0x7A,0x57,0x79,0x2E,0x78,
  0xDA,0x76,0x5F,0x75,0xBC,0x73,0xF6,0x71,0x0D,0x70,0x04,0x6E,0xDE,0x6B,0x9B,0x69,
  0x3F,0x67,0xCA,0x64,0x41,0x62,0xA4,0x5F,0xF5,0x5C,0x37,0x5A,0x6B,0x57,0x94,0x54,
  0xB2,0x51,0xC9,0x4E,0xD8,0x4B,0xE2,0x48,0xE9,0x45,0xED,0x42,0xF0,0x3F,0xF3,0x3C,
  0xF6,0x39,0xFB,0x36,0x03,0x34,0x0E,0x31,0x1D,0x2E,0x30,0x2B,0x47,0x28,0x64,0x25,
  0x85,0x22,0xAB,0x1F,0xD6,0x1C,0x06,0x1A,0x3B,0x17,0x74,0x14,0xB1,0x11,0xF2,0x0E,
  0x36,0x0C,0x7C,0x09,0xC5,0x06,0x0F,0x04,0x5A,0x01,0xA6,0xFE,0xF1,0xFB,0x3B,0xF9,
  0x84,0xF6,0xCA,0xF3,0x0E,0xF1,0x4F,0xEE,0x8C,0xEB,0xC5,0xE8,0xFA,0xE5,0x2A,0xE3,
  0x55,0xE0,0x7B,0xDD,0x9C,0xDA,0xB9,0xD7,0xD0,0xD4,0xE3,0xD1,0xF2,0xCE,0xFD,0xCB,
  0x05,0xC9,0x0A,0xC6,0x0D,0xC3,0x10,0xC0,0x13,0xBD,0x17,0xBA,0x1E,0xB7,0x28,0xB4,
  0x37,0xB1,0x4E,0xAE,0x6C,0xAB,0x95,0xA8,0xC9,0xA5,0x0B,0xA3,0x5C,0xA0,0xBF,0x9D,
  0x36,0x9B,0xC1,0x98,0x65,0x96,0x22,0x94,0xFC,0x91,0xF3,0x8F,0x0A,0x8E,0x44,0x8C,
  0xA1,0x8A,0x26,0x89,0xD2,0x87,0xA9,0x86,0xAC,0x85,0xDD,0x84,0x3E,0x84,0xD0,0x83,
  0x94,0x83,0x8D,0x83,0xBB,0x83,0x20,0x84,0xBC,0x84,0x90,0x85,0x9E,0x86,0xE5,0x87,
  0x66,0x89,0x21,0x8B,0x16,0x8D,0x46,0x8F,0xAE,0x91,0x50,0x94,0x2B,0x97,0x3D,0x9A,
  0x85,0x9D,0x03,0xA1,0xB5,0xA4,0x99,0xA8,0xAD,0xAC,0xF1,0xB0,0x60,0xB5,0xFA,0xB9,
  0xBC,0xBE,0xA4,0xC3,0xAE,0xC8,0xD8,0xCD,0x20,0xD3,0x81,0xD8,0xFA,0xDD,0x87,0xE3,
  0x25,0xE9,0xD0,0xEE,0x85,0xF4,0x41,0xFA,0x00,0x00,0xBF,0x05,0x7B,0x0B,0x30,0x11,
  0xDB,0x16,0x79,0x1C,0x06,0x22,0x7F,0x27,0xE0,0x2C,0x28,0x32,0x52,0x37,0x5C,0x3C,
  0x44,0x41,0x06,0x46,0xA0,0x4A,0x0F,0x4F,0x53,0x53,0x67,0x57,0x4B,0x5B,0xFD,0x5E,
  0x7B,0x62,0xC3,0x65,0xD5,0x68,0xB0,0x6B,0x52,0x6E,0xBA,0x70,0xEA,0x72,0xDF,0x74,
  0x9A,0x76,0x1B,0x78,0x62,0x79,0x70,0x7A,0x44,0x7B,0xE0,0x7B,0x45,0x7C,0x73,0x7C,
  0x6C,0x7C,0x30,0x7C,0xC2,0x7B,0x23,0x7B,0x54,0x7A,0x57,0x79,0x2E,0x78,0xDA,0x76,
  0x5F,0x75,0xBC,0x73,0xF6,0x71,0x0D,0x70,0x04,0x6E,0xDE,0x6B,0x9B,0x69,0x3F,0x67,
  0xCA,0x64,0x41,0x62,0xA4,0x5F,0xF5,0x5C,0x37,0x5A,0x6B,0x57,0x94,0x54,0xB2,0x51,
  0xC9,0x4E,0xD8,0x4B,0xE2,0x48,0xE9,0x45,0xED,0x42,0xF0,0x3F,0xF3,0x3C,0xF6,0x39,
  0xFB,0x36,0x03,0x34,0x0E,0x31,0x1D,0x2E,0x30,0x2B,0x47,0x28,0x64,0x25,0x85,0x22,
  0xAB,0x1F,0xD6,0x1C,0x06,0x1A,0x3B,0x17,0x74,0x14,0xB1,0x11,0xF2,0x0E,0x36,0x0C,
  0x7C,0x09,0xC5,0x06,0x0F,0x04,0x5A,0x01,0xA6,0xFE,0xF1,0xFB,0x3B,0xF9,0x84,0xF6,
  0xCA,0xF3,0x0E,0xF1,0x4F,0xEE,0x8C,0xEB,0xC5,0xE8,0xFA,0xE5,0x2A,0xE3,0x55,0xE0,
  0x7B,0xDD,0x9C,0xDA,0xB9,0xD7,0xD0,0xD4,0xE3,0xD1,0xF2,0xCE,0xFD,0xCB,0x05,0xC9,
  0x0A,0xC6,0x0D,0xC3,0x10,0xC0,0x13,0xBD,0x17,0xBA,0x1E,0xB7,0x28,0xB4,0x37,0xB1,
  0x4E,0xAE,0x6C,0xAB,0x95,0xA8,0xC9,0xA5,0x0B,0xA3,0x5C,0xA0,0xBF,0x9D,0x36,0x9B,
  0xC1,0x98,0x65,0x96,0x22,0x94,0xFC,0x91,0xF3,0x8F,0x0A,0x8E,0x44,0x8C,0xA1,0x8A,
  0x26,0x89,0xD2,0x87,0xA9,0x86,0xAC,0x85,0xDD,0x84,0x3E,0x84,0xD0,0x83,0x94,0x83,
  0x8D,0x83,0xBB,0x83,0x20,0x84,0xBC,0x84,0x90,0x85,0x9E,0x86,0xE5,0x87,0x66,0x89,
  0x21,0x8B,0x16,0x8D,0x46,0x8F,0xAE,0x91,0x50,0x94,0x2B,0x97,0x3D,0x9A,0x85,0x9D,
  0x03,0xA1,0xB5,0xA4,0x99,0xA8,0xAD,0xAC,0xF1,0xB0,0x60,0xB5,0xFA,0xB9,0xBC,0xBE,
  0xA4,0xC3,0xAE,0xC8,0xD8,0xCD,0x20,0xD3,0x81,0xD8,0xFA,0xDD,0x87,0xE3,0x25,0xE9,
  0xD0,0xEE,0x85,0xF4,0x41,0xFA,0x00,0x00,0xBF,0x05,0x7B,0x0B,0x30,0x11,0xDB,0x16,
  0x79,0x1C,0x06,0x22,0x7F,0x27,0xE0,0x2C,0x28,0x32,0x52,0x37,0x5C,0x3C,0x44,0x41,
  0x06,0x46,0xA0,0x4A,0x0F,0x4F,0x53,0x53,0x67,0x57,0x4B,0x5B,0xFD,0x5E,0x7B,0x62,
  0xC3,0x65,0xD5,0x68,0xB0,0x6B,0x52,0x6E,0xBA,0x70,0xEA,0x72,0xDF,0x74,0x9A,0x76,
  0x1B,0x78,0x62,0x79,0x70,0x7A,0x44,0x7B,0xE0,0x7B,0x45,0x7C,0x73,0x7C,0x6C,0x7C,
  0x30,0x7C,0xC2,0x7B,0x23,0x7B,0x54,0x7A,0x57,0x79,0x2E,0x78,0xDA,0x76,0x5F,0x75,
  0xBC,0x73,0xF6,0x71,0x0D,0x70,0x04,0x6E,0xDE,0x6B,0x9B,0x69,0x3F,0x67,0xCA,0x64,
  0x41,0x62,0xA4,0x5F,0xF5,0x5C,0x37,0x5A,0x6B,0x57,0x94,0x54,0xB2,0x51,0xC9,0x4E,
  0xD8,0x4B,0xE2,0x48,0xE9,0x45,0xED,0x42,0xF0,0x3F,0xF3,0x3C,0xF6,0x39,0xFB,0x36,
  0x03,0x34,0x0E,0x31,0x1D,0x2E,0x30,0x2B,0x47,0x28,0x64,0x25,0x85,0x22,0xAB,0x1F,
  0xD6,0x1C,0x06,0x1A,0x3B,0x17,0x74,0x14,0xB1,0x11,0xF2,0x0E,0x36,0x0C,0x7C,0x09,
  0xC5,0x06,0x0F,0x04,0x5A,0x01,0xA6,0xFE,0xF1,0xFB,0x3B,0xF9,0x84,0xF6,0xCA,0xF3,
  0x0E,0xF1,0x4F,0xEE,0x8C,0xEB,0xC5,0xE8,0xFA,0xE5,0x2A,0xE3,0x55,0xE0,0x7B,0xDD,
  0x9C,0xDA,0xB9,0xD7,0xD0,0xD4,0xE3,0xD1,0xF2,0xCE,0xFD,0xCB,0x05,0xC9,0x0A,0xC6,
  0x0D,0xC3,0x10,0xC0,0x13,0xBD,0x17,0xBA,0x1E,0xB7,0x28,0xB4,0x37,0xB1,0x4E,0xAE,
  0x6C,0xAB,0x95,0xA8,0xC9,0xA5,0x0B,0xA3,0x5C,0xA0,0xBF,0x9D,0x36,0x9B,0xC1,0x98,
  0x65,0x96,0x22,0x94,0xFC,0x91,0xF3,0x8F,0x0A,0x8E,0x44,0x8C,0xA1,0x8A,0x26,0x89,
  0xD2,0x87,0xA9,0x86,0xAC,0x85,0xDD,0x84,0x3E,0x84,0xD0,0x83,0x94,0x83,0x8D,0x83,
  0xBB,0x83,0x20,0x84,0xBC,0x84,0x90,0x85,0x9E,0x86,0xE5,0x87,0x66,0x89,0x21,0x8B,
  0x16,0x8D,0x46,0x8F,0xAE,0x91,0x50,0x94,0x2B,0x97,0x3D,0x9A,0x85,0x9D,0x03,0xA1,
  0xB5,0xA4,0x99,0xA8,0xAD,0xAC,0xF1,0xB0,0x60,0xB5,0xFA,0xB9,0xBC,0xBE,0xA4,0xC3,
  0xAE,0xC8,0xD8,0xCD,0x20,0xD3,0x81,0xD8,0xFA,0xDD,0x87,0xE3,0x25,0xE9,0xD0,0xEE,
  0x85,0xF4,0x41,0xFA,0x00,0x00,0xBF,0x05,0x7B,0x0B,0x30,0x11,0xDB,0x16,0x79,0x1C,
  0x06,0x22,0x7F,0x27,0xE0,0x2C,0x28,0x32,0x52,0x37,0x5C,0x3C,0x44,0x41,0x06,0x46,
  0xA0,0x4A,0x0F,0x4F,0x53,0x53,0x67,0x57,0x4B,0x5B,0xFD,0x5E,0x7B,0x62,0xC3,0x65,
  0xD5,0x68,0xB0,0x6B,0x52,0x6E,0xBA,0x70,0xEA,0x72,0xDF,0x74,0x9A,0x76,0x1B,0x78,
  0x62,0x79,0x70,0x7A,0x44,0x7B,0xE0,0x7B,0x45,0x7C,0x73,0x7C,0x6C,0x7C,0x30,0x7C,
  0xC2,0x7B,0x23,0x7B,0x54,0x7A,0x57,0x79,0x2E,0x78,0xDA,0x76,0x5F,0x75,0xBC,0x73,
  0xF6,0x71,0x0D,0x70,0x04,0x6E,0xDE,0x6B,0x9B,0x69,0x3F,0x67,0xCA,0x64,0x41,0x62,
  0xA4,0x5F,0xF5,0x5C,0x37,0x5A,0x6B,0x57,0x94,0x54,0xB2,0x51,0xC9,0x4E,0xD8,0x4B,
  0xE2,0x48,0xE9,0x45,0xED,0x42,0xF0,0x3F,0xF3,0x3C,0xF6,0x39,0xFB,0x36,0x03,0x34,
  0x0E,0x31,0x1D,0x2E,0x30,0x2B,0x47,0x28,0x64,0x25,0x85,0x22,0xAB,0x1F,0xD6,0x1C,
  0x06,0x1A,0x3B,0x17,0x74,0x14,0xB1,0x11,0xF2,0x0E,0x36,0x0C,0x7C,0x09,0xC5,0x06,
  0x0F,0x04,0x5A,0x01,0xA6,0xFE,0xF1,0xFB,0x3B,0xF9,0x84,0xF6,0xCA,0xF3,0x0E,0xF1,
  0x4F,0xEE,0x8C,0xEB,0xC5,0xE8,0xFA,0xE5,0x2A,0xE3,0x55,0xE0,0x7B,0xDD,0x9C,0xDA,
  0xB9,0xD7,0xD0,0xD4,0xE3,0xD1,0xF2,0xCE,0xFD,0xCB,0x05,0xC9,0x0A,0xC6,0x0D,0xC3,
  0x10,0xC0,0x13,0xBD,0x17,0xBA,0x1E,0xB7,0x28,0xB4,0x37,0xB1,0x4E,0xAE,0x6C,0xAB,
  0x95,0xA8,0xC9,0xA5,0x0B,0xA3,0x5C,0xA0,0xBF,0x9D,0x36,0x9B,0xC1,0x98,0x65,0x96,
  0x22,0x94,0xFC,0x91,0xF3,0x8F,0x0A,0x8E,0x44,0x8C,0xA1,0x8A,0x26,0x89,0xD2,0x87,
  0xA9,0x86,0xAC,0x85,0xDD,0x84,0x3E,0x84,0xD0,0x83,0x94,0x83,0x8D,0x83,0xBB,0x83,
  0x20,0x84,0xBC,0x84,0x90,0x85,0x9E,0x86,0xE5,0x87,0x66,0x89,0x21,0x8B,0x16,0x8D,
  0x46,0x8F,0xAE,0x91,0x50,0x94,0x2B,0x97,0x3D,0x9A,0x85,0x9D,0x03,0xA1,0xB5,0xA4,
  0x99,0xA8,0xAD,0xAC,0xF1,0xB0,0x60,0xB5,0xFA,0xB9,0xBC,0xBE,0xA4,0xC3,0xAE,0xC8,
  0xD8,0xCD,0x20,0xD3,0x81,0xD8,0xFA,0xDD,0x87,0xE3,0x25,0xE9,0xD0,0xEE,0x85,0xF4,
  0x41,0xFA,0x00,0x00,0xBF,0x05,0x7B,0x0B,0x30,0x11,0xDB,0x16,0x79,0x1C,0x06,0x22,
  0x7F,0x27,0xE0,0x2C,0x28,0x32,0x52,0x37,0x5C,0x3C,0x44,0x41,0x06,0x46,0xA0,0x4A,
  0x0F,0x4F,0x53,0x53,0x67,0x57,0x4B,0x5B,0xFD,0x5E,0x7B,0x62,0xC3,0x65,0xD5,0x68,
  0xB0,0x6B,0x52,0x6E,0xBA,0x70,0xEA,0x72,0xDF,0x74,0x9A,0x76,0x1B,0x78,0x62,0x79,
  0x70,0x7A,0x44,0x7B,0xE0,0x7B,0x45,0x7C,0x73,0x7C,0x6C,0x7C,0x30,0x7C,0xC2,0x7B,
  0x23,0x7B,0x54,0x7A,0x57,0x79,0x2E,0x78,0xDA,0x76,0x5F,0x75,0xBC,0x73,0xF6,0x71,
  0x0D,0x70,0x04,0x6E,0xDE,0x6B,0x9B,0x69,0x3F,0x67,0xCA,0x64,0x41,0x62,0xA4,0x5F,
  0xF5,0x5C,0x37,0x5A,0x6B,0x57,0x94,0x54,0xB2,0x51,0xC9,0x4E,0xD8,0x4B,0xE2,0x48,
  0xE9,0x45,0xED,0x42,0xF0,0x3F,0xF3,0x3C,0xF6,0x39,0xFB,0x36,0x03,0x34,0x0E,0x31,
  0x1D,0x2E,0x30,0x2B,0x47,0x28,0x64,0x25,0x85,0x22,0xAB,0x1F,0xD6,0x1C,0x06,0x1A,
  0x3B,0x17,0x74,0x14,0xB1,0x11,0xF2,0x0E,0x36,0x0C,0x7C,0x09,0xC5,0x06,0x0F,0x04,
  0x5A,0x01,0xA6,0xFE,0xF1,0xFB,0x3B,0xF9,0x84,0xF6,0xCA,0xF3,0x0E,0xF1,0x4F,0xEE,
  0x8C,0xEB,0xC5,0xE8,0xFA,0xE5,0x2A,0xE3,0x55,0xE0,0x7B,0xDD,0x9C,0xDA,0xB9,0xD7,
  0xD0,0xD4,0xE3,0xD1,0xF2,0xCE,0xFD,0xCB,0x05,0xC9,0x0A,0xC6,0x0D,0xC3,0x10,0xC0,
  0x13,0xBD,0x17,0xBA,0x1E,0xB7,0x28,0xB4,0x37,0xB1,0x4E,0xAE,0x6C,0xAB,0x95,0xA8,
  0xC9,0xA5,0x0B,0xA3,0x5C,0xA0,0xBF,0x9D,0x36,0x9B,0xC1,0x98,0x65,0x96,0x22,0x94,
  0xFC,0x91,0xF3,0x8F,0x0A,0x8E,0x44,0x8C,0xA1,0x8A,0x26,0x89,0xD2,0x87,0xA9,0x86,
  0xAC,0x85,0xDD,0x84,0x3E,0x84,0xD0,0x83,0x94,0x83,0x8D,0x83,0xBB,0x83,0x20,0x84,
  0xBC,0x84,0x90,0x85,0x9E,0x86,0xE5,0x87,0x66,0x89,0x21,0x8B,0x16,0x8D,0x46,0x8F,
  0xAE,0x91,0x50,0x94,0x2B,0x97,0x3D,0x9A,0x85,0x9D,0x03,0xA1,0xB5,0xA4,0x99,0xA8,
  0xAD,0xAC,0xF1,0xB0,0x60,0xB5,0xFA,0xB9,0xBC,0xBE,0xA4,0xC3,0xAE,0xC8,0xD8,0xCD,
  0x20,0xD3,0x81,0xD8,0xFA,0xDD,0x87,0xE3,0x25,0xE9,0xD0,0xEE,0x85,0xF4,0x41,0xFA,
  0x00,0x00,0xBF,0x05,0x7B,0x0B,0x30,0x11,0xDB,0x16,0x79,0x1C,0x06,0x22,0x7F,0x27,
  0xE0,0x2C,0x28,0x32,0x52,0x37,0x5C,0x3C,0x44,0x41,0x06,0x46,0xA0,0x4A,0x0F,0x4F,
  0x53,0x53,0x67,0x57,0x4B,0x5B,0xFD,0x5E,0x7B,0x62,0xC3,0x65,0xD5,0x68,0xB0,0x6B,
  0x52,0x6E,0xBA,0x70,0xEA,0x72,0xDF,0x74,0x9A,0x76,0x1B,0x78,0x62,0x79,0x70,0x7A,
  0x44,0x7B,0xE0,0x7B,0x45,0x7C,0x73,0x7C,0x6C,0x7C,0x30,0x7C,0xC2,0x7B,0x23,0x7B,
  0x54,0x7A,0x57,0x79,0x2E,0x78,0xDA,0x76,0x5F,0x75,0xBC,0x73,0xF6,0x71,0x0D,0x70,
  0x04,0x6E,0xDE,0x6B,0x9B,0x69,0x3F,0x67,0xCA,0x64,0x41,0x62,0xA4,0x5F,0xF5,0x5C,
  0x37,0x5A,0x6B,0x57,0x94,0x54,0xB2,0x51,0xC9,0x4E,0xD8,0x4B,0xE2,0x48,0xE9,0x45,
  0xED,0x42,0xF0,0x3F,0xF3,0x3C,0xF6,0x39,0xFB,0x36,0x03,0x34,0x0E,0x31,0x1D,0x2E,
  0x30,0x2B,0x47,0x28,0x64,0x25,0x85,0x22,0xAB,0x1F,0xD6,0x1C,0x06,0x1A,0x3B,0x17,
  0x74,0x14,0xB1,0x11,0xF2,0x0E,0x36,0x0C,0x7C,0x09,0xC5,0x06,0x0F,0x04,0x5A,0x01,
  0xA6,0xFE,0xF1,0xFB,0x3B,0xF9,0x84,0xF6,0xCA,0xF3,0x0E,0xF1,0x4F,0xEE,0x8C,0xEB,
  0xC5,0xE8,0xFA,0xE5,0x2A,0xE3,0x55,0xE0,0x7B,0xDD,0x9C,0xDA,0xB9,0xD7,0xD0,0xD4,
  0xE3,0xD1,0xF2,0xCE,0xFD,0xCB,0x05,0xC9,0x0A,0xC6,0x0D,0xC3,0x10,0xC0,0x13,0xBD,
  0x17,0xBA,0x1E,0xB7,0x28,0xB4,0x37,0xB1,0x4E,0xAE,0x6C,0xAB,0x95,0xA8,0xC9,0xA5,
  0x0B,0xA3,0x5C,0xA0,0xBF,0x9D,0x36,0x9B,0xC1,0x98,0x65,0x96,0x22,0x94,0xFC,0x91,
  0xF3,0x8F,0x0A,0x8E,0x44,0x8C,0xA1,0x8A,0x26,0x89,0xD2,0x87,0xA9,0x86,0xAC,0x85,
  0xDD,0x84,0x3E,0x84,0xD0,0x83,0x94,0x83,0x8D,0x83,0xBB,0x83,0x20,0x84,0xBC,0x84,
  0x90,0x85,0x9E,0x86,0xE5,0x87,0x66,0x89,0x21,0x8B,0x16,0x8D,0x46,0x8F,0xAE,0x91,
  0x50,0x94,0x2B,0x97,0x3D,0x9A,0x85,0x9D,0x03,0xA1,0xB5,0xA4,0x99,0xA8,0xAD,0xAC,
  0xF1,0xB0,0x60,0xB5,0xFA,0xB9,0xBC,0xBE,0xA4,0xC3,0xAE,0xC8,0xD8,0xCD,0x20,0xD3,
  0x81,0xD8,0xFA,0xDD,0x87,0xE3,0x25,0xE9,0xD0,0xEE,0x85,0xF4,0x41,0xFA,0x00,0x00,
  0xBF,0x05,0x7B,0x0B,0x30,0x11,0xDB,0x16,0x79,0x1C,0x06,0x22,0x7F,0x27,0xE0,0x2C,
  0x28,0x32,0x52,0x37,0x5C,0x3C,0x44,0x41,0x06,0x46,0xA0,0x4A,0x0F,0x4F,0x53,0x53,
  0x67,0x57,0x4B,0x5B,0xFD,0x5E,0x7B,0x62,0xC3,0x65,0xD5,0x68,0xB0,0x6B,0x52,0x6E,
  0xBA,0x70,0xEA,0x72,0xDF,0x74,0x9A,0x76,0x1B,0x78,0x62,0x79,0x70,0x7A,0x44,0x7B,
  0xE0,0x7B,0x45,0x7C,0x73,0x7C,0x6C,0x7C,0x30,0x7C,0xC2,0x7B,0x23,0x7B,0x54,0x7A,
  0x57,0x79,0x2E,0x78,0xDA,0x76,0x5F,0x75,0xBC,0x73,0xF6,0x71,0x0D,0x70,0x04,0x6E,
  0xDE,0x6B,0x9B,0x69,0x3F,0x67,0xCA,0x64,0x41,0x62,0xA4,0x5F,0xF5,0x5C,0x37,0x5A,
  0x6B,0x57,0x94,0x54,0xB2,0x51,0xC9,0x4E,0xD8,0x4B,0xE2,0x48,0xE9,0x45,0xED,0x42,
  0xF0,0x3F,0xF3,0x3C,0xF6,0x39,0xFB,0x36,0x03,0x34,0x0E,0x31,0x1D,0x2E,0x30,0x2B,
  0x47,0x28,0x64,0x25,0x85,0x22,0xAB,0x1F,0xD6,0x1C,0x06,0x1A,0x3B,0x17,0x74,0x14,
  0xB1,0x11,0xF2,0x0E,0x36,0x0C,0x7C,0x09,0xC5,0x06,0x0F,0x04,0x5A,0x01,0xA6,0xFE,
  0xF1,0xFB,0x3B,0xF9,0x84,0xF6,0xCA,0xF3,0x0E,0xF1,0x4F,0xEE,0x8C,0xEB,0xC5,0xE8,
  0xFA,0xE5,0x2A,0xE3,0x55,0xE0,0x7B,0xDD,0x9C,0xDA,0xB9,0xD7,0xD0,0xD4,0xE3,0xD1,
  0xF2,0xCE,0xFD,0xCB,0x05,0xC9,0x0A,0xC6,0x0D,0xC3,0x10,0xC0,0x13,0xBD,0x17,0xBA,
  0x1E,0xB7,0x28,0xB4,0x37,0xB1,0x4E,0xAE,0x6C,0xAB,0x95,0xA8,0xC9,0xA5,0x0B,0xA3,
  0x5C,0xA0,0xBF,0x9D,0x36,0x9B,0xC1,0x98,0x65,0x96,0x22,0x94,0xFC,0x91,0xF3,0x8F,
  0x0A,0x8E,0x44,0x8C,0xA1,0x8A,0x26,0x89,0xD2,0x87,0xA9,0x86,0xAC,0x85,0xDD,0x84,
  0x3E,0x84,0xD0,0x83,0x94,0x83,0x8D,0x83,0xBB,0x83,0x20,0x84,0xBC,0x84,0x90,0x85,
  0x9E,0x86,0xE5,0x87,0x66,0x89,0x21,0x8B,0x16,0x8D,0x46,0x8F,0xAE,0x91,0x50,0x94,
  0x2B,0x97,0x3D,0x9A,0x85,0x9D,0x03,0xA1,0xB5,0xA4,0x99,0xA8,0xAD,0xAC,0xF1,0xB0,
  0x60,0xB5,0xFA,0xB9,0xBC,0xBE,0xA4,0xC3,0xAE,0xC8,0xD8,0xCD,0x20,0xD3,0x81,0xD8,
  0xFA,0xDD,0x87,0xE3,0x25,0xE9,0xD0,0xEE,0x85,0xF4,0x41,0xFA,0x00,0x00,0xBF,0x05,
  0x7B,0x0B,0x30,0x11,0xDB,0x16,0x79,0x1C,0x06,0x22,0x7F,0x27,0xE0,0x2C,0x28,0x32,
  0x52,0x37,0x5C,0x3C,0x44,0x41,0x06,0x46,0xA0,0x4A,0x0F,0x4F,0x53,0x53,0x67,0x57,
  0x4B,0x5B,0xFD,0x5E,0x7B,0x62,0xC3,0x65,0xD5,0x68,0xB0,0x6B,0x52,0x6E,0xBA,0x70,
  0xEA,0x72,0xDF,0x74,0x9A,0x76,0x1B,0x78,0x62,0x79,0x70,0x7A,0x44,0x7B,0xE0,0x7B,
  0x45,0x7C,0x73,0x7C,0x6C,0x7C,0x30,0x7C,0xC2,0x7B,0x23,0x7B,0x54,0x7A,0x57,0x79,
  0x2E,0x78,0xDA,0x76,0x5F,0x75,0xBC,0x73,0xF6,0x71,0x0D,0x70,0x04,0x6E,0xDE,0x6B,
  0x9B,0x69,0x3F,0x67,0xCA,0x64,0x41,0x62,0xA4,0x5F,0xF5,0x5C,0x37,0x5A,0x6B,0x57,
  0x94,0x54,0xB2,0x51,0xC9,0x4E,0xD8,0x4B,0xE2,0x48,0xE9,0x45,0xED,0x42,0xF0,0x3F,
  0xF3,0x3C,0xF6,0x39,0xFB,0x36,0x03,0x34,0x0E,0x31,0x1D,0x2E,0x30,0x2B,0x47,0x28,
  0x64,0x25,0x85,0x22,0xAB,0x1F,0xD6,0x1C,0x06,0x1A,0x3B,0x17,0x74,0x14,0xB1,0x11,
  0xF2,0x0E,0x36,0x0C,0x7C,0x09,0xC5,0x06,0x0F,0x04,0x5A,0x01,0xA6,0xFE,0xF1,0xFB,
  0x3B,0xF9,0x84,0xF6,0xCA,0xF3,0x0E,0xF1,0x4F,0xEE,0x8C,0xEB,0xC5,0xE8,0xFA,0xE5,
  0x2A,0xE3,0x55,0xE0,0x7B,0xDD,0x9C,0xDA,0xB9,0xD7,0xD0,0xD4,0xE3,0xD1,0xF2,0xCE,
  0xFD,0xCB,0x05,0xC9,0x0A,0xC6,0x0D,0xC3,0x10,0xC0,0x13,0xBD,0x17,0xBA,0x1E,0xB7,
  0x28,0xB4,0x37,0xB1,0x4E,0xAE,0x6C,0xAB,0x95,0xA8,0xC9,0xA5,0x0B,0xA3,0x5C,0xA0,
  0xBF,0x9D,0x36,0x9B,0xC1,0x98,0x65,0x96,0x22,0x94,0xFC,0x91,0xF3,0x8F,0x0A,0x8E,
  0x44,0x8C,0xA1,0x8A,0x26,0x89,0xD2,0x87,0xA9,0x86,0xAC,0x85,0xDD,0x84,0x3E,0x84,
  0xD0,0x83,0x94,0x83,0x8D,0x83,0xBB,0x83,0x20,0x84,0xBC,0x84,0x90,0x85,0x9E,0x86,
  0xE5,0x87,0x66,0x89,0x21,0x8B,0x16,0x8D,0x46,0x8F,0xAE,0x91,0x50,0x94,0x2B,0x97,
  0x3D,0x9A,0x85,0x9D,0x03,0xA1,0xB5,0xA4,0x99,0xA8,0xAD,0xAC,0xF1,0xB0,0x60,0xB5,
  0xFA,0xB9,0xBC,0xBE,0xA4,0xC3,0xAE,0xC8,0xD8,0xCD,0x20,0xD3,0x81,0xD8,0xFA,0xDD,
  0x87,0xE3,0x25,0xE9,0xD0,0xEE,0x85,0xF4,0x41,0xFA,0x00,0x00,0xBF,0x05,0x7B,0x0B,
  0x30,0x11,0xDB,0x16,0x79,0x1C,0x06,0x22,0x7F,0x27,0xE0,0x2C,0x28,0x32,0x52,0x37,
  0x5C,0x3C,0x44,0x41,0x06,0x46,0xA0,0x4A,0x0F,0x4F,0x53,0x53,0x67,0x57,0x4B,0x5B,
  0xFD,0x5E,0x7B,0x62,0xC3,0x65,0xD5,0x68,0xB0,0x6B,0x52,0x6E,0xBA,0x70,0xEA,0x72,
  0xDF,0x74,0x9A,0x76,0x1B,0x78,0x62,0x79,0x70,0x7A,0x44,0x7B,0xE0,0x7B,0x45,0x7C,
  0x73,0x7C,0x6C,0x7C,0x30,0x7C,0xC2,0x7B,0x23,0x7B,0x54,0x7A,0x57,0x79,0x2E,0x78,
  0xDA,0x76,0x5F,0x75,0xBC,0x73,0xF6,0x71,0x0D,0x70,0x04,0x6E,0xDE,0x6B,0x9B,0x69,
  0x3F,0x67,0xCA,0x64,0x41,0x62,0xA4,0x5F,0xF5,0x5C,0x37,0x5A,0x6B,0x57,0x94,0x54,
  0xB2,0x51,0xC9,0x4E,0xD8,0x4B,0xE2,0x48,0xE9,0x45,0xED,0x42,0xF0,0x3F,0xF3,0x3C,
  0xF6,0x39,0xFB,0x36,0x03,0x34,0x0E,0x31,0x1D,0x2E,0x30,0x2B,0x47,0x28,0x64,0x25,
  0x85,0x22,0xAB,0x1F,0xD6,0x1C,0x06,0x1A,0x3B,0x17,0x74,0x14,0xB1,0x11,0xF2,0x0E,
  0x36,0x0C,0x7C,0x09,0xC5,0x06,0x0F,0x04,0x5A,0x01,0xA6,0xFE,0xF1,0xFB,0x3B,0xF9,
  0x84,0xF6,0xCA,0xF3,0x0E,0xF1,0x4F,0xEE,0x8C,0xEB,0xC5,0xE8,0xFA,0xE5,0x2A,0xE3,
  0x55,0xE0,0x7B,0xDD,0x9C,0xDA,0xB9,0xD7,0xD0,0xD4,0xE3,0xD1,0xF2,0xCE,0xFD,0xCB,
  0x05,0xC9,0x0A,0xC6,0x0D,0xC3,0x10,0xC0,0x13,0xBD,0x17,0xBA,0x1E,0xB7,0x28,0xB4,
  0x37,0xB1,0x4E,0xAE,0x6C,0xAB,0x95,0xA8,0xC9,0xA5,0x0B,0xA3,0x5C,0xA0,0xBF,0x9D,
  0x36,0x9B,0xC1,0x98,0x65,0x96,0x22,0x94,0xFC,0x91,0xF3,0x8F,0x0A,0x8E,0x44,0x8C,
  0xA1,0x8A,0x26,0x89,0xD2,0x87,0xA9,0x86,0xAC,0x85,0xDD,0x84,0x3E,0x84,0xD0,0x83,
  0x94,0x83,0x8D,0x83,0xBB,0x83,0x20,0x84,0xBC,0x84,0x90,0x85,0x9E,0x86,0xE5,0x87,
  0x66,0x89,0x21,0x8B,0x16,0x8D,0x46,0x8F,0xAE,0x91,0x50,0x94,0x2B,0x97,0x3D,0x9A,
  0x85,0x9D,0x03,0xA1,0xB5,0xA4,0x99,0xA8,0xAD,0xAC,0xF1,0xB0,0x60,0xB5,0xFA,0xB9,
  0xBC,0xBE,0xA4,0xC3,0xAE,0xC8,0xD8,0xCD,0x20,0xD3,0x81,0xD8,0xFA,0xDD,0x87,0xE3,
  0x25,0xE9,0xD0,0xEE,0x85,0xF4,0x41,0xFA,0x00,0x00,0xBF,0x05,0x7B,0x0B,0x30,0x11,
  0xDB,0x16,0x79,0x1C,0x06,0x22,0x7F,0x27,0xE0,0x2C,0x28,0x32,0x52,0x37,0x5C,0x3C,
  0x44,0x41,0x06,0x46,0xA0,0x4A,0x0F,0x4F,0x53,0x53,0x67,0x57,0x4B,0x5B,0xFD,0x5E,
  0x7B,0x62,0xC3,0x65,0xD5,0x68,0xB0,0x6B,0x52,0x6E,0xBA,0x70,0xEA,0x72,0xDF,0x74,
  0x9A,0x76,0x1B,0x78,0x62,0x79,0x70,0x7A,0x44,0x7B,0xE0,0x7B,0x45,0x7C,0x73,0x7C,
  0x6C,0x7C,0x30,0x7C,0xC2,0x7B,0x23,0x7B,0x54,0x7A,0x57,0x79,0x2E,0x78,0xDA,0x76,
  0x5F,0x75,0xBC,0x73,0xF6,0x71,0x0D,0x70,0x04,0x6E,0xDE,0x6B,0x9B,0x69,0x3F,0x67,
  0xCA,0x64,0x41,0x62,0xA4,0x5F,0xF5,0x5C,0x37,0x5A,0x6B,0x57,0x94,0x54,0xB2,0x51,
  0xC9,0x4E,0xD8,0x4B,0xE2,0x48,0xE9,0x45,0xED,0x42,0xF0,0x3F,0xF3,0x3C,0xF6,0x39,
  0xFB,0x36,0x03,0x34,0x0E,0x31,0x1D,0x2E,0x30,0x2B,0x47,0x28,0x64,0x25,0x85,0x22,
  0xAB,0x1F,0xD6,0x1C,0x06,0x1A,0x3B,0x17,0x74,0x14,0xB1,0x11,0xF2,0x0E,0x36,0x0C,
  0x7C,0x09,0xC5,0x06,0x0F,0x04,0x5A,0x01,0xA6,0xFE,0xF1,0xFB,0x3B,0xF9,0x84,0xF6,
  0xCA,0xF3,0x0E,0xF1,0x4F,0xEE,0x8C,0xEB,0xC5,0xE8,0xFA,0xE5,0x2A,0xE3,0x55,0xE0,
  0x7B,0xDD,0x9C,0xDA,0xB9,0xD7,0xD0,0xD4,0xE3,0xD1,0xF2,0xCE,0xFD,0xCB,0x05,0xC9,
  0x0A,0xC6,0x0D,0xC3,0x10,0xC0,0x13,0xBD,0x17,0xBA,0x1E,0xB7,0x28,0xB4,0x37,0xB1,
  0x4E,0xAE,0x6C,0xAB,0x95,0xA8,0xC9,0xA5,0x0B,0xA3,0x5C,0xA0,0xBF,0x9D,0x36,0x9B,
  0xC1,0x98,0x65,0x96,0x22,0x94,0xFC,0x91,0xF3,0x8F,0x0A,0x8E,0x44,0x8C,0xA1,0x8A,
  0x26,0x89,0xD2,0x87,0xA9,0x86,0xAC,0x85,0xDD,0x84,0x3E,0x84,0xD0,0x83,0x94,0x83,
  0x8D,0x83,0xBB,0x83,0x20,0x84,0xBC,0x84,0x90,0x85,0x9E,0x86,0xE5,0x87,0x66,0x89,
  0x21,0x8B,0x16,0x8D,0x46,0x8F,0xAE,0x91,0x50,0x94,0x2B,0x97,0x3D,0x9A,0x85,0x9D,
  0x03,0xA1,0xB5,0xA4,0x99,0xA8,0xAD,0xAC,0xF1,0xB0,0x60,0xB5,0xFA,0xB9,0xBC,0xBE,
  0xA4,0xC3,0xAE,0xC8,0xD8,0xCD,0x20,0xD3,0x81,0xD8,0xFA,0xDD,0x87,0xE3,0x25,0xE9,
  0xD0,0xEE,0x85,0xF4,0x41,0xFA,0x00,0x00,0xBF,0x05,0x7B,0x0B,0x30,0x11,0xDB,0x16,
  0x79,0x1C,0x06,0x22,0x7F,0x27,0xE0,0x2C,0x28,0x32,0x52,0x37,0x5C,0x3C,0x44,0x41,
  0x06,0x46,0xA0,0x4A,0x0F,0x4F,0x53,0x53,0x67,0x57,0x4B,0x5B,0xFD,0x5E,0x7B,0x62,
  0xC3,0x65,0xD5,0x68,0xB0,0x6B,0x52,0x6E,0xBA,0x70,0xEA,0x72,0xDF,0x74,0x9A,0x76,
  0x1B,0x78,0x62,0x79,0x70,0x7A,0x44,0x7B,0xE0,0x7B,0x45,0x7C,0x73,0x7C,0x6C,0x7C,
  0x30,0x7C,0xC2,0x7B,0x23,0x7B,0x54,0x7A,0x57,0x79,0x2E,0x78,0xDA,0x76,0x5F,0x75,
  0xBC,0x73,0xF6,0x71,0x0D,0x70,0x04,0x6E,0xDE,0x6B,0x9B,0x69,0x3F,0x67,0xCA,0x64,
  0x41,0x62,0xA4,0x5F,0xF5,0x5C,0x37,0x5A,0x6B,0x57,0x94,0x54,0xB2,0x51,0xC9,0x4E,
  0xD8,0x4B,0xE2,0x48,0xE9,0x45,0xED,0x42,0xF0,0x3F,0xF3,0x3C,0xF6,0x39,0xFB,0x36,
  0x03,0x34,0x0E,0x31,0x1D,0x2E,0x30,0x2B,0x47,0x28,0x64,0x25,0x85,0x22,0xAB,0x1F,
  0xD6,0x1C,0x06,0x1A,0x3B,0x17,0x74,0x14,0xB1,0x11,0xF2,0x0E,0x36,0x0C,0x7C,0x09,
  0xC5,0x06,0x0F,0x04,0x5A,0x01,0xA6,0xFE,0xF1,0xFB,0x3B,0xF9,0x84,0xF6,0xCA,0xF3,
  0x0E,0xF1,0x4F,0xEE,0x8C,0xEB,0xC5,0xE8,0xFA,0xE5,0x2A,0xE3,0x55,0xE0,0x7B,0xDD,
  0x9C,0xDA,0xB9,0xD7,0xD0,0xD4,0xE3,0xD1,0xF2,0xCE,0xFD,0xCB,0x05,0xC9,0x0A,0xC6,
  0x0D,0xC3,0x10,0xC0,0x13,0xBD,0x17,0xBA,0x1E,0xB7,0x28,0xB4,0x37,0xB1,0x4E,0xAE,
  0x6C,0xAB,0x95,0xA8,0xC9,0xA5,0x0B,0xA3,0x5C,0xA0,0xBF,0x9D,0x36,0x9B,0xC1,0x98,
  0x65,0x96,0x22,0x94,0xFC,0x91,0xF3,0x8F,0x0A,0x8E,0x44,0x8C,0xA1,0x8A,0x26,0x89,
  0xD2,0x87,0xA9,0x86,0xAC,0x85,0xDD,0x84,0x3E,0x84,0xD0,0x83,0x94,0x83,0x8D,0x83,
  0xBB,0x83,0x20,0x84,0xBC,0x84,0x90,0x85,0x9E,0x86,0xE5,0x87,0x66,0x89,0x21,0x8B,
  0x16,0x8D,0x46,0x8F,0xAE,0x91,0x50,0x94,0x2B,0x97,0x3D,0x9A,0x85,0x9D,0x03,0xA1,
  0xB5,0xA4,0x99,0xA8,0xAD,0xAC,0xF1,0xB0,0x60,0xB5,0xFA,0xB9,0xBC,0xBE,0xA4,0xC3,
  0xAE,0xC8,0xD8,0xCD,0x20,0xD3,0x81,0xD8,0xFA,0xDD,0x87,0xE3,0x25,0xE9,0xD0,0xEE,
  0x85,0xF4,0x41,0xFA,0x00,0x00,0xBF,0x05,0x7B,0x0B,0x30,0x11,0xDB,0x16,0x79,0x1C,
  0x06,0x22,0x7F,0x27,0xE0,0x2C,0x28,0x32,0x52,0x37,0x5C,0x3C,0x44,0x41,0x06,0x46,
  0xA0,0x4A,0x0F,0x4F,0x53,0x53,0x67,0x57,0x4B,0x5B,0xFD,0x5E,0x7B,0x62,0xC3,0x65,
  0xD5,0x68,0xB0,0x6B,0x52,0x6E,0xBA,0x70,0xEA,0x72,0xDF,0x74,0x9A,0x76,0x1B,0x78,
  0x62,0x79,0x70,0x7A,0x44,0x7B,0xE0,0x7B,0x45,0x7C,0x73,0x7C,0x6C,0x7C,0x30,0x7C,
  0xC2,0x7B,0x23,0x7B,0x54,0x7A,0x57,0x79,0x2E,0x78,0xDA,0x76,0x5F,0x75,0xBC,0x73,
  0xF6,0x71,0x0D,0x70,0x04,0x6E,0xDE,0x6B,0x9B,0x69,0x3F,0x67,0xCA,0x64,0x41,0x62,
  0xA4,0x5F,0xF5,0x5C,0x37,0x5A,0x6B,0x57,0x94,0x54,0xB2,0x51,0xC9,0x4E,0xD8,0x4B,
  0xE2,0x48,0xE9,0x45,0xED,0x42,0xF0,0x3F,0xF3,0x3C,0xF6,0x39,0xFB,0x36,0x03,0x34,
  0x0E,0x31,0x1D,0x2E,0x30,0x2B,0x47,0x28,0x64,0x25,0x85,0x22,0xAB,0x1F,0xD6,0x1C,
  0x06,0x1A,0x3B,0x17,0x74,0x14,0xB1,0x11,0xF2,0x0E,0x36,0x0C,0x7C,0x09,0xC5,0x06,
  0x0F,0x04,0x5A,0x01,0xA6,0xFE,0xF1,0xFB,0x3B,0xF9,0x84,0xF6,0xCA,0xF3,0x0E,0xF1,
  0x4F,0xEE,0x8C,0xEB,0xC5,0xE8,0xFA,0xE5,0x2A,0xE3,0x55,0xE0,0x7B,0xDD,0x9C,0xDA,
  0xB9,0xD7,0xD0,0xD4,0xE3,0xD1,0xF2,0xCE,0xFD,0xCB,0x05,0xC9,0x0A,0xC6,0x0D,0xC3,
  0x10,0xC0,0x13,0xBD,0x17,0xBA,0x1E,0xB7,0x28,0xB4,0x37,0xB1,0x4E,0xAE,0x6C,0xAB,
  0x95,0xA8,0xC9,0xA5,0x0B,0xA3,0x5C,0xA0,0xBF,0x9D,0x36,0x9B,0xC1,0x98,0x65,0x96,
  0x22,0x94,0xFC,0x91,0xF3,0x8F,0x0A,0x8E,0x44,0x8C,0xA1,0x8A,0x26,0x89,0xD2,0x87,
  0xA9,0x86,0xAC,0x85,0xDD,0x84,0x3E,0x84,0xD0,0x83,0x94,0x83,0x8D,0x83,0xBB,0x83,
  0x20,0x84,0xBC,0x84,0x90,0x85,0x9E,0x86,0xE5,0x87,0x66,0x89,0x21,0x8B,0x16,0x8D,
  0x46,0x8F,0xAE,0x91,0x50,0x94,0x2B,0x97,0x3D,0x9A,0x85,0x9D,0x03,0xA1,0xB5,0xA4,
  0x99,0xA8,0xAD,0xAC,0xF1,0xB0,0x60,0xB5,0xFA,0xB9,0xBC,0xBE,0xA4,0xC3,0xAE,0xC8,
  0xD8,0xCD,0x20,0xD3,0x81,0xD8,0xFA,0xDD,0x87,0xE3,0x25,0xE9,0xD0,0xEE,0x85,0xF4,
  0x41,0xFA,0x00,0x00,0xBF,0x05,0x7B,0x0B,0x30,0x11,0xDB,0x16,0x79,0x1C,0x06,0x22,
  0x7F,0x27,0xE0,0x2C,0x28,0x32,0x52,0x37,0x5C,0x3C,0x44,0x41,0x06,0x46,0xA0,0x4A,
  0x0F,0x4F,0x53,0x53,0x67,0x57,0x4B,0x5B,0xFD,0x5E,0x7B,0x62,0xC3,0x65,0xD5,0x68,
  0xB0,0x6B,0x52,0x6E,0xBA,0x70,0xEA,0x72,0xDF,0x74,0x9A,0x76,0x1B,0x78,0x62,0x79,
  0x70,0x7A,0x44,0x7B,0xE0,0x7B,0x45,0x7C,0x73,0x7C,0x6C,0x7C,0x30,0x7C,0xC2,0x7B,
  0x23,0x7B,0x54,0x7A,0x57,0x79,0x2E,0x78,0xDA,0x76,0x5F,0x75,0xBC,0x73,0xF6,0x71,
  0x0D,0x70,0x04,0x6E,0xDE,0x6B,0x9B,0x69,0x3F,0x67,0xCA,0x64,0x41,0x62,0xA4,0x5F,
  0xF5,0x5C,0x37,0x5A,0x6B,0x57,0x94,0x54,0xB2,0x51,0xC9,0x4E,0xD8,0x4B,0xE2,0x48,
  0xE9,0x45,0xED,0x42,0xF0,0x3F,0xF3,0x3C,0xF6,0x39,0xFB,0x36,0x03,0x34,0x0E,0x31,
  0x1D,0x2E,0x30,0x2B,0x47,0x28,0x64,0x25,0x85,0x22,0xAB,0x1F,0xD6,0x1C,0x06,0x1A,
  0x3B,0x17,0x74,0x14,0xB1,0x11,0xF2,0x0E,0x36,0x0C,0x7C,0x09,0xC5,0x06,0x0F,0x04,
  0x5A,0x01,0xA6,0xFE,0xF1,0xFB,0x3B,0xF9,0x84,0xF6,0xCA,0xF3,0x0E,0xF1,0x4F,0xEE,
  0x8C,0xEB,0xC5,0xE8,0xFA,0xE5,0x2A,0xE3,0x55,0xE0,0x7B,0xDD,0x9C,0xDA,0xB9,0xD7,
  0xD0,0xD4,0xE3,0xD1,0xF2,0xCE,0xFD,0xCB,0x05,0xC9,0x0A,0xC6,0x0D,0xC3,0x10,0xC0,
  0x13,0xBD,0x17,0xBA,0x1E,0xB7,0x28,0xB4,0x37,0xB1,0x4E,0xAE,0x6C,0xAB,0x95,0xA8,
  0xC9,0xA5,0x0B,0xA3,0x5C,0xA0,0xBF,0x9D,0x36,0x9B,0xC1,0x98,0x65,0x96,0x22,0x94,
  0xFC,0x91,0xF3,0x8F,0x0A,0x8E,0x44,0x8C,0xA1,0x8A,0x26,0x89,0xD2,0x87,0xA9,0x86,
  0xAC,0x85,0xDD,0x84,0x3E,0x84,0xD0,0x83,0x94,0x83,0x8D,0x83,0xBB,0x83,0x20,0x84,
  0xBC,0x84,0x90,0x85,0x9E,0x86,0xE5,0x87,0x66,0x89,0x21,0x8B,0x16,0x8D,0x46,0x8F,
  0xAE,0x91,0x50,0x94,0x2B,0x97,0x3D,0x9A,0x85,0x9D,0x03,0xA1,0xB5,0xA4,0x99,0xA8,
  0xAD,0xAC,0xF1,0xB0,0x60,0xB5,0xFA,0xB9,0xBC,0xBE,0xA4,0xC3,0xAE,0xC8,0xD8,0xCD,
  0x20,0xD3,0x81,0xD8,0xFA,0xDD,0x87,0xE3,0x25,0xE9,0xD0,0xEE,0x85,0xF4,0x41,0xFA,
  0x00,0x00,0xBF,0x05,0x7B,0x0B,0x30,0x11,0xDB,0x16,0x79,0x1C,0x06,0x22,0x7F,0x27,
  0xE0,0x2C,0x28,0x32,0x52,0x37,0x5C,0x3C,0x44,0x41,0x06,0x46,0xA0,0x4A,0x0F,0x4F,
  0x53,0x53,0x67,0x57,0x4B,0x5B,0xFD,0x5E,0x7B,0x62,0xC3,0x65,0xD5,0x68,0xB0,0x6B,
  0x52,0x6E,0xBA,0x70,0xEA,0x72,0xDF,0x74,0x9A,0x76,0x1B,0x78,0x62,0x79,0x70,0x7A,
  0x44,0x7B,0xE0,0x7B,0x45,0x7C,0x73,0x7C,0x6C,0x7C,0x30,0x7C,0xC2,0x7B,0x23,0x7B,
  0x54,0x7A,0x57,0x79,0x2E,0x78,0xDA,0x76,0x5F,0x75,0xBC,0x73,0xF6,0x71,0x0D,0x70,
  0x04,0x6E,0xDE,0x6B,0x9B,0x69,0x3F,0x67,0xCA,0x64,0x41,0x62,0xA4,0x5F,0xF5,0x5C,
  0x37,0x5A,0x6B,0x57,0x94,0x54,0xB2,0x51,0xC9,0x4E,0xD8,0x4B,0xE2,0x48,0xE9,0x45,
  0xED,0x42,0xF0,0x3F,0xF3,0x3C,0xF6,0x39,0xFB,0x36,0x03,0x34,0x0E,0x31,0x1D,0x2E,
  0x30,0x2B,0x47,0x28,0x64,0x25,0x85,0x22,0xAB,0x1F,0xD6,0x1C,0x06,0x1A,0x3B,0x17,
  0x74,0x14,0xB1,0x11,0xF2,0x0E,0x36,0x0C,0x7C,0x09,0xC5,0x06,0x0F,0x04,0x5A,0x01,
  0xA6,0xFE,0xF1,0xFB,0x3B,0xF9,0x84,0xF6,0xCA,0xF3,0x0E,0xF1,0x4F,0xEE,0x8C,0xEB,
  0xC5,0xE8,0xFA,0xE5,0x2A,0xE3,0x55,0xE0,0x7B,0xDD,0x9C,0xDA,0xB9,0xD7,0xD0,0xD4,
  0xE3,0xD1,0xF2,0xCE,0xFD,0xCB,0x05,0xC9,0x0A,0xC6,0x0D,0xC3,0x10,0xC0,0x13,0xBD,
  0x17,0xBA,0x1E,0xB7,0x28,0xB4,0x37,0xB1,0x4E,0xAE,0x6C,0xAB,0x95,0xA8,0xC9,0xA5,
  0x0B,0xA3,0x5C,0xA0,0xBF,0x9D,0x36,0x9B,0xC1,0x98,0x65,0x96,0x22,0x94,0xFC,0x91,
  0xF3,0x8F,0x0A,0x8E,0x44,0x8C,0xA1,0x8A,0x26,0x89,0xD2,0x87,0xA9,0x86,0xAC,0x85,
  0xDD,0x84,0x3E,0x84,0xD0,0x83,0x94,0x83,0x8D,0x83,0xBB,0x83,0x20,0x84,0xBC,0x84,
  0x90,0x85,0x9E,0x86,0xE5,0x87,0x66,0x89,0x21,0x8B,0x16,0x8D,0x46,0x8F,0xAE,0x91,
  0x50,0x94,0x2B,0x97,0x3D,0x9A,0x85,0x9D,0x03,0xA1,0xB5,0xA4,0x99,0xA8,0xAD,0xAC,
  0xF1,0xB0,0x60,0xB5,0xFA,0xB9,0xBC,0xBE,0xA4,0xC3,0xAE,0xC8,0xD8,0xCD,0x20,0xD3,
  0x81,0xD8,0xFA,0xDD,0x87,0xE3,0x25,0xE9,0xD0,0xEE,0x85,0xF4,0x41,0xFA,0x00,0x00,
  0xBF,0x05,0x7B,0x0B,0x30,0x11,0xDB,0x16,0x79,0x1C,0x06,0x22,0x7F,0x27,0xE0,0x2C,
  0x28,0x32,0x52,0x37,0x5C,0x3C,0x44,0x41,0x06,0x46,0xA0,0x4A,0x0F,0x4F,0x53,0x53,
  0x67,0x57,0x4B,0x5B,0xFD,0x5E,0x7B,0x62,0xC3,0x65,0xD5,0x68,0xB0,0x6B,0x52,0x6E,
  0xBA,0x70,0xEA,0x72,0xDF,0x74,0x9A,0x76,0x1B,0x78,0x62,0x79,0x70,0x7A,0x44,0x7B,
  0xE0,0x7B,0x45,0x7C,0x73,0x7C,0x6C,0x7C,0x30,0x7C,0xC2,0x7B,0x23,0x7B,0x54,0x7A,
  0x57,0x79,0x2E,0x78,0xDA,0x76,0x5F,0x75,0xBC,0x73,0xF6,0x71,0x0D,0x70,0x04,0x6E,
  0xDE,0x6B,0x9B,0x69,0x3F,0x67,0xCA,0x64,0x41,0x62,0xA4,0x5F,0xF5,0x5C,0x37,0x5A,
  0x6B,0x57,0x94,0x54,0xB2,0x51,0xC9,0x4E,0xD8,0x4B,0xE2,0x48,0xE9,0x45,0xED,0x42,
  0xF0,0x3F,0xF3,0x3C,0xF6,0x39,0xFB,0x36,0x03,0x34,0x0E,0x31,0x1D,0x2E,0x30,0x2B,
  0x47,0x28,0x64,0x25,0x85,0x22,0xAB,0x1F,0xD6,0x1C,0x06,0x1A,0x3B,0x17,0x74,0x14,
  0xB1,0x11,0xF2,0x0E,0x36,0x0C,0x7C,0x09,0xC5,0x06,0x0F,0x04,0x5A,0x01,0xA6,0xFE,
  0xF1,0xFB,0x3B,0xF9,0x84,0xF6,0xCA,0xF3,0x0E,0xF1,0x4F,0xEE,0x8C,0xEB,0xC5,0xE8,
  0xFA,0xE5,0x2A,0xE3,0x55,0xE0,0x7B,0xDD,0x9C,0xDA,0xB9,0xD7,0xD0,0xD4,0xE3,0xD1,
  0xF2,0xCE,0xFD,0xCB,0x05,0xC9,0x0A,0xC6,0x0D,0xC3,0x10,0xC0,0x13,0xBD,0x17,0xBA,
  0x1E,0xB7,0x28,0xB4,0x37,0xB1,0x4E,0xAE,0x6C,0xAB,0x95,0xA8,0xC9,0xA5,0x0B,0xA3,
  0x5C,0xA0,0xBF,0x9D,0x36,0x9B,0xC1,0x98,0x65,0x96,0x22,0x94,0xFC,0x91,0xF3,0x8F,
  0x0A,0x8E,0x44,0x8C,0xA1,0x8A,0x26,0x89,0xD2,0x87,0xA9,0x86,0xAC,0x85,0xDD,0x84,
  0x3E,0x84,0xD0,0x83,0x94,0x83,0x8D,0x83,0xBB,0x83,0x20,0x84,0xBC,0x84,0x90,0x85,
  0x9E,0x86,0xE5,0x87,0x66,0x89,0x21,0x8B,0x16,0x8D,0x46,0x8F,0xAE,0x91,0x50,0x94,
  0x2B,0x97,0x3D,0x9A,0x85,0x9D,0x03,0xA1,0xB5,0xA4,0x99,0xA8,0xAD,0xAC,0xF1,0xB0,
  0x60,0xB5,0xFA,0xB9,0xBC,0xBE,0xA4,0xC3,0xAE,0xC8,0xD8,0xCD,0x20,0xD3,0x81,0xD8,
  0xFA,0xDD,0x87,0xE3,0x25,0xE9,0xD0,0xEE,0x85,0xF4,0x41,0xFA,0x00,0x00,0xBF,0x05,
  0x7B,0x0B,0x30,0x11,0xDB,0x16,0x79,0x1C,0x06,0x22,0x7F,0x27,0xE0,0x2C,0x28,0x32,
  0x52,0x37,0x5C,0x3C,0x44,0x41,0x06,0x46,0xA0,0x4A,0x0F,0x4F,0x53,0x53,0x67,0x57,
  0x4B,0x5B,0xFD,0x5E,0x7B,0x62,0xC3,0x65,0xD5,0x68,0xB0,0x6B,0x52,0x6E,0xBA,0x70,
  0xEA,0x72,0xDF,0x74,0x9A,0x76,0x1B,0x78,0x62,0x79,0x70,0x7A,0x44,0x7B,0xE0,0x7B,
  0x45,0x7C,0x73,0x7C,0x6C,0x7C,0x30,0x7C,0xC2,0x7B,0x23,0x7B,0x54,0x7A,0x57,0x79,
  0x2E,0x78,0xDA,0x76,0x5F,0x75,0xBC,0x73,0xF6,0x71,0x0D,0x70,0x04,0x6E,0xDE,0x6B,
  0x9B,0x69,0x3F,0x67,0xCA,0x64,0x41,0x62,0xA4,0x5F,0xF5,0x5C,0x37,0x5A,0x6B,0x57,
  0x94,0x54,0xB2,0x51,0xC9,0x4E,0xD8,0x4B,0xE2,0x48,0xE9,0x45,0xED,0x42,0xF0,0x3F,
  0xF3,0x3C,0xF6,0x39,0xFB,0x36,0x03,0x34,0x0E,0x31,0x1D,0x2E,0x30,0x2B,0x47,0x28,
  0x64,0x25,0x85,0x22,0xAB,0x1F,0xD6,0x1C,0x06,0x1A,0x3B,0x17,0x74,0x14,0xB1,0x11,
  0xF2,0x0E,0x36,0x0C,0x7C,0x09,0xC5,0x06,0x0F,0x04,0x5A,0x01,0xA6,0xFE,0xF1,0xFB,
  0x3B,0xF9,0x84,0xF6,0xCA,0xF3,0x0E,0xF1,0x4F,0xEE,0x8C,0xEB,0xC5,0xE8,0xFA,0xE5,
  0x2A,0xE3,0x55,0xE0,0x7B,0xDD,0x9C,0xDA,0xB9,0xD7,0xD0,0xD4,0xE3,0xD1,0xF2,0xCE,
  0xFD,0xCB,0x05,0xC9,0x0A,0xC6,0x0D,0xC3,0x10,0xC0,0x13,0xBD,0x17,0xBA,0x1E,0xB7,
  0x28,0xB4,0x37,0xB1,0x4E,0xAE,0x6C,0xAB,0x95,0xA8,0xC9,0xA5,0x0B,0xA3,0x5C,0xA0,
  0xBF,0x9D,0x36,0x9B,0xC1,0x98,0x65,0x96,0x22,0x94,0xFC,0x91,0xF3,0x8F,0x0A,0x8E,
  0x44,0x8C,0xA1,0x8A,0x26,0x89,0xD2,0x87,0xA9,0x86,0xAC,0x85,0xDD,0x84,0x3E,0x84,
  0xD0,0x83,0x94,0x83,0x8D,0x83,0xBB,0x83,0x20,0x84,0xBC,0x84,0x90,0x85,0x9E,0x86,
  0xE5,0x87,0x66,0x89,0x21,0x8B,0x16,0x8D,0x46,0x8F,0xAE,0x91,0x50,0x94,0x2B,0x97,
  0x3D,0x9A,0x85,0x9D,0x03,0xA1,0xB5,0xA4,0x99,0xA8,0xAD,0xAC,0xF1,0xB0,0x60,0xB5,
  0xFA,0xB9,0xBC,0xBE,0xA4,0xC3,0xAE,0xC8,0xD8,0xCD,0x20,0xD3,0x81,0xD8,0xFA,0xDD,
  0x87,0xE3,0x25,0xE9,0xD0,0xEE,0x85,0xF4,0x41,0xFA,0x00,0x00,0xBF,0x05,0x7B,0x0B,
  0x30,0x11,0xDB,0x16,0x79,0x1C,0x06,0x22,0x7F,0x27,0xE0,0x2C,0x28,0x32,0x52,0x37,
  0x5C,0x3C,0x44,0x41,0x06,0x46,0xA0,0x4A,0x0F,0x4F,0x53,0x53,0x67,0x57,0x4B,0x5B,
  0xFD,0x5E,0x7B,0x62,0xC3,0x65,0xD5,0x68,0xB0,0x6B,0x52,0x6E,0xBA,0x70,0xEA,0x72,
  0xDF,0x74,0x9A,0x76,0x1B,0x78,0x62,0x79,0x70,0x7A,0x44,0x7B,0xE0,0x7B,0x45,0x7C,
  0x73,0x7C,0x6C,0x7C,0x30,0x7C,0xC2,0x7B,0x23,0x7B,0x54,0x7A,0x57,0x79,0x2E,0x78,
  0xDA,0x76,0x5F,0x75,0xBC,0x73,0xF6,0x71,0x0D,0x70,0x04,0x6E,0xDE,0x6B,0x9B,0x69,
  0x3F,0x67,0xCA,0x64,0x41,0x62,0xA4,0x5F,0xF5,0x5C,0x37,0x5A,0x6B,0x57,0x94,0x54,
  0xB2,0x51,0xC9,0x4E,0xD8,0x4B,0xE2,0x48,0xE9,0x45,0xED,0x42,0xF0,0x3F,0xF3,0x3C,
  0xF6,0x39,0xFB,0x36,0x03,0x34,0x0E,0x31,0x1D,0x2E,0x30,0x2B,0x47,0x28,0x64,0x25,
  0x85,0x22,0xAB,0x1F,0xD6,0x1C,0x06,0x1A,0x3B,0x17,0x74,0x14,0xB1,0x11,0xF2,0x0E,
  0x36,0x0C,0x7C,0x09,0xC5,0x06,0x0F,0x04,0x5A,0x01,0xA6,0xFE,0xF1,0xFB,0x3B,0xF9,
  0x84,0xF6,0xCA,0xF3,0x0E,0xF1,0x4F,0xEE,0x8C,0xEB,0xC5,0xE8,0xFA,0xE5,0x2A,0xE3,
  0x55,0xE0,0x7B,0xDD,0x9C,0xDA,0xB9,0xD7,0xD0,0xD4,0xE3,0xD1,0xF2,0xCE,0xFD,0xCB,
  0x05,0xC9,0x0A,0xC6,0x0D,0xC3,0x10,0xC0,0x13,0xBD,0x17,0xBA,0x1E,0xB7,0x28,0xB4,
  0x37,0xB1,0x4E,0xAE,0x6C,0xAB,0x95,0xA8,0xC9,0xA5,0x0B,0xA3,0x5C,0xA0,0xBF,0x9D,
  0x36,0x9B,0xC1,0x98,0x65,0x96,0x22,0x94,0xFC,0x91,0xF3,0x8F,0x0A,0x8E,0x44,0x8C,
  0xA1,0x8A,0x26,0x89,0xD2,0x87,0xA9,0x86,0xAC,0x85,0xDD,0x84,0x3E,0x84,0xD0,0x83,
  0x94,0x83,0x8D,0x83,0xBB,0x83,0x20,0x84,0xBC,0x84,0x90,0x85,0x9E,0x86,0xE5,0x87,
  0x66,0x89,0x21,0x8B,0x16,0x8D,0x46,0x8F,0xAE,0x91,0x50,0x94,0x2B,0x97,0x3D,0x9A,
  0x85,0x9D,0x03,0xA1,0xB5,0xA4,0x99,0xA8,0xAD,0xAC,0xF1,0xB0,0x60,0xB5,0xFA,0xB9,
  0xBC,0xBE,0xA4,0xC3,0xAE,0xC8,0xD8,0xCD,0x20,0xD3,0x81,0xD8,0xFA,0xDD,0x87,0xE3,
  0x25,0xE9,0xD0,0xEE,0x85,0xF4,0x41,0xFA,0x00,0x00,0xBF,0x05,0x7B,0x0B,0x30,0x11,
  0xDB,0x16,0x79,0x1C,0x06,0x22,0x7F,0x27,0xE0,0x2C,0x28,0x32,0x52,0x37,0x5C,0x3C,
  0x44,0x41,0x06,0x46,0xA0,0x4A,0x0F,0x4F,0x53,0x53,0x67,0x57,0x4B,0x5B,0xFD,0x5E,
  0x7B,0x62,0xC3,0x65,0xD5,0x68,0xB0,0x6B,0x52,0x6E,0xBA,0x70,0xEA,0x72,0xDF,0x74,
  0x9A,0x76,0x1B,0x78,0x62,0x79,0x70,0x7A,0x44,0x7B,0xE0,0x7B,0x45,0x7C,0x73,0x7C,
  0x6C,0x7C,0x30,0x7C,0xC2,0x7B,0x23,0x7B,0x54,0x7A,0x57,0x79,0x2E,0x78,0xDA,0x76,
  0x5F,0x75,0xBC,0x73,0xF6,0x71,0x0D,0x70,0x04,0x6E,0xDE,0x6B,0x9B,0x69,0x3F,0x67,
  0xCA,0x64,0x41,0x62,0xA4,0x5F,0xF5,0x5C,0x37,0x5A,0x6B,0x57,0x94,0x54,0xB2,0x51,
  0xC9,0x4E,0xD8,0x4B,0xE2,0x48,0xE9,0x45,0xED,0x42,0xF0,0x3F,0xF3,0x3C,0xF6,0x39,
  0xFB,0x36,0x03,0x34,0x0E,0x31,0x1D,0x2E,0x30,0x2B,0x47,0x28,0x64,0x25,0x85,0x22,
  0xAB,0x1F,0xD6,0x1C,0x06,0x1A,0x3B,0x17,0x74,0x14,0xB1,0x11,0xF2,0x0E,0x36,0x0C,
  0x7C,0x09,0xC5,0x06,0x0F,0x04,0x5A,0x01,0xA6,0xFE,0xF1,0xFB,0x3B,0xF9,0x84,0xF6,
  0xCA,0xF3,0x0E,0xF1,0x4F,0xEE,0x8C,0xEB,0xC5,0xE8,0xFA,0xE5,0x2A,0xE3,0x55,0xE0,
  0x7B,0xDD,0x9C,0xDA,0xB9,0xD7,0xD0,0xD4,0xE3,0xD1,0xF2,0xCE,0xFD,0xCB,0x05,0xC9,
  0x0A,0xC6,0x0D,0xC3,0x10,0xC0,0x13,0xBD,0x17,0xBA,0x1E,0xB7,0x28,0xB4,0x37,0xB1,
  0x4E,0xAE,0x6C,0xAB,0x95,0xA8,0xC9,0xA5,0x0B,0xA3,0x5C,0xA0,0xBF,0x9D,0x36,0x9B,
  0xC1,0x98,0x65,0x96,0x22,0x94,0xFC,0x91,0xF3,0x8F,0x0A,0x8E,0x44,0x8C,0xA1,0x8A,
  0x26,0x89,0xD2,0x87,0xA9,0x86,0xAC,0x85,0xDD,0x84,0x3E,0x84,0xD0,0x83,0x94,0x83,
  0x8D,0x83,0xBB,0x83,0x20,0x84,0xBC,0x84,0x90,0x85,0x9E,0x86,0xE5,0x87,0x66,0x89,
  0x21,0x8B,0x16,0x8D,0x46,0x8F,0xAE,0x91,0x50,0x94,0x2B,0x97,0x3D,0x9A,0x85,0x9D,
  0x03,0xA1,0xB5,0xA4,0x99,0xA8,0xAD,0xAC,0xF1,0xB0,0x60,0xB5,0xFA,0xB9,0xBC,0xBE,
  0xA4,0xC3,0xAE,0xC8,0xD8,0xCD,0x20,0xD3,0x81,0xD8,0xFA,0xDD,0x87,0xE3,0x25,0xE9,
  0xD0,0xEE,0x85,0xF4,0x41,0xFA,0x00,0x00,0xBF,0x05,0x7B,0x0B,0x30,0x11,0xDB,0x16,
  0x79,0x1C,0x06,0x22,0x7F,0x27,0xE0,0x2C,0x28,0x32,0x52,0x37,0x5C,0x3C,0x44,0x41,
  0x06,0x46,0xA0,0x4A,0x0F,0x4F,0x53,0x53,0x67,0x57,0x4B,0x5B,0xFD,0x5E,0x7B,0x62,
  0xC3,0x65,0xD5,0x68,0xB0,0x6B,0x52,0x6E,0xBA,0x70,0xEA,0x72,0xDF,0x74,0x9A,0x76,
  0x1B,0x78,0x62,0x79,0x70,0x7A,0x44,0x7B,0xE0,0x7B,0x45,0x7C,0x73,0x7C,0x6C,0x7C,
  0x30,0x7C,0xC2,0x7B,0x23,0x7B,0x54,0x7A,0x57,0x79,0x2E,0x78,0xDA,0x76,0x5F,0x75,
  0xBC,0x73,0xF6,0x71,0x0D,0x70,0x04,0x6E,0xDE,0x6B,0x9B,0x69,0x3F,0x67,0xCA,0x64,
  0x41,0x62,0xA4,0x5F,0xF5,0x5C,0x37,0x5A,0x6B,0x57,0x94,0x54,0xB2,0x51,0xC9,0x4E,
  0xD8,0x4B,0xE2,0x48,0xE9,0x45,0xED,0x42,0xF0,0x3F,0xF3,0x3C,0xF6,0x39,0xFB,0x36,
  0x03,0x34,0x0E,0x31,0x1D,0x2E,0x30,0x2B,0x47,0x28,0x64,0x25,0x85,0x22,0xAB,0x1F,
  0xD6,0x1C,0x06,0x1A,0x3B,0x17,0x74,0x14,0xB1,0x11,0xF2,0x0E,0x36,0x0C,0x7C,0x09,
  0xC5,0x06,0x0F,0x04,0x5A,0x01,0xA6,0xFE,0xF1,0xFB,0x3B,0xF9,0x84,0xF6,0xCA,0xF3,
  0x0E,0xF1,0x4F,0xEE,0x8C,0xEB,0xC5,0xE8,0xFA,0xE5,0x2A,0xE3,0x55,0xE0,0x7B,0xDD,
  0x9C,0xDA,0xB9,0xD7,0xD0,0xD4,0xE3,0xD1,0xF2,0xCE,0xFD,0xCB,0x05,0xC9,0x0A,0xC6,
  0x0D,0xC3,0x10,0xC0,0x13,0xBD,0x17,0xBA,0x1E,0xB7,0x28,0xB4,0x37,0xB1,0x4E,0xAE,
  0x6C,0xAB,0x95,0xA8,0xC9,0xA5,0x0B,0xA3,0x5C,0xA0,0xBF,0x9D,0x36,0x9B,0xC1,0x98,
  0x65,0x96,0x22,0x94,0xFC,0x91,0xF3,0x8F,0x0A,0x8E,0x44,0x8C,0xA1,0x8A,0x26,0x89,
  0xD2,0x87,0xA9,0x86,0xAC,0x85,0xDD,0x84,0x3E,0x84,0xD0,0x83,0x94,0x83,0x8D,0x83,
  0xBB,0x83,0x20,0x84,0xBC,0x84,0x90,0x85,0x9E,0x86,0xE5,0x87,0x66,0x89,0x21,0x8B,
  0x16,0x8D,0x46,0x8F,0xAE,0x91,0x50,0x94,0x2B,0x97,0x3D,0x9A,0x85,0x9D,0x03,0xA1,
  0xB5,0xA4,0x99,0xA8,0xAD,0xAC,0xF1,0xB0,0x60,0xB5,0xFA,0xB9,0xBC,0xBE,0xA4,0xC3,
  0xAE,0xC8,0xD8,0xCD,0x20,0xD3,0x81,0xD8,0xFA,0xDD,0x87,0xE3,0x25,0xE9,0xD0,0xEE,
  0x85,0xF4,0x41,0xFA,0x00,0x00,0xBF,0x05,0x7B,0x0B,0x30,0x11,0xDB,0x16,0x79,0x1C,
  0x06,0x22,0x7F,0x27,0xE0,0x2C,0x28,0x32,0x52,0x37,0x5C,0x3C,0x44,0x41,0x06,0x46,
  0xA0,0x4A,0x0F,0x4F,0x53,0x53,0x67,0x57,0x4B,0x5B,0xFD,0x5E,0x7B,0x62,0xC3,0x65,
  0xD5,0x68,0xB0,0x6B,0x52,0x6E,0xBA,0x70,0xEA,0x72,0xDF,0x74,0x9A,0x76,0x1B,0x78,
  0x62,0x79,0x70,0x7A,0x44,0x7B,0xE0,0x7B,0x45,0x7C,0x73,0x7C,0x6C,0x7C,0x30,0x7C,
  0xC2,0x7B,0x23,0x7B,0x54,0x7A,0x57,0x79,0x2E,0x78,0xDA,0x76,0x5F,0x75,0xBC,0x73,
  0xF6,0x71,0x0D,0x70,0x04,0x6E,0xDE,0x6B,0x9B,0x69,0x3F,0x67,0xCA,0x64,0x41,0x62,
  0xA4,0x5F,0xF5,0x5C,0x37,0x5A,0x6B,0x57,0x94,0x54,0xB2,0x51,0xC9,0x4E,0xD8,0x4B,
  0xE2,0x48,0xE9,0x45,0xED,0x42,0xF0,0x3F,0xF3,0x3C,0xF6,0x39,0xFB,0x36,0x03,0x34,
  0x0E,0x31,0x1D,0x2E,0x30,0x2B,0x47,0x28,0x64,0x25,0x85,0x22,0xAB,0x1F,0xD6,0x1C,
  0x06,0x1A,0x3B,0x17,0x74,0x14,0xB1,0x11,0xF2,0x0E,0x36,0x0C,0x7C,0x09,0xC5,0x06,
  0x0F,0x04,0x5A,0x01,0xA6,0xFE,0xF1,0xFB,0x3B,0xF9,0x84,0xF6,0xCA,0xF3,0x0E,0xF1,
  0x4F,0xEE,0x8C,0xEB,0xC5,0xE8,0xFA,0xE5,0x2A,0xE3,0x55,0xE0,0x7B,0xDD,0x9C,0xDA,
  0xB9,0xD7,0xD0,0xD4,0xE3,0xD1,0xF2,0xCE,0xFD,0xCB,0x05,0xC9,0x0A,0xC6,0x0D,0xC3,
  0x10,0xC0,0x13,0xBD,0x17,0xBA,0x1E,0xB7,0x28,0xB4,0x37,0xB1,0x4E,0xAE,0x6C,0xAB,
  0x95,0xA8,0xC9,0xA5,0x0B,0xA3,0x5C,0xA0,0xBF,0x9D,0x36,0x9B,0xC1,0x98,0x65,0x96,
  0x22,0x94,0xFC,0x91,0xF3,0x8F,0x0A,0x8E,0x44,0x8C,0xA1,0x8A,0x26,0x89,0xD2,0x87,
  0xA9,0x86,0xAC,0x85,0xDD,0x84,0x3E,0x84,0xD0,0x83,0x94,0x83,0x8D,0x83,0xBB,0x83,
  0x20,0x84,0xBC,0x84,0x90,0x85,0x9E,0x86,0xE5,0x87,0x66,0x89,0x21,0x8B,0x16,0x8D,
  0x46,0x8F,0xAE,0x91,0x50,0x94,0x2B,0x97,0x3D,0x9A,0x85,0x9D,0x03,0xA1,0xB5,0xA4,
  0x99,0xA8,0xAD,0xAC,0xF1,0xB0,0x60,0xB5,0xFA,0xB9,0xBC,0xBE,0xA4,0xC3,0xAE,0xC8,
  0xD8,0xCD,0x20,0xD3,0x81,0xD8,0xFA,0xDD,0x87,0xE3,0x25,0xE9,0xD0,0xEE,0x85,0xF4,
  0x41,0xFA,0x00,0x00,0xBF,0x05,0x7B,0x0B,0x30,0x11,0xDB,0x16,0x79,0x1C,0x06,0x22,
  0x7F,0x27,0xE0,0x2C,0x28,0x32,0x52,0x37,0x5C,0x3C,0x44,0x41,0x06,0x46,0xA0,0x4A,
  0x0F,0x4F,0x53,0x53,0x67,0x57,0x4B,0x5B,0xFD,0x5E,0x7B,0x62,0xC3,0x65,0xD5,0x68,
  0xB0,0x6B,0x52,0x6E,0xBA,0x70,0xEA,0x72,0xDF,0x74,0x9A,0x76,0x1B,0x78,0x62,0x79,
  0x70,0x7A,0x44,0x7B,0xE0,0x7B,0x45,0x7C,0x73,0x7C,0x6C,0x7C,0x30,0x7C,0xC2,0x7B,
  0x23,0x7B,0x54,0x7A,0x57,0x79,0x2E,0x78,0xDA,0x76,0x5F,0x75,0xBC,0x73,0xF6,0x71,
  0x0D,0x70,0x04,0x6E,0xDE,0x6B,0x9B,0x69,0x3F,0x67,0xCA,0x64,0x41,0x62,0xA4,0x5F,
  0xF5,0x5C,0x37,0x5A,0x6B,0x57,0x94,0x54,0xB2,0x51,0xC9,0x4E,0xD8,0x4B,0xE2,0x48,
  0xE9,0x45,0xED,0x42,0xF0,0x3F,0xF3,0x3C,0xF6,0x39,0xFB,0x36,0x03,0x34,0x0E,0x31,
  0x1D,0x2E,0x30,0x2B,0x47,0x28,0x64,0x25,0x85,0x22,0xAB,0x1F,0xD6,0x1C,0x06,0x1A,
  0x3B,0x17,0x74,0x14,0xB1,0x11,0xF2,0x0E,0x36,0x0C,0x7C,0x09,0xC5,0x06,0x0F,0x04,
  0x5A,0x01,0xA6,0xFE,0xF1,0xFB,0x3B,0xF9,0x84,0xF6,0xCA,0xF3,0x0E,0xF1,0x4F,0xEE,
  0x8C,0xEB,0xC5,0xE8,0xFA,0xE5,0x2A,0xE3,0x55,0xE0,0x7B,0xDD,0x9C,0xDA,0xB9,0xD7,
  0xD0,0xD4,0xE3,0xD1,0xF2,0xCE,0xFD,0xCB,0x05,0xC9,0x0A,0xC6,0x0D,0xC3,0x10,0xC0,
  0x13,0xBD,0x17,0xBA,0x1E,0xB7,0x28,0xB4,0x37,0xB1,0x4E,0xAE,0x6C,0xAB,0x95,0xA8,
  0xC9,0xA5,0x18,0xA3,0x78,0xA0,0xEA,0x9D,0x70,0x9B,0x0C,0x99,0xC1,0x96,0x90,0x94,
  0x7B,0x92,0x85,0x90,0xAF,0x8E,0xFC,0x8C,0x6E,0x8B,0x06,0x8A,0xC6,0x88,0xB1,0x87,
  0xC8,0x86,0x0D,0x86,0x81,0x85,0x26,0x85,0xFD,0x84,0x08,0x85,0x48,0x85,0xBD,0x85,
  0x69,0x86,0x4C,0x87,0x68,0x88,0xBC,0x89,0x48,0x8B,0x0D,0x8D,0x0B,0x8F,0x41,0x91,
  0xAF,0x93,0x54,0x96,0x30,0x99,0x42,0x9C,0x88,0x9F,0x01,0xA3,0xAC,0xA6,0x88,0xAA,
  0x91,0xAE,0xC7,0xB2,0x27,0xB7,0xAF,0xBB,0x5D,0xC0,0x2E,0xC5,0x1F,0xCA,0x2E,0xCF,
  0x58,0xD4,0x9A,0xD9,0xF1,0xDE,0x5A,0xE4,0xD1,0xE9,0x54,0xEF,0xDF,0xF4,0x6F,0xFA,
  0x00,0x00,0x8F,0x05,0x1A,0x0B,0x9D,0x10,0x14,0x16,0x7D,0x1B,0xD4,0x20,0x15,0x26,
  0x3F,0x2B,0x4F,0x30,0x40,0x35,0x11,0x3A,0xC0,0x3E,0x49,0x43,0xAA,0x47,0xE1,0x4B,
  0xEC,0x4F,0xC9,0x53,0x77,0x57,0xF3,0x5A,0x3C,0x5E,0x52,0x61,0x32,0x64,0xDD,0x66,
  0x51,0x69,0x8D,0x6B,0x92,0x6D,0x5F,0x6F,0xF4,0x70,0x51,0x72,0x77,0x73,0x66,0x74,
  0x1E,0x75,0xA0,0x75,0xEE,0x75,0x08,0x76,0xEF,0x75,0xA4,0x75,0x2A,0x75,0x81,0x74,
  0xAC,0x73,0xAB,0x72,0x81,0x71,0x2F,0x70,0xB7,0x6E,0x1C,0x6D,0x5F,0x6B,0x82,0x69,
  0x88,0x67,0x72,0x65,0x42,0x63,0xFB,0x60,0x9F,0x5E,0x2F,0x5C,0xAD,0x59,0x1C,0x57,
  0x7D,0x54,0xD2,0x51,0x1D,0x4F,0x5F,0x4C,0x9A,0x49,0xD0,0x46,0x02,0x44,0x32,0x41,
  0x60,0x3E,0x8D,0x3B,0xBB,0x38,0xEB,0x35,0x1E,0x33,0x53,0x30,0x8D,0x2D,0xCB,0x2A,
  0x0D,0x28,0x55,0x25,0xA2,0x22,0xF5,0x1F,0x4C,0x1D,0xAA,0x1A,0x0C,0x18,0x74,0x15,
  0xE1,0x12,0x52,0x10,0xC7,0x0D,0x3F,0x0B,0xBC,0x08,0x3A,0x06,0xBB,0x03,0x3E,0x01,
  0xC2,0xFE,0x47,0xFC,0xCB,0xF9,0x4E,0xF7,0xD0,0xF4,0x51,0xF2,0xD0,0xEF,0x4C,0xED,
  0xC5,0xEA,0x3B,0xE8,0xAE,0xE5,0x1D,0xE3,0x89,0xE0,0xF0,0xDD,0x54,0xDB,0xB5,0xD8,
  0x12,0xD6,0x6C,0xD3,0xC4,0xD0,0x19,0xCE,0x6E,0xCB,0xC1,0xC8,0x14,0xC6,0x69,0xC3,
  0xC0,0xC0,0x19,0xBE,0x77,0xBB,0xDA,0xB8,0x45,0xB6,0xB8,0xB3,0x34,0xB1,0xBC,0xAE,
  0x51,0xAC,0xF5,0xA9,0xA9,0xA7,0x70,0xA5,0x4A,0xA3,0x3B,0xA1,0x43,0x9F,0x65,0x9D,
  0xA3,0x9B,0xFE,0x99,0x78,0x98,0x13,0x97,0xD0,0x95,0xB3,0x94,0xBB,0x93,0xEB,0x92,
  0x44,0x92,0xC8,0x91,0x78,0x91,0x55,0x91,0x61,0x91,0x9C,0x91,0x07,0x92,0xA4,0x92,
  0x72,0x93,0x73,0x94,0xA6,0x95,0x0C,0x97,0xA5,0x98,0x71,0x9A,0x70,0x9C,0xA1,0x9E,
  0x03,0xA1,0x97,0xA3,0x5A,0xA6,0x4D,0xA9,0x6E,0xAC,0xBB,0xAF,0x33,0xB3,0xD5,0xB6,
  0x9F,0xBA,0x8E,0xBE,0xA2,0xC2,0xD7,0xC6,0x2B,0xCB,0x9C,0xCF,0x28,0xD4,0xCC,0xD8,
  0x85,0xDD,0x51,0xE2,0x2D,0xE7,0x16,0xEC,0x09,0xF1,0x03,0xF6,0x01,0xFB,0x00,0x00,
  0xFD,0x04,0xF7,0x09,0xE8,0x0E,0xD0,0x13,0xAA,0x18,0x73,0x1D,0x2A,0x22,0xCC,0x26,
  0x55,0x2B,0xC3,0x2F,0x14,0x34,0x46,0x38,0x56,0x3C,0x42,0x40,0x09,0x44,0xA8,0x47,
  0x1D,0x4B,0x68,0x4E,0x86,0x51,0x77,0x54,0x39,0x57,0xCC,0x59,0x2E,0x5C,0x5F,0x5E,
  0x5E,0x60,0x2C,0x62,0xC7,0x63,0x30,0x65,0x67,0x66,0x6C,0x67,0x40,0x68,0xE3,0x68,
  0x56,0x69,0x9A,0x69,0xAF,0x69,0x97,0x69,0x52,0x69,0xE3,0x68,0x4A,0x68,0x89,0x67,
  0xA1,0x66,0x94,0x65,0x64,0x64,0x12,0x63,0xA1,0x61,0x11,0x60,0x64,0x5E,0x9E,0x5C,
  0xBE,0x5A,0xC8,0x58,0xBD,0x56,0x9F,0x54,0x6F,0x52,0x30,0x50,0xE3,0x4D,0x89,0x4B,
  0x26,0x49,0xB9,0x46,0x44,0x44,0xC9,0x41,0x4A,0x3F,0xC7,0x3C,0x42,0x3A,0xBC,0x37,
  0x35,0x35,0xAF,0x32,0x2B,0x30,0xA9,0x2D,0x2B,0x2B,0xAF,0x28,0x38,0x26,0xC5,0x23,
  0x56,0x21,0xED,0x1E,0x88,0x1C,0x28,0x1A,0xCD,0x17,0x77,0x15,0x26,0x13,0xD9,0x10,
  0x90,0x0E,0x4B,0x0C,0x09,0x0A,0xCB,0x07,0x8E,0x05,0x54,0x03,0x1B,0x01,0xE5,0xFE,
  0xAE,0xFC,0x77,0xFA,0x3F,0xF8,0x07,0xF6,0xCD,0xF3,0x91,0xF1,0x54,0xEF,0x13,0xED,
  0xD0,0xEA,0x8B,0xE8,0x42,0xE6,0xF5,0xE3,0xA6,0xE1,0x53,0xDF,0xFE,0xDC,0xA5,0xDA,
  0x4A,0xD8,0xED,0xD5,0x8E,0xD3,0x2E,0xD1,0xCD,0xCE,0x6C,0xCC,0x0D,0xCA,0xAF,0xC7,
  0x54,0xC5,0xFD,0xC2,0xAB,0xC0,0x60,0xBE,0x1C,0xBC,0xE0,0xB9,0xAF,0xB7,0x8A,0xB5,
  0x72,0xB3,0x69,0xB1,0x70,0xAF,0x89,0xAD,0xB5,0xAB,0xF7,0xA9,0x50,0xA8,0xC1,0xA6,
  0x4C,0xA5,0xF3,0xA3,0xB8,0xA2,0x9B,0xA1,0x9F,0xA0,0xC5,0x9F,0x0E,0x9F,0x7C,0x9E,
  0x0F,0x9E,0xCA,0x9D,0xAD,0x9D,0xB9,0x9D,0xF0,0x9D,0x51,0x9E,0xDE,0x9E,0x98,0x9F,
  0x7D,0xA0,0x90,0xA1,0xD0,0xA2,0x3D,0xA4,0xD8,0xA5,0x9F,0xA7,0x92,0xA9,0xB2,0xAB,
  0xFD,0xAD,0x73,0xB0,0x12,0xB3,0xDA,0xB5,0xCA,0xB8,0xDF,0xBB,0x19,0xBF,0x77,0xC2,
  0xF6,0xC5,0x94,0xC9,0x50,0xCD,0x28,0xD1,0x19,0xD5,0x22,0xD9,0x40,0xDD,0x71,0xE1,
  0xB1,0xE5,0x00,0xEA,0x5A,0xEE,0xBD,0xF2,0x26,0xF7,0x93,0xFB,0x00,0x00,0x6B,0x04,
  0xD3,0x08,0x34,0x0D,0x8B,0x11,0xD6,0x15,0x13,0x1A,0x3F,0x1E,0x58,0x22,0x5B,0x26,
  0x46,0x2A,0x17,0x2E,0xCD,0x31,0x64,0x35,0xDB,0x38,0x31,0x3C,0x64,0x3F,0x72,0x42,
  0x59,0x45,0x1A,0x48,0xB2,0x4A,0x21,0x4D,0x66,0x4F,0x7F,0x51,0x6D,0x53,0x2F,0x55,
  0xC5,0x56,0x2F,0x58,0x6C,0x59,0x7D,0x5A,0x62,0x5B,0x1B,0x5C,0xA9,0x5C,0x0C,0x5D,
  0x46,0x5D,0x56,0x5D,0x3F,0x5D,0x00,0x5D,0x9C,0x5C,0x13,0x5C,0x66,0x5B,0x97,0x5A,
  0xA8,0x59,0x9A,0x58,0x6D,0x57,0x25,0x56,0xC2,0x54,0x47,0x53,0xB4,0x51,0x0B,0x50,
  0x4E,0x4E,0x7F,0x4C,0x9F,0x4A,0xB0,0x48,0xB3,0x46,0xAA,0x44,0x96,0x42,0x79,0x40,
  0x55,0x3E,0x29,0x3C,0xF9,0x39,0xC4,0x37,0x8C,0x35,0x53,0x33,0x18,0x31,0xDD,0x2E,
  0xA4,0x2C,0x6B,0x2A,0x35,0x28,0x02,0x26,0xD1,0x23,0xA5,0x21,0x7C,0x1F,0x57,0x1D,
  0x37,0x1B,0x1B,0x19,0x04,0x17,0xF1,0x14,0xE2,0x12,0xD8,0x10,0xD1,0x0E,0xCF,0x0C,
  0xCF,0x0A,0xD3,0x08,0xDA,0x06,0xE2,0x04,0xED,0x02,0xF9,0x00,0x07,0xFF,0x15,0xFD,
  0x23,0xFB,0x30,0xF9,0x3D,0xF7,0x48,0xF5,0x53,0xF3,0x5B,0xF1,0x61,0xEF,0x65,0xED,
  0x67,0xEB,0x66,0xE9,0x62,0xE7,0x5C,0xE5,0x52,0xE3,0x47,0xE1,0x38,0xDF,0x28,0xDD,
  0x16,0xDB,0x02,0xD9,0xEE,0xD6,0xD9,0xD4,0xC4,0xD2,0xB1,0xD0,0x9F,0xCE,0x8F,0xCC,
  0x84,0xCA,0x7C,0xC8,0x7B,0xC6,0x80,0xC4,0x8D,0xC2,0xA3,0xC0,0xC3,0xBE,0xEF,0xBC,
  0x28,0xBB,0x6F,0xB9,0xC7,0xB7,0x2F,0xB6,0xAA,0xB4,0x3A,0xB3,0xDF,0xB1,0x9A,0xB0,
  0x6E,0xAF,0x5C,0xAE,0x66,0xAD,0x8B,0xAC,0xCE,0xAB,0x31,0xAB,0xB3,0xAA,0x56,0xAA,
  0x1C,0xAA,0x05,0xAA,0x12,0xAA,0x44,0xAA,0x9B,0xAA,0x19,0xAB,0xBD,0xAB,0x88,0xAC,
  0x7B,0xAD,0x94,0xAE,0xD6,0xAF,0x3E,0xB1,0xCE,0xB2,0x84,0xB4,0x61,0xB6,0x64,0xB8,
  0x8B,0xBA,0xD7,0xBC,0x47,0xBF,0xD8,0xC1,0x8B,0xC4,0x5E,0xC7,0x4F,0xCA,0x5D,0xCD,
  0x86,0xD0,0xCA,0xD3,0x25,0xD7,0x96,0xDA,0x1C,0xDE,0xB4,0xE1,0x5C,0xE5,0x12,0xE9,
  0xD3,0xEC,0x9F,0xF0,0x72,0xF4,0x4A,0xF8,0x25,0xFC,0x00,0x00,0xD9,0x03,0xAF,0x07,
  0x7F,0x0B,0x47,0x0F,0x03,0x13,0xB3,0x16,0x54,0x1A,0xE4,0x1D,0x61,0x21,0xC9,0x24,
  0x1A,0x28,0x53,0x2B,0x71,0x2E,0x74,0x31,0x59,0x34,0x1F,0x37,0xC6,0x39,0x4B,0x3C,
  0xAE,0x3E,0xED,0x40,0x08,0x43,0xFF,0x44,0xD0,0x46,0x7B,0x48,0x00,0x4A,0x5F,0x4B,
  0x97,0x4C,0xA8,0x4D,0x92,0x4E,0x57,0x4F,0xF5,0x4F,0x6E,0x50,0xC2,0x50,0xF2,0x50,
  0xFE,0x50,0xE7,0x50,0xAE,0x50,0x55,0x50,0xDB,0x4F,0x43,0x4F,0x8E,0x4E,0xBC,0x4D,
  0xCF,0x4C,0xC9,0x4B,0xAA,0x4A,0x74,0x49,0x29,0x48,0xCA,0x46,0x57,0x45,0xD4,0x43,
  0x41,0x42,0x9F,0x40,0xF0,0x3E,0x36,0x3D,0x71,0x3B,0xA3,0x39,0xCD,0x37,0xF0,0x35,
  0x0E,0x34,0x28,0x32,0x3E,0x30,0x51,0x2E,0x63,0x2C,0x74,0x2A,0x86,0x28,0x98,0x26,
  0xAB,0x24,0xC1,0x22,0xD9,0x20,0xF3,0x1E,0x11,0x1D,0x33,0x1B,0x58,0x19,0x81,0x17,
  0xAE,0x15,0xDF,0x13,0x14,0x12,0x4D,0x10,0x8A,0x0E,0xCA,0x0C,0x0D,0x0B,0x54,0x09,
  0x9D,0x07,0xE9,0x05,0x36,0x04,0x86,0x02,0xD7,0x00,0x29,0xFF,0x7C,0xFD,0xCE,0xFB,
  0x21,0xFA,0x73,0xF8,0xC4,0xF6,0x14,0xF5,0x63,0xF3,0xAF,0xF1,0xFA,0xEF,0x43,0xEE,
  0x8A,0xEC,0xCF,0xEA,0x11,0xE9,0x51,0xE7,0x8F,0xE5,0xCB,0xE3,0x06,0xE2,0x3F,0xE0,
  0x77,0xDE,0xAE,0xDC,0xE5,0xDA,0x1C,0xD9,0x54,0xD7,0x8E,0xD5,0xCA,0xD3,0x0A,0xD2,
  0x4D,0xD0,0x96,0xCE,0xE4,0xCC,0x39,0xCB,0x96,0xC9,0xFC,0xC7,0x6C,0xC6,0xE7,0xC4,
  0x6F,0xC3,0x05,0xC2,0xA9,0xC0,0x5E,0xBF,0x24,0xBE,0xFC,0xBC,0xE9,0xBB,0xEA,0xBA,
  0x01,0xBA,0x30,0xB9,0x77,0xB8,0xD8,0xB7,0x53,0xB7,0xEA,0xB6,0x9E,0xB6,0x6E,0xB6,
  0x5D,0xB6,0x6B,0xB6,0x98,0xB6,0xE6,0xB6,0x54,0xB7,0xE3,0xB7,0x93,0xB8,0x65,0xB9,
  0x59,0xBA,0x6E,0xBB,0xA4,0xBC,0xFD,0xBD,0x76,0xBF,0x10,0xC1,0xCA,0xC2,0xA4,0xC4,
  0x9C,0xC6,0xB3,0xC8,0xE7,0xCA,0x37,0xCD,0xA2,0xCF,0x27,0xD2,0xC4,0xD4,0x79,0xD7,
  0x43,0xDA,0x22,0xDD,0x13,0xE0,0x16,0xE3,0x27,0xE6,0x47,0xE9,0x72,0xEC,0xA6,0xEF,
  0xE3,0xF2,0x26,0xF6,0x6D,0xF9,0xB7,0xFC,0x00,0x00,0x47,0x03,0x8C,0x06,0xCB,0x09,
  0x02,0x0D,0x30,0x10,0x53,0x13,0x69,0x16,0x70,0x19,0x67,0x1C,0x4C,0x1F,0x1D,0x22,
  0xD9,0x24,0x7F,0x27,0x0D,0x2A,0x81,0x2C,0xDB,0x2E,0x1A,0x31,0x3C,0x33,0x41,0x35,
  0x28,0x37,0xF0,0x38,0x99,0x3A,0x21,0x3C,0x8A,0x3D,0xD1,0x3E,0xF8,0x3F,0xFE,0x40,
  0xE4,0x41,0xA8,0x42,0x4C,0x43,0xD0,0x43,0x33,0x44,0x78,0x44,0x9D,0x44,0xA5,0x44,
  0x8F,0x44,0x5C,0x44,0x0D,0x44,0xA4,0x43,0x20,0x43,0x84,0x42,0xD0,0x41,0x05,0x41,
  0x24,0x40,0x2E,0x3F,0x26,0x3E,0x0B,0x3D,0xDF,0x3B,0xA4,0x3A,0x5A,0x39,0x03,0x38,
  0x9F,0x36,0x31,0x35,0xB9,0x33,0x38,0x32,0xB0,0x30,0x21,0x2F,0x8C,0x2D,0xF3,0x2B,
  0x57,0x2A,0xB7,0x28,0x16,0x27,0x73,0x25,0xD0,0x23,0x2E,0x22,0x8C,0x20,0xEB,0x1E,
  0x4C,0x1D,0xB0,0x1B,0x15,0x1A,0x7E,0x18,0xEA,0x16,0x59,0x15,0xCC,0x13,0x42,0x12,
  0xBB,0x10,0x38,0x0F,0xB8,0x0D,0x3C,0x0C,0xC2,0x0A,0x4C,0x09,0xD8,0x07,0x67,0x06,
  0xF8,0x04,0x8A,0x03,0x1F,0x02,0xB4,0x00,0x4C,0xFF,0xE3,0xFD,0x7A,0xFC,0x12,0xFB,
  0xA9,0xF9,0x40,0xF8,0xD5,0xF6,0x6A,0xF5,0xFE,0xF3,0x8F,0xF2,0x20,0xF1,0xAF,0xEF,
  0x3C,0xEE,0xC7,0xEC,0x50,0xEB,0xD8,0xE9,0x5F,0xE8,0xE4,0xE6,0x68,0xE5,0xEB,0xE3,
  0x6E,0xE2,0xF1,0xE0,0x74,0xDF,0xF8,0xDD,0x7E,0xDC,0x05,0xDB,0x90,0xD9,0x1E,0xD8,
  0xB0,0xD6,0x48,0xD5,0xE5,0xD3,0x89,0xD2,0x35,0xD1,0xE9,0xCF,0xA7,0xCE,0x6F,0xCD,
  0x43,0xCC,0x23,0xCB,0x11,0xCA,0x0E,0xC9,0x1A,0xC8,0x37,0xC7,0x65,0xC6,0xA6,0xC5,
  0xFB,0xC4,0x63,0xC4,0xE2,0xC3,0x76,0xC3,0x21,0xC3,0xE5,0xC2,0xC0,0xC2,0xB5,0xC2,
  0xC4,0xC2,0xEC,0xC2,0x30,0xC3,0x8E,0xC3,0x08,0xC4,0x9E,0xC4,0x4F,0xC5,0x1D,0xC6,
  0x06,0xC7,0x0B,0xC8,0x2C,0xC9,0x68,0xCA,0xBF,0xCB,0x30,0xCD,0xBC,0xCE,0x61,0xD0,
  0x1F,0xD2,0xF5,0xD3,0xE3,0xD5,0xE6,0xD7,0xFF,0xD9,0x2B,0xDC,0x6B,0xDE,0xBD,0xE0,
  0x1F,0xE3,0x90,0xE5,0x10,0xE8,0x9B,0xEA,0x32,0xED,0xD2,0xEF,0x7A,0xF2,0x28,0xF5,
  0xDB,0xF7,0x91,0xFA,0x49,0xFD,0x00,0x00,0xB6,0x02,0x68,0x05,0x16,0x08,0xBE,0x0A,
  0x5D,0x0D,0xF3,0x0F,0x7E,0x12,0xFD,0x14,0x6D,0x17,0xCF,0x19,0x20,0x1C,0x60,0x1E,
  0x8D,0x20,0xA5,0x22,0xA9,0x24,0x97,0x26,0x6E,0x28,0x2E,0x2A,0xD5,0x2B,0x63,0x2D,
  0xD8,0x2E,0x32,0x30,0x72,0x31,0x98,0x32,0xA2,0x33,0x92,0x34,0x66,0x35,0x1F,0x36,
  0xBE,0x36,0x41,0x37,0xAA,0x37,0xF9,0x37,0x2E,0x38,0x49,0x38,0x4C,0x38,0x37,0x38,
  0x0A,0x38,0xC6,0x37,0x6D,0x37,0xFE,0x36,0x7A,0x36,0xE3,0x35,0x3A,0x35,0x7F,0x34,
  0xB3,0x33,0xD8,0x32,0xED,0x31,0xF5,0x30,0xF0,0x2F,0xE0,0x2E,0xC5,0x2D,0xA0,0x2C,
  0x72,0x2B,0x3C,0x2A,0xFF,0x28,0xBD,0x27,0x75,0x26,0x28,0x25,0xD8,0x23,0x86,0x22,
  0x31,0x21,0xDB,0x1F,0x84,0x1E,0x2D,0x1D,0xD6,0x1B,0x80,0x1A,0x2B,0x19,0xD8,0x17,
  0x87,0x16,0x38,0x15,0xEB,0x13,0xA1,0x12,0x5A,0x11,0x16,0x10,0xD5,0x0E,0x97,0x0D,
  0x5C,0x0C,0x23,0x0B,0xEE,0x09,0xBB,0x08,0x8B,0x07,0x5D,0x06,0x31,0x05,0x07,0x04,
  0xDF,0x02,0xB8,0x01,0x92,0x00,0x6E,0xFF,0x4A,0xFE,0x26,0xFD,0x03,0xFC,0xDF,0xFA,
  0xBB,0xF9,0x97,0xF8,0x72,0xF7,0x4C,0xF6,0x24,0xF5,0xFC,0xF3,0xD3,0xF2,0xA8,0xF1,
  0x7C,0xF0,0x4F,0xEF,0x21,0xEE,0xF2,0xEC,0xC2,0xEB,0x91,0xEA,0x5F,0xE9,0x2E,0xE8,
  0xFD,0xE6,0xCC,0xE5,0x9C,0xE4,0x6D,0xE3,0x41,0xE2,0x16,0xE1,0xEF,0xDF,0xCB,0xDE,
  0xAC,0xDD,0x91,0xDC,0x7C,0xDB,0x6E,0xDA,0x66,0xD9,0x66,0xD8,0x6F,0xD7,0x81,0xD6,
  0x9E,0xD5,0xC5,0xD4,0xF8,0xD3,0x38,0xD3,0x85,0xD2,0xE1,0xD1,0x4B,0xD1,0xC5,0xD0,
  0x50,0xD0,0xEB,0xCF,0x99,0xCF,0x59,0xCF,0x2C,0xCF,0x12,0xCF,0x0D,0xCF,0x1C,0xCF,
  0x40,0xCF,0x7A,0xCF,0xC9,0xCF,0x2E,0xD0,0xA9,0xD0,0x3A,0xD1,0xE1,0xD1,0x9E,0xD2,
  0x71,0xD3,0x5B,0xD4,0x5A,0xD5,0x6E,0xD6,0x97,0xD7,0xD5,0xD8,0x27,0xDA,0x8C,0xDB,
  0x04,0xDD,0x8E,0xDE,0x2A,0xE0,0xD7,0xE1,0x93,0xE3,0x5E,0xE5,0x36,0xE7,0x1C,0xE9,
  0x0D,0xEB,0x09,0xED,0x0F,0xEF,0x1D,0xF1,0x32,0xF3,0x4D,0xF5,0x6C,0xF7,0x8F,0xF9,
  0xB5,0xFB,0xDB,0xFD,0x00,0x00,0x24,0x02,0x45,0x04,0x62,0x06,0x79,0x08,0x8A,0x0A,
  0x93,0x0C,0x93,0x0E,0x89,0x10,0x74,0x12,0x52,0x14,0x23,0x16,0xE6,0x17,0x9A,0x19,
  0x3E,0x1B,0xD1,0x1C,0x53,0x1E,0xC2,0x1F,0x1F,0x21,0x68,0x22,0x9E,0x23,0xBF,0x24,
  0xCC,0x25,0xC3,0x26,0xA6,0x27,0x73,0x28,0x2B,0x29,0xCE,0x29,0x5B,0x2A,0xD3,0x2A,
  0x36,0x2B,0x85,0x2B,0xBE,0x2B,0xE4,0x2B,0xF5,0x2B,0xF4,0x2B,0xDF,0x2B,0xB8,0x2B,
  0x7F,0x2B,0x35,0x2B,0xDB,0x2A,0x71,0x2A,0xF7,0x29,0x6F,0x29,0xDA,0x28,0x38,0x28,
  0x89,0x27,0xCF,0x26,0x0B,0x26,0x3D,0x25,0x66,0x24,0x87,0x23,0xA0,0x22,0xB2,0x21,
  0xBF,0x20,0xC6,0x1F,0xC9,0x1E,0xC8,0x1D,0xC4,0x1C,0xBE,0x1B,0xB5,0x1A,0xAB,0x19,
  0xA0,0x18,0x94,0x17,0x89,0x16,0x7E,0x15,0x74,0x14,0x6B,0x13,0x63,0x12,0x5E,0x11,
  0x5A,0x10,0x58,0x0F,0x58,0x0E,0x5B,0x0D,0x60,0x0C,0x68,0x0B,0x72,0x0A,0x7F,0x09,
  0x8E,0x08,0xA0,0x07,0xB3,0x06,0xC9,0x05,0xE1,0x04,0xFB,0x03,0x16,0x03,0x33,0x02,
  0x51,0x01,0x70,0x00,0x91,0xFF,0xB1,0xFE,0xD2,0xFD,0xF4,0xFC,0x15,0xFC,0x37,0xFB,
  0x58,0xFA,0x79,0xF9,0x9A,0xF8,0xBA,0xF7,0xD9,0xF6,0xF7,0xF5,0x15,0xF5,0x32,0xF4,
  0x4E,0xF3,0x6A,0xF2,0x85,0xF1,0xA0,0xF0,0xBA,0xEF,0xD4,0xEE,0xEE,0xED,0x08,0xED,
  0x24,0xEC,0x40,0xEB,0x5D,0xEA,0x7C,0xE9,0x9D,0xE8,0xC0,0xE7,0xE6,0xE6,0x10,0xE6,
  0x3E,0xE5,0x70,0xE4,0xA6,0xE3,0xE3,0xE2,0x26,0xE2,0x6F,0xE1,0xBF,0xE0,0x18,0xE0,
  0x78,0xDF,0xE2,0xDE,0x56,0xDE,0xD3,0xDD,0x5C,0xDD,0xF0,0xDC,0x90,0xDC,0x3C,0xDC,
  0xF5,0xDB,0xBC,0xDB,0x90,0xDB,0x73,0xDB,0x64,0xDB,0x65,0xDB,0x75,0xDB,0x94,0xDB,
  0xC4,0xDB,0x04,0xDC,0x53,0xDC,0xB3,0xDC,0x24,0xDD,0xA5,0xDD,0x36,0xDE,0xD8,0xDE,
  0x8A,0xDF,0x4B,0xE0,0x1D,0xE1,0xFD,0xE1,0xED,0xE2,0xEC,0xE3,0xF8,0xE4,0x13,0xE6,
  0x3A,0xE7,0x6E,0xE8,0xAE,0xE9,0xFA,0xEA,0x50,0xEC,0xB0,0xED,0x19,0xEF,0x8A,0xF0,
  0x03,0xF2,0x83,0xF3,0x08,0xF5,0x92,0xF6,0x20,0xF8,0xB1,0xF9,0x44,0xFB,0xD8,0xFC,
  0x6D,0xFE,0x00,0x00,0x92,0x01,0x21,0x03,0xAD,0x04,0x34,0x06,0xB7,0x07,0x33,0x09,
  0xA8,0x0A,0x15,0x0C,0x7A,0x0D,0xD5,0x0E,0x26,0x10,0x6D,0x11,0xA8,0x12,0xD7,0x13,
  0xF9,0x14,0x0F,0x16,0x17,0x17,0x10,0x18,0xFC,0x18,0xD9,0x19,0xA7,0x1A,0x65,0x1B,
  0x14,0x1C,0xB4,0x1C,0x44,0x1D,0xC5,0x1D,0x36,0x1E,0x97,0x1E,0xE9,0x1E,0x2C,0x1F,
  0x5F,0x1F,0x84,0x1F,0x9A,0x1F,0xA1,0x1F,0x9B,0x1F,0x87,0x1F,0x66,0x1F,0x38,0x1F,
  0xFE,0x1E,0xB8,0x1E,0x67,0x1E,0x0B,0x1E,0xA5,0x1D,0x35,0x1D,0xBC,0x1C,0x3B,0x1C,
  0xB2,0x1B,0x21,0x1B,0x89,0x1A,0xEC,0x19,0x48,0x19,0xA0,0x18,0xF3,0x17,0x42,0x17,
  0x8E,0x16,0xD6,0x15,0x1C,0x15,0x60,0x14,0xA3,0x13,0xE4,0x12,0x25,0x12,0x65,0x11,
  0xA5,0x10,0xE5,0x0F,0x26,0x0F,0x68,0x0E,0xAB,0x0D,0xEF,0x0C,0x35,0x0C,0x7C,0x0B,
  0xC5,0x0A,0x10,0x0A,0x5C,0x09,0xAB,0x08,0xFC,0x07,0x4E,0x07,0xA3,0x06,0xF9,0x05,
  0x52,0x05,0xAC,0x04,0x08,0x04,0x65,0x03,0xC4,0x02,0x25,0x02,0x87,0x01,0xE9,0x00,
  0x4D,0x00,0xB3,0xFF,0x18,0xFF,0x7E,0xFE,0xE5,0xFD,0x4C,0xFD,0xB2,0xFC,0x1A,0xFC,
  0x81,0xFB,0xE8,0xFA,0x4F,0xFA,0xB5,0xF9,0x1C,0xF9,0x82,0xF8,0xE8,0xF7,0x4D,0xF7,
  0xB3,0xF6,0x18,0xF6,0x7D,0xF5,0xE3,0xF4,0x48,0xF4,0xAE,0xF3,0x14,0xF3,0x7B,0xF2,
  0xE3,0xF1,0x4C,0xF1,0xB7,0xF0,0x23,0xF0,0x91,0xEF,0x01,0xEF,0x74,0xEE,0xEA,0xED,
  0x63,0xED,0xDF,0xEC,0x60,0xEC,0xE5,0xEB,0x6F,0xEB,0xFD,0xEA,0x92,0xEA,0x2C,0xEA,
  0xCC,0xE9,0x74,0xE9,0x22,0xE9,0xD7,0xE8,0x95,0xE8,0x5A,0xE8,0x28,0xE8,0xFF,0xE7,
  0xDE,0xE7,0xC7,0xE7,0xBA,0xE7,0xB6,0xE7,0xBD,0xE7,0xCE,0xE7,0xE9,0xE7,0x0E,0xE8,
  0x3E,0xE8,0x79,0xE8,0xBE,0xE8,0x0E,0xE9,0x69,0xE9,0xCF,0xE9,0x3E,0xEA,0xB9,0xEA,
  0x3D,0xEB,0xCC,0xEB,0x64,0xEC,0x06,0xED,0xB1,0xED,0x65,0xEE,0x21,0xEF,0xE6,0xEF,
  0xB3,0xF0,0x86,0xF1,0x61,0xF2,0x42,0xF3,0x2A,0xF4,0x16,0xF5,0x07,0xF6,0xFD,0xF6,
  0xF6,0xF7,0xF3,0xF8,0xF2,0xF9,0xF3,0xFA,0xF5,0xFB,0xF9,0xFC,0xFC,0xFD,0xFF,0xFE,
  0x00,0x00,0x00,0x01,0xFD,0x01,0xF8,0x02,0xF0,0x03,0xE4,0x04,0xD3,0x05,0xBD,0x06,
  0xA1,0x07,0x80,0x08,0x58,0x09,0x29,0x0A,0xF3,0x0A,0xB5,0x0B,0x70,0x0C,0x21,0x0D,
  0xCB,0x0D,0x6B,0x0E,0x02,0x0F,0x8F,0x0F,0x14,0x10,0x8E,0x10,0xFF,0x10,0x66,0x11,
  0xC2,0x11,0x15,0x12,0x5E,0x12,0x9E,0x12,0xD3,0x12,0xFF,0x12,0x21,0x13,0x39,0x13,
  0x49,0x13,0x4F,0x13,0x4D,0x13,0x42,0x13,0x2F,0x13,0x14,0x13,0xF1,0x12,0xC7,0x12,
  0x95,0x12,0x5D,0x12,0x1F,0x12,0xDA,0x11,0x90,0x11,0x41,0x11,0xED,0x10,0x94,0x10,
  0x37,0x10,0xD6,0x0F,0x72,0x0F,0x0A,0x0F,0xA0,0x0E,0x34,0x0E,0xC5,0x0D,0x55,0x0D,
  0xE3,0x0C,0x70,0x0C,0xFC,0x0B,0x88,0x0B,0x13,0x0B,0x9E,0x0A,0x2A,0x0A,0xB5,0x09,
  0x41,0x09,0xCE,0x08,0x5C,0x08,0xEB,0x07,0x7B,0x07,0x0C,0x07,0x9E,0x06,0x32,0x06,
  0xC7,0x05,0x5D,0x05,0xF5,0x04,0x8F,0x04,0x2A,0x04,0xC6,0x03,0x64,0x03,0x04,0x03,
  0xA4,0x02,0x46,0x02,0xEA,0x01,0x8E,0x01,0x34,0x01,0xDB,0x00,0x82,0x00,0x2B,0x00,
  0xD5,0xFF,0x7F,0xFF,0x2A,0xFF,0xD6,0xFE,0x82,0xFE,0x2E,0xFE,0xDB,0xFD,0x88,0xFD,
  0x36,0xFD,0xE4,0xFC,0x92,0xFC,0x40,0xFC,0xEE,0xFB,0x9D,0xFB,0x4C,0xFB,0xFC,0xFA,
  0xAB,0xFA,0x5B,0xFA,0x0C,0xFA,0xBD,0xF9,0x6E,0xF9,0x20,0xF9,0xD3,0xF8,0x87,0xF8,
  0x3C,0xF8,0xF2,0xF7,0xA9,0xF7,0x62,0xF7,0x1C,0xF7,0xD8,0xF6,0x96,0xF6,0x56,0xF6,
  0x18,0xF6,0xDD,0xF5,0xA4,0xF5,0x6E,0xF5,0x3C,0xF5,0x0C,0xF5,0xDF,0xF4,0xB7,0xF4,
  0x91,0xF4,0x70,0xF4,0x53,0xF4,0x3A,0xF4,0x25,0xF4,0x14,0xF4,0x08,0xF4,0x01,0xF4,
  0xFF,0xF3,0x01,0xF4,0x09,0xF4,0x15,0xF4,0x26,0xF4,0x3D,0xF4,0x58,0xF4,0x79,0xF4,
  0x9E,0xF4,0xC9,0xF4,0xF9,0xF4,0x2D,0xF5,0x67,0xF5,0xA5,0xF5,0xE8,0xF5,0x2F,0xF6,
  0x7B,0xF6,0xCA,0xF6,0x1E,0xF7,0x76,0xF7,0xD1,0xF7,0x30,0xF8,0x92,0xF8,0xF7,0xF8,
  0x5E,0xF9,0xC8,0xF9,0x35,0xFA,0xA3,0xFA,0x13,0xFB,0x84,0xFB,0xF7,0xFB,0x6A,0xFC,
  0xDE,0xFC,0x52,0xFD,0xC6,0xFD,0x3A,0xFE,0xAD,0xFE,0x20,0xFF,0x91,0xFF,0x00,0x00,
  0x6E,0x00,0xDA,0x00,0x44,0x01,0xAB,0x01,0x10,0x02,0x73,0x02,0xD2,0x02,0x2E,0x03,
  0x86,0x03,0xDB,0x03,0x2C,0x04,0x7A,0x04,0xC3,0x04,0x08,0x05,0x49,0x05,0x86,0x05,
  0xBF,0x05,0xF3,0x05,0x23,0x06,0x4E,0x06,0x76,0x06,0x98,0x06,0xB7,0x06,0xD1,0x06,
  0xE6,0x06,0xF8,0x06,0x05,0x07,0x0F,0x07,0x14,0x07,0x16,0x07,0x14,0x07,0x0E,0x07,
  0x05,0x07,0xF9,0x06,0xE9,0x06,0xD7,0x06,0xC2,0x06,0xAA,0x06,0x8F,0x06,0x73,0x06,
  0x54,0x06,0x33,0x06,0x10,0x06,0xEB,0x05,0xC6,0x05,0x9E,0x05,0x76,0x05,0x4D,0x05,
  0x22,0x05,0xF8,0x04,0xCC,0x04,0xA0,0x04,0x74,0x04,0x48,0x04,0x1C,0x04,0xF0,0x03,
  0xC4,0x03,0x98,0x03,0x6D,0x03,0x42,0x03,0x18,0x03,0xEF,0x02,0xC6,0x02,0x9E,0x02,
  0x76,0x02,0x50,0x02,0x2B,0x02,0x06,0x02,0xE3,0x01,0xC0,0x01,0x9E,0x01,0x7E,0x01,
  0x5E,0x01,0x40,0x01,0x22,0x01,0x05,0x01,0xEA,0x00,0xCF,0x00,0xB6,0x00,0x9D,0x00,
  0x85,0x00,0x6E,0x00,0x58,0x00,0x43,0x00,0x2F,0x00,0x1B,0x00,0x09,0x00,0xF8,0xFF,
  0xE7,0xFF,0xD6,0xFF,0xC7,0xFF,0xB8,0xFF,0xAA,0xFF,0x9C,0xFF,0x90,0xFF,0x84,0xFF,
  0x79,0xFF,0x6E,0xFF,0x64,0xFF,0x5B,0xFF,0x53,0xFF,0x4B,0xFF,0x44,0xFF,0x3E,0xFF,
  0x39,0xFF,0x35,0xFF,0x31,0xFF,0x2E,0xFF,0x2C,0xFF,0x2B,0xFF,0x2B,0xFF,0x2B,0xFF,
  0x2D,0xFF,0x2F,0xFF,0x33,0xFF,0x37,0xFF,0x3C,0xFF,0x42,0xFF,0x49,0xFF,0x51,0xFF,
  0x5A,0xFF,0x64,0xFF,0x6E,0xFF,0x7A,0xFF,0x86,0xFF,0x93,0xFF,0xA1,0xFF,0xAF,0xFF,
  0xBE,0xFF,0xCE,0xFF,0xDE,0xFF,0xEF,0xFF,
};
