// GENERATED by assets/mp3_to_header.py - do NOT edit by hand.
// Source: simon_red.wav (33560 bytes)
#pragma once
#include <pgmspace.h>

const unsigned int simon_red_wav_len = 33560;
const unsigned char simon_red_wav[] PROGMEM = {
  0x52,0x49,0x46,0x46,0x10,0x83,0x00,0x00,0x57,0x41,0x56,0x45,0x66,0x6D,0x74,0x20,
  0x10,0x00,0x00,0x00,0x01,0x00,0x01,0x00,0x44,0xAC,0x00,0x00,0x88,0x58,0x01,0x00,
  0x02,0x00,0x10,0x00,0x64,0x61,0x74,0x61,0xEC,0x82,0x00,0x00,0x00,0x00,0x04,0x00,
  0x10,0x00,0x24,0x00,0x41,0x00,0x65,0x00,0x90,0x00,0xC3,0x00,0xFD,0x00,0x3D,0x01,
  0x83,0x01,0xCE,0x01,0x1F,0x02,0x74,0x02,0xCD,0x02,0x29,0x03,0x88,0x03,0xE9,0x03,
  0x4B,0x04,0xAE,0x04,0x12,0x05,0x74,0x05,0xD6,0x05,0x35,0x06,0x93,0x06,0xED,0x06,
  0x44,0x07,0x97,0x07,0xE5,0x07,0x2F,0x08,0x73,0x08,0xB1,0x08,0xEA,0x08,0x1C,0x09,
  0x48,0x09,0x6D,0x09,0x8B,0x09,0xA2,0x09,0xB2,0x09,0xBB,0x09,0xBE,0x09,0xB9,0x09,
  0xAD,0x09,0x9B,0x09,0x82,0x09,0x62,0x09,0x3D,0x09,0x11,0x09,0xE0,0x08,0xA9,0x08,
  0x6D,0x08,0x2C,0x08,0xE7,0x07,0x9C,0x07,0x4E,0x07,0xFB,0x06,0xA5,0x06,0x4B,0x06,
  0xEE,0x05,0x8D,0x05,0x29,0x05,0xC2,0x04,0x58,0x04,0xEB,0x03,0x7B,0x03,0x08,0x03,
  0x91,0x02,0x18,0x02,0x9C,0x01,0x1C,0x01,0x98,0x00,0x11,0x00,0x87,0xFF,0xF8,0xFE,
  0x65,0xFE,0xCE,0xFD,0x31,0xFD,0x91,0xFC,0xEB,0xFB,0x3F,0xFB,0x8F,0xFA,0xD9,0xF9,
  0x1E,0xF9,0x5D,0xF8,0x97,0xF7,0xCB,0xF6,0xFA,0xF5,0x24,0xF5,0x49,0xF4,0x69,0xF3,
  0x84,0xF2,0x9C,0xF1,0xB0,0xF0,0xC1,0xEF,0xD0,0xEE,0xDD,0xED,0xEA,0xEC,0xF6,0xEB,
  0x03,0xEB,0x12,0xEA,0x23,0xE9,0x39,0xE8,0x53,0xE7,0x73,0xE6,0x9B,0xE5,0xCC,0xE4,
  0x06,0xE4,0x4B,0xE3,0x9D,0xE2,0xFD,0xE1,0x6B,0xE1,0xEB,0xE0,0x7B,0xE0,0x1F,0xE0,
  0xD6,0xDF,0xA3,0xDF,0x86,0xDF,0x80,0xDF,0x93,0xDF,0xBE,0xDF,0x03,0xE0,0x63,0xE0,
  0xDE,0xE0,0x74,0xE1,0x26,0xE2,0xF4,0xE2,0xDD,0xE3,0xE3,0xE4,0x04,0xE6,0x41,0xE7,
  0x98,0xE8,0x0A,0xEA,0x94,0xEB,0x38,0xED,0xF2,0xEE,0xC3,0xF0,0xA9,0xF2,0xA2,0xF4,
  0xAD,0xF6,0xC8,0xF8,0xF2,0xFA,0x29,0xFD,0x6A,0xFF,0xB3,0x01,0x04,0x04,0x59,0x06,
  0xB0,0x08,0x08,0x0B,0x5E,0x0D,0xB0,0x0F,0xFC,0x11,0x3F,0x14,0x78,0x16,0xA4,0x18,
  0xC1,0x1A,0xCE,0x1C,0xC8,0x1E,0xAE,0x20,0x7F,0x22,0x38,0x24,0xD8,0x25,0x5E,0x27,
  0xC9,0x28,0x17,0x2A,0x49,0x2B,0x5C,0x2C,0x51,0x2D,0x26,0x2E,0xDD,0x2E,0x73,0x2F,
  0xEB,0x2F,0x43,0x30,0x7B,0x30,0x96,0x30,0x92,0x30,0x71,0x30,0x33,0x30,0xD9,0x2F,
  0x64,0x2F,0xD6,0x2E,0x30,0x2E,0x72,0x2D,0x9E,0x2C,0xB5,0x2B,0xB9,0x2A,0xAB,0x29,
  0x8D,0x28,0x5F,0x27,0x23,0x26,0xDC,0x24,0x89,0x23,0x2C,0x22,0xC6,0x20,0x59,0x1F,
  0xE6,0x1D,0x6E,0x1C,0xF0,0x1A,0x70,0x19,0xEC,0x17,0x66,0x16,0xDF,0x14,0x56,0x13,
  0xCC,0x11,0x41,0x10,0xB6,0x0E,0x2A,0x0D,0x9E,0x0B,0x11,0x0A,0x82,0x08,0xF3,0x06,
  0x61,0x05,0xCE,0x03,0x38,0x02,0x9F,0x00,0x03,0xFF,0x62,0xFD,0xBC,0xFB,0x11,0xFA,
  0x60,0xF8,0xA9,0xF6,0xEB,0xF4,0x26,0xF3,0x59,0xF1,0x85,0xEF,0xA9,0xED,0xC4,0xEB,
  0xD8,0xE9,0xE5,0xE7,0xEA,0xE5,0xE7,0xE3,0xDF,0xE1,0xD1,0xDF,0xBE,0xDD,0xA7,0xDB,
  0x8D,0xD9,0x73,0xD7,0x58,0xD5,0x3F,0xD3,0x29,0xD1,0x19,0xCF,0x10,0xCD,0x10,0xCB,
  0x1B,0xC9,0x35,0xC7,0x5E,0xC5,0x9A,0xC3,0xEC,0xC1,0x54,0xC0,0xD7,0xBE,0x76,0xBD,
  0x35,0xBC,0x15,0xBB,0x19,0xBA,0x44,0xB9,0x98,0xB8,0x16,0xB8,0xC1,0xB7,0x9B,0xB7,
  0xA6,0xB7,0xE3,0xB7,0x54,0xB8,0xFA,0xB8,0xD6,0xB9,0xE8,0xBA,0x32,0xBC,0xB3,0xBD,
  0x6B,0xBF,0x5B,0xC1,0x82,0xC3,0xDF,0xC5,0x71,0xC8,0x36,0xCB,0x2E,0xCE,0x57,0xD1,
  0xAE,0xD4,0x31,0xD8,0xDE,0xDB,0xB1,0xDF,0xA9,0xE3,0xC0,0xE7,0xF6,0xEB,0x45,0xF0,
  0xAA,0xF4,0x21,0xF9,0xA7,0xFD,0x36,0x02,0xCC,0x06,0x64,0x0B,0xFA,0x0F,0x8A,0x14,
  0x10,0x19,0x87,0x1D,0xEC,0x21,0x3A,0x26,0x6E,0x2A,0x84,0x2E,0x79,0x32,0x48,0x36,
  0xF0,0x39,0x6D,0x3D,0xBC,0x40,0xDA,0x43,0xC6,0x46,0x7D,0x49,0xFE,0x4B,0x47,0x4E,
  0x56,0x50,0x2C,0x52,0xC6,0x53,0x26,0x55,0x4A,0x56,0x32,0x57,0xE0,0x57,0x54,0x58,
  0x8F,0x58,0x92,0x58,0x5E,0x58,0xF5,0x57,0x59,0x57,0x8B,0x56,0x8E,0x55,0x64,0x54,
  0x0F,0x53,0x92,0x51,0xEF,0x4F,0x2A,0x4E,0x44,0x4C,0x40,0x4A,0x21,0x48,0xE9,0x45,
  0x9B,0x43,0x3A,0x41,0xC8,0x3E,0x47,0x3C,0xBA,0x39,0x22,0x37,0x82,0x34,0xDB,0x31,
  0x2F,0x2F,0x80,0x2C,0xCF,0x29,0x1C,0x27,0x69,0x24,0xB7,0x21,0x06,0x1F,0x57,0x1C,
  0xA9,0x19,0xFD,0x16,0x53,0x14,0xAB,0x11,0x04,0x0F,0x5D,0x0C,0xB6,0x09,0x0F,0x07,
  0x66,0x04,0xBA,0x01,0x0C,0xFF,0x5A,0xFC,0xA2,0xF9,0xE4,0xF6,0x1F,0xF4,0x52,0xF1,
  0x7D,0xEE,0x9F,0xEB,0xB7,0xE8,0xC5,0xE5,0xC9,0xE2,0xC3,0xDF,0xB2,0xDC,0x98,0xD9,
  0x73,0xD6,0x46,0xD3,0x11,0xD0,0xD5,0xCC,0x93,0xC9,0x4E,0xC6,0x06,0xC3,0xBE,0xBF,
  0x79,0xBC,0x37,0xB9,0xFD,0xB5,0xCD,0xB2,0xAA,0xAF,0x98,0xAC,0x99,0xA9,0xB1,0xA6,
  0xE3,0xA3,0x34,0xA1,0xA7,0x9E,0x40,0x9C,0x03,0x9A,0xF3,0x97,0x14,0x96,0x6A,0x94,
  0xF9,0x92,0xC4,0x91,0xCE,0x90,0x1A,0x90,0xAC,0x8F,0x86,0x8F,0xAB,0x8F,0x1D,0x90,
  0xDE,0x90,0xF0,0x91,0x53,0x93,0x0A,0x95,0x13,0x97,0x71,0x99,0x22,0x9C,0x26,0x9F,
  0x7C,0xA2,0x22,0xA6,0x18,0xAA,0x5B,0xAE,0xE8,0xB2,0xBC,0xB7,0xD5,0xBC,0x2E,0xC2,
  0xC3,0xC7,0x91,0xCD,0x93,0xD3,0xC3,0xD9,0x1D,0xE0,0x9B,0xE6,0x38,0xED,0xEE,0xF3,
  0xB7,0xFA,0x8B,0x01,0x68,0x08,0x45,0x0F,0x1D,0x16,0xE8,0x1C,0xA3,0x23,0x45,0x2A,
  0xC9,0x30,0x2B,0x37,0x63,0x3D,0x6C,0x43,0x42,0x49,0xE0,0x4E,0x40,0x54,0x5F,0x59,
  0x03,0x5E,0x58,0x62,0x5D,0x66,0x0F,0x6A,0x6D,0x6D,0x74,0x70,0x24,0x73,0x7D,0x75,
  0x7D,0x77,0x26,0x79,0x77,0x7A,0x73,0x7B,0x19,0x7C,0x6C,0x7C,0x6D,0x7C,0x20,0x7C,
  0x86,0x7B,0xA3,0x7A,0x7A,0x79,0x0D,0x78,0x60,0x76,0x77,0x74,0x57,0x72,0x01,0x70,
  0x7B,0x6D,0xC9,0x6A,0xEE,0x67,0xEE,0x64,0xCD,0x61,0x90,0x5E,0x39,0x5B,0xCD,0x57,
  0x4E,0x54,0xC1,0x50,0x27,0x4D,0x85,0x49,0xDD,0x45,0x31,0x42,0x83,0x3E,0xD6,0x3A,
  0x2C,0x37,0x85,0x33,0xE3,0x2F,0x47,0x2C,0xB1,0x28,0x23,0x25,0x9D,0x21,0x1E,0x1E,
  0xA6,0x1A,0x36,0x17,0xCC,0x13,0x68,0x10,0x09,0x0D,0xAE,0x09,0x57,0x06,0x01,0x03,
  0xAE,0xFF,0x5A,0xFC,0x04,0xF9,0xAC,0xF5,0x51,0xF2,0xF1,0xEE,0x8C,0xEB,0x21,0xE8,
  0xAF,0xE4,0x36,0xE1,0xB5,0xDD,0x2D,0xDA,0x9E,0xD6,0x07,0xD3,0x6A,0xCF,0xC7,0xCB,
  0x1F,0xC8,0x74,0xC4,0xC6,0xC0,0x19,0xBD,0x6E,0xB9,0xC6,0xB5,0x26,0xB2,0x8E,0xAE,
  0x03,0xAB,0x88,0xA7,0x20,0xA4,0xCD,0xA0,0x95,0x9D,0x7B,0x9A,0x82,0x97,0xAE,0x94,
  0x04,0x92,0x87,0x8F,0x3C,0x8D,0x25,0x8B,0x48,0x89,0xA8,0x87,0x48,0x86,0x2B,0x85,
  0x56,0x84,0xCB,0x83,0x8D,0x83,0x9E,0x83,0x01,0x84,0xB7,0x84,0xC3,0x85,0x25,0x87,
  0xDF,0x88,0xF1,0x8A,0x5A,0x8D,0x1B,0x90,0x33,0x93,0xA1,0x96,0x64,0x9A,0x78,0x9E,
  0xDD,0xA2,0x8F,0xA7,0x8B,0xAC,0xCE,0xB1,0x54,0xB7,0x18,0xBD,0x16,0xC3,0x4A,0xC9,
  0xAD,0xCF,0x3B,0xD6,0xEE,0xDC,0xC0,0xE3,0xAB,0xEA,0xA9,0xF1,0xB4,0xF8,0xC6,0xFF,
  0xD7,0x06,0xE3,0x0D,0xE2,0x14,0xCF,0x1B,0xA2,0x22,0x57,0x29,0xE8,0x2F,0x4E,0x36,
  0x85,0x3C,0x86,0x42,0x4F,0x48,0xD8,0x4D,0x20,0x53,0x21,0x58,0xD8,0x5C,0x41,0x61,
  0x5B,0x65,0x23,0x69,0x97,0x6C,0xB4,0x6F,0x7B,0x72,0xEA,0x74,0x01,0x77,0xC1,0x78,
  0x29,0x7A,0x3A,0x7B,0xF6,0x7B,0x5E,0x7C,0x75,0x7C,0x3C,0x7C,0xB5,0x7B,0xE5,0x7A,
  0xCD,0x79,0x71,0x78,0xD5,0x76,0xFB,0x74,0xE8,0x72,0xA0,0x70,0x26,0x6E,0x7F,0x6B,
  0xAE,0x68,0xB7,0x65,0x9F,0x62,0x69,0x5F,0x18,0x5C,0xB1,0x58,0x37,0x55,0xAD,0x51,
  0x16,0x4E,0x76,0x4A,0xCF,0x46,0x24,0x43,0x76,0x3F,0xC9,0x3B,0x1E,0x38,0x75,0x34,
  0xD2,0x30,0x34,0x2D,0x9D,0x29,0x0D,0x26,0x85,0x22,0x04,0x1F,0x8A,0x1B,0x18,0x18,
  0xAD,0x14,0x47,0x11,0xE7,0x0D,0x8B,0x0A,0x33,0x07,0xDD,0x03,0x89,0x00,0x36,0xFD,
  0xE0,0xF9,0x89,0xF6,0x2F,0xF3,0xD0,0xEF,0x6D,0xEC,0x03,0xE9,0x93,0xE5,0x1C,0xE2,
  0x9D,0xDE,0x17,0xDB,0x8A,0xD7,0xF5,0xD3,0x59,0xD0,0xB8,0xCC,0x11,0xC9,0x66,0xC5,
  0xB9,0xC1,0x0C,0xBE,0x60,0xBA,0xB7,0xB6,0x14,0xB3,0x7A,0xAF,0xEC,0xAB,0x6C,0xA8,
  0xFF,0xA4,0xA7,0xA1,0x67,0x9E,0x45,0x9B,0x43,0x98,0x65,0x95,0xB0,0x92,0x27,0x90,
  0xCE,0x8D,0xAA,0x8B,0xBE,0x89,0x0D,0x88,0x9C,0x86,0x6E,0x85,0x86,0x84,0xE8,0x83,
  0x95,0x83,0x92,0x83,0xDF,0x83,0x80,0x84,0x76,0x85,0xC2,0x86,0x65,0x88,0x60,0x8A,
  0xB2,0x8C,0x5D,0x8F,0x5F,0x92,0xB7,0x95,0x63,0x99,0x63,0x9D,0xB3,0xA1,0x52,0xA6,
  0x3B,0xAB,0x6C,0xB0,0xE1,0xB5,0x96,0xBB,0x85,0xC1,0xAB,0xC7,0x03,0xCE,0x86,0xD4,
  0x30,0xDB,0xFB,0xE1,0xE0,0xE8,0xDA,0xEF,0xE2,0xF6,0xF3,0xFD,0x04,0x05,0x12,0x0C,
  0x15,0x13,0x07,0x1A,0xE2,0x20,0xA0,0x27,0x3A,0x2E,0xAC,0x34,0xEF,0x3A,0xFF,0x40,
  0xD6,0x46,0x71,0x4C,0xCA,0x51,0xDD,0x56,0xA7,0x5B,0x25,0x60,0x54,0x64,0x31,0x68,
  0xBB,0x6B,0xEF,0x6E,0xCC,0x71,0x52,0x74,0x80,0x76,0x56,0x78,0xD4,0x79,0xFC,0x7A,
  0xCD,0x7B,0x4B,0x7C,0x77,0x7C,0x52,0x7C,0xDF,0x7B,0x21,0x7B,0x1C,0x7A,0xD1,0x78,
  0x45,0x77,0x7B,0x75,0x77,0x73,0x3C,0x71,0xCF,0x6E,0x33,0x6C,0x6C,0x69,0x7F,0x66,
  0x6E,0x63,0x3F,0x60,0xF5,0x5C,0x94,0x59,0x1E,0x56,0x98,0x52,0x04,0x4F,0x66,0x4B,
  0xC1,0x47,0x16,0x44,0x69,0x40,0xBC,0x3C,0x10,0x39,0x67,0x35,0xC2,0x31,0x23,0x2E,
  0x8A,0x2A,0xF8,0x26,0x6E,0x23,0xEB,0x1F,0x6F,0x1C,0xFB,0x18,0x8E,0x15,0x27,0x12,
  0xC5,0x0E,0x69,0x0B,0x10,0x08,0xBA,0x04,0x65,0x01,0x12,0xFE,0xBD,0xFA,0x66,0xF7,
  0x0D,0xF4,0xAF,0xF0,0x4D,0xED,0xE5,0xE9,0x77,0xE6,0x02,0xE3,0x85,0xDF,0x01,0xDC,
  0x75,0xD8,0xE2,0xD4,0x48,0xD1,0xA8,0xCD,0x02,0xCA,0x59,0xC6,0xAC,0xC2,0xFF,0xBE,
  0x52,0xBB,0xA8,0xB7,0x04,0xB4,0x67,0xB0,0xD6,0xAC,0x52,0xA9,0xDF,0xA5,0x81,0xA2,
  0x3B,0x9F,0x11,0x9C,0x06,0x99,0x1F,0x96,0x5F,0x93,0xCA,0x90,0x65,0x8E,0x32,0x8C,
  0x37,0x8A,0x77,0x88,0xF5,0x86,0xB5,0x85,0xBB,0x84,0x09,0x84,0xA3,0x83,0x8B,0x83,
  0xC3,0x83,0x4F,0x84,0x2E,0x85,0x64,0x86,0xF0,0x87,0xD4,0x89,0x10,0x8C,0xA4,0x8E,
  0x90,0x91,0xD2,0x94,0x69,0x98,0x53,0x9C,0x8F,0xA0,0x19,0xA5,0xF0,0xA9,0x0F,0xAF,
  0x72,0xB4,0x17,0xBA,0xF8,0xBF,0x10,0xC6,0x5B,0xCC,0xD4,0xD2,0x74,0xD9,0x37,0xE0,
  0x16,0xE7,0x0B,0xEE,0x11,0xF5,0x20,0xFC,0x31,0x03,0x41,0x0A,0x47,0x11,0x3E,0x18,
  0x20,0x1F,0xE5,0x25,0x89,0x2C,0x06,0x33,0x56,0x39,0x74,0x3F,0x5A,0x45,0x05,0x4B,
  0x6F,0x50,0x95,0x55,0x72,0x5A,0x04,0x5F,0x48,0x63,0x3A,0x67,0xD9,0x6A,0x23,0x6E,
  0x17,0x71,0xB4,0x73,0xF8,0x75,0xE5,0x77,0x7A,0x79,0xB8,0x7A,0x9F,0x7B,0x33,0x7C,
  0x73,0x7C,0x63,0x7C,0x04,0x7C,0x59,0x7B,0x66,0x7A,0x2D,0x79,0xB1,0x77,0xF7,0x75,
  0x01,0x74,0xD4,0x71,0x73,0x6F,0xE3,0x6C,0x27,0x6A,0x43,0x67,0x3C,0x64,0x14,0x61,
  0xD1,0x5D,0x75,0x5A,0x04,0x57,0x82,0x53,0xF2,0x4F,0x56,0x4C,0xB2,0x48,0x09,0x45,
  0x5C,0x41,0xAF,0x3D,0x02,0x3A,0x58,0x36,0xB2,0x32,0x11,0x2F,0x77,0x2B,0xE3,0x27,
  0x57,0x24,0xD2,0x20,0x55,0x1D,0xDF,0x19,0x70,0x16,0x07,0x13,0xA4,0x0F,0x46,0x0C,
  0xED,0x08,0x96,0x05,0x41,0x02,0xEE,0xFE,0x99,0xFB,0x43,0xF8,0xEA,0xF4,0x8E,0xF1,
  0x2D,0xEE,0xC7,0xEA,0x5A,0xE7,0xE7,0xE3,0x6C,0xE0,0xEA,0xDC,0x60,0xD9,0xCF,0xD5,
  0x37,0xD2,0x98,0xCE,0xF4,0xCA,0x4B,0xC7,0x9F,0xC3,0xF2,0xBF,0x45,0xBC,0x9A,0xB8,
  0xF4,0xB4,0x55,0xB1,0xC0,0xAD,0x39,0xAA,0xC1,0xA6,0x5E,0xA3,0x11,0xA0,0xDF,0x9C,
  0xCC,0x99,0xDB,0x96,0x10,0x94,0x70,0x91,0xFE,0x8E,0xBE,0x8C,0xB5,0x8A,0xE5,0x88,
  0x52,0x87,0x01,0x86,0xF5,0x84,0x30,0x84,0xB6,0x83,0x8A,0x83,0xAD,0x83,0x23,0x84,
  0xEC,0x84,0x0C,0x86,0x82,0x87,0x4F,0x89,0x74,0x8B,0xF2,0x8D,0xC7,0x90,0xF2,0x93,
  0x73,0x97,0x48,0x9B,0x6F,0x9F,0xE6,0xA3,0xA9,0xA8,0xB6,0xAD,0x08,0xB3,0x9C,0xB8,
  0x6E,0xBE,0x78,0xC4,0xB7,0xCA,0x24,0xD1,0xBB,0xD7,0x76,0xDE,0x4E,0xE5,0x3E,0xEC,
  0x40,0xF3,0x4D,0xFA,0x5E,0x01,0x6F,0x08,0x78,0x0F,0x74,0x16,0x5C,0x1D,0x29,0x24,
  0xD6,0x2A,0x5E,0x31,0xBA,0x37,0xE5,0x3D,0xDA,0x43,0x94,0x49,0x0F,0x4F,0x47,0x54,
  0x38,0x59,0xDE,0x5D,0x36,0x62,0x3D,0x66,0xF2,0x69,0x52,0x6D,0x5C,0x70,0x0F,0x73,
  0x6B,0x75,0x6E,0x77,0x1A,0x79,0x6E,0x7A,0x6C,0x7B,0x15,0x7C,0x6A,0x7C,0x6F,0x7C,
  0x24,0x7C,0x8D,0x7B,0xAC,0x7A,0x84,0x79,0x19,0x78,0x6F,0x76,0x88,0x74,0x69,0x72,
  0x15,0x70,0x91,0x6D,0xE0,0x6A,0x06,0x68,0x07,0x65,0xE8,0x61,0xAB,0x5E,0x55,0x5B,
  0xE9,0x57,0x6B,0x54,0xDE,0x50,0x45,0x4D,0xA3,0x49,0xFB,0x45,0x4F,0x42,0xA2,0x3E,
  0xF5,0x3A,0x4A,0x37,0xA3,0x33,0x01,0x30,0x64,0x2C,0xCF,0x28,0x40,0x25,0xBA,0x21,
  0x3A,0x1E,0xC3,0x1A,0x52,0x17,0xE8,0x13,0x84,0x10,0x24,0x0D,0xCA,0x09,0x72,0x06,
  0x1D,0x03,0xCA,0xFF,0x75,0xFC,0x20,0xF9,0xC8,0xF5,0x6C,0xF2,0x0D,0xEF,0xA8,0xEB,
  0x3D,0xE8,0xCB,0xE4,0x53,0xE1,0xD2,0xDD,0x4B,0xDA,0xBB,0xD6,0x25,0xD3,0x88,0xCF,
  0xE5,0xCB,0x3D,0xC8,0x92,0xC4,0xE5,0xC0,0x37,0xBD,0x8C,0xB9,0xE4,0xB5,0x43,0xB2,
  0xAC,0xAE,0x21,0xAB,0xA5,0xA7,0x3B,0xA4,0xE9,0xA0,0xAF,0x9D,0x94,0x9A,0x9A,0x97,
  0xC5,0x94,0x19,0x92,0x9B,0x8F,0x4E,0x8D,0x36,0x8B,0x57,0x89,0xB4,0x87,0x52,0x86,
  0x33,0x85,0x5C,0x84,0xCE,0x83,0x8D,0x83,0x9C,0x83,0xFC,0x83,0xB0,0x84,0xB9,0x85,
  0x19,0x87,0xD0,0x88,0xDE,0x8A,0x45,0x8D,0x03,0x90,0x18,0x93,0x84,0x96,0x43,0x9A,
  0x55,0x9E,0xB8,0xA2,0x67,0xA7,0x61,0xAC,0xA2,0xB1,0x25,0xB7,0xE8,0xBC,0xE4,0xC2,
  0x16,0xC9,0x78,0xCF,0x04,0xD6,0xB6,0xDC,0x87,0xE3,0x72,0xEA,0x6F,0xF1,0x7A,0xF8,
  0x8C,0xFF,0x9D,0x06,0xA9,0x0D,0xA8,0x14,0x96,0x1B,0x6A,0x22,0x21,0x29,0xB2,0x2F,
  0x1A,0x36,0x52,0x3C,0x56,0x42,0x20,0x48,0xAC,0x4D,0xF5,0x52,0xF8,0x57,0xB2,0x5C,
  0x1E,0x61,0x3B,0x65,0x05,0x69,0x7B,0x6C,0x9C,0x6F,0x65,0x72,0xD7,0x74,0xF1,0x76,
  0xB4,0x78,0x1E,0x7A,0x32,0x7B,0xF1,0x7B,0x5C,0x7C,0x75,0x7C,0x3F,0x7C,0xBB,0x7B,
  0xED,0x7A,0xD7,0x79,0x7D,0x78,0xE3,0x76,0x0B,0x75,0xFA,0x72,0xB4,0x70,0x3C,0x6E,
  0x96,0x6B,0xC6,0x68,0xD0,0x65,0xB9,0x62,0x83,0x5F,0x34,0x5C,0xCD,0x58,0x54,0x55,
  0xCA,0x51,0x34,0x4E,0x94,0x4A,0xED,0x46,0x42,0x43,0x95,0x3F,0xE7,0x3B,0x3C,0x38,
  0x94,0x34,0xF0,0x30,0x52,0x2D,0xBB,0x29,0x2B,0x26,0xA2,0x22,0x21,0x1F,0xA7,0x1B,
  0x34,0x18,0xC9,0x14,0x63,0x11,0x03,0x0E,0xA7,0x0A,0x4F,0x07,0xF9,0x03,0xA4,0x00,
  0x51,0xFD,0xFC,0xF9,0xA5,0xF6,0x4B,0xF3,0xEC,0xEF,0x89,0xEC,0x1F,0xE9,0xB0,0xE5,
  0x39,0xE2,0xBA,0xDE,0x34,0xDB,0xA7,0xD7,0x12,0xD4,0x77,0xD0,0xD6,0xCC,0x2F,0xC9,
  0x85,0xC5,0xD8,0xC1,0x2A,0xBE,0x7E,0xBA,0xD5,0xB6,0x32,0xB3,0x98,0xAF,0x09,0xAC,
  0x89,0xA8,0x1B,0xA5,0xC2,0xA1,0x82,0x9E,0x5E,0x9B,0x5B,0x98,0x7C,0x95,0xC6,0x92,
  0x3B,0x90,0xE1,0x8D,0xBB,0x8B,0xCD,0x89,0x1A,0x88,0xA7,0x86,0x77,0x85,0x8C,0x84,
  0xEB,0x83,0x97,0x83,0x91,0x83,0xDC,0x83,0x7A,0x84,0x6D,0x85,0xB6,0x86,0x56,0x88,
  0x4E,0x8A,0x9E,0x8C,0x46,0x8F,0x44,0x92,0x9A,0x95,0x44,0x99,0x41,0x9D,0x8F,0xA1,
  0x2A,0xA6,0x12,0xAB,0x40,0xB0,0xB3,0xB5,0x65,0xBB,0x53,0xC1,0x78,0xC7,0xCE,0xCD,
  0x50,0xD4,0xF9,0xDA,0xC2,0xE1,0xA7,0xE8,0xA0,0xEF,0xA8,0xF6,0xB8,0xFD,0xCA,0x04,
  0xD8,0x0B,0xDB,0x12,0xCE,0x19,0xAA,0x20,0x68,0x27,0x04,0x2E,0x77,0x34,0xBC,0x3A,
  0xCE,0x40,0xA7,0x46,0x43,0x4C,0x9E,0x51,0xB4,0x56,0x81,0x5B,0x02,0x60,0x33,0x64,
  0x13,0x68,0x9F,0x6B,0xD6,0x6E,0xB6,0x71,0x3E,0x74,0x6F,0x76,0x48,0x78,0xC9,0x79,
  0xF3,0x7A,0xC8,0x7B,0x48,0x7C,0x76,0x7C,0x54,0x7C,0xE4,0x7B,0x29,0x7B,0x25,0x7A,
  0xDD,0x78,0x53,0x77,0x8B,0x75,0x88,0x73,0x4F,0x71,0xE3,0x6E,0x49,0x6C,0x83,0x69,
  0x97,0x66,0x88,0x63,0x5A,0x60,0x11,0x5D,0xB0,0x59,0x3B,0x56,0xB5,0x52,0x22,0x4F,
  0x84,0x4B,0xDF,0x47,0x35,0x44,0x88,0x40,0xDA,0x3C,0x2E,0x39,0x85,0x35,0xE0,0x31,
  0x41,0x2E,0xA7,0x2A,0x15,0x27,0x8B,0x23,0x07,0x20,0x8C,0x1C,0x18,0x19,0xAA,0x15,
  0x43,0x12,0xE1,0x0E,0x84,0x0B,0x2B,0x08,0xD5,0x04,0x80,0x01,0x2D,0xFE,0xD8,0xFA,
  0x82,0xF7,0x28,0xF4,0xCB,0xF0,0x69,0xED,0x01,0xEA,0x93,0xE6,0x1E,0xE3,0xA2,0xDF,
  0x1E,0xDC,0x92,0xD8,0x00,0xD5,0x66,0xD1,0xC6,0xCD,0x21,0xCA,0x77,0xC6,0xCB,0xC2,
  0x1D,0xBF,0x70,0xBB,0xC6,0xB7,0x22,0xB4,0x85,0xB0,0xF3,0xAC,0x6F,0xA9,0xFC,0xA5,
  0x9D,0xA2,0x56,0x9F,0x2B,0x9C,0x1F,0x99,0x36,0x96,0x75,0x93,0xDF,0x90,0x78,0x8E,
  0x44,0x8C,0x47,0x8A,0x84,0x88,0x00,0x87,0xBF,0x85,0xC2,0x84,0x0E,0x84,0xA5,0x83,
  0x8A,0x83,0xC0,0x83,0x49,0x84,0x26,0x85,0x58,0x86,0xE2,0x87,0xC3,0x89,0xFD,0x8B,
  0x8E,0x8E,0x76,0x91,0xB5,0x94,0x4A,0x98,0x31,0x9C,0x6B,0xA0,0xF3,0xA4,0xC7,0xA9,
  0xE3,0xAE,0x45,0xB4,0xE7,0xB9,0xC6,0xBF,0xDD,0xC5,0x27,0xCC,0x9E,0xD2,0x3D,0xD9,
  0xFF,0xDF,0xDD,0xE6,0xD2,0xED,0xD6,0xF4,0xE5,0xFB,0xF7,0x02,0x07,0x0A,0x0D,0x11,
  0x05,0x18,0xE7,0x1E,0xAE,0x25,0x53,0x2C,0xD1,0x32,0x23,0x39,0x42,0x3F,0x2A,0x45,
  0xD7,0x4A,0x43,0x50,0x6B,0x55,0x4B,0x5A,0xE0,0x5E,0x26,0x63,0x1B,0x67,0xBD,0x6A,
  0x0A,0x6E,0x00,0x71,0x9F,0x73,0xE7,0x75,0xD6,0x77,0x6E,0x79,0xAF,0x7A,0x99,0x7B,
  0x2F,0x7C,0x72,0x7C,0x65,0x7C,0x08,0x7C,0x60,0x7B,0x6F,0x7A,0x38,0x79,0xBF,0x77,
  0x06,0x76,0x12,0x74,0xE7,0x71,0x88,0x6F,0xF9,0x6C,0x3E,0x6A,0x5C,0x67,0x55,0x64,
  0x2F,0x61,0xEC,0x5D,0x91,0x5A,0x21,0x57,0x9F,0x53,0x0F,0x50,0x74,0x4C,0xD0,0x48,
  0x27,0x45,0x7B,0x41,0xCD,0x3D,0x20,0x3A,0x76,0x36,0xD0,0x32,0x2F,0x2F,0x95,0x2B,
  0x01,0x28,0x74,0x24,0xEF,0x20,0x71,0x1D,0xFB,0x19,0x8C,0x16,0x23,0x13,0xC0,0x0F,
  0x62,0x0C,0x08,0x09,0xB1,0x05,0x5C,0x02,0x09,0xFF,0xB5,0xFB,0x5F,0xF8,0x06,0xF5,
  0xAA,0xF1,0x49,0xEE,0xE3,0xEA,0x76,0xE7,0x03,0xE4,0x89,0xE0,0x07,0xDD,0x7D,0xD9,
  0xEC,0xD5,0x54,0xD2,0xB6,0xCE,0x12,0xCB,0x69,0xC7,0xBE,0xC3,0x10,0xC0,0x63,0xBC,
  0xB8,0xB8,0x12,0xB5,0x73,0xB1,0xDE,0xAD,0x56,0xAA,0xDE,0xA6,0x79,0xA3,0x2C,0xA0,
  0xF9,0x9C,0xE5,0x99,0xF3,0x96,0x27,0x94,0x85,0x91,0x12,0x8F,0xD0,0x8C,0xC4,0x8A,
  0xF3,0x88,0x5E,0x87,0x0B,0x86,0xFC,0x84,0x35,0x84,0xB9,0x83,0x8A,0x83,0xAB,0x83,
  0x1E,0x84,0xE5,0x84,0x01,0x86,0x74,0x87,0x3F,0x89,0x61,0x8B,0xDC,0x8D,0xAE,0x90,
  0xD7,0x93,0x55,0x97,0x28,0x9B,0x4C,0x9F,0xC0,0xA3,0x81,0xA8,0x8B,0xAD,0xDB,0xB2,
  0x6D,0xB8,0x3D,0xBE,0x46,0xC4,0x83,0xCA,0xEF,0xD0,0x84,0xD7,0x3E,0xDE,0x15,0xE5,
  0x04,0xEC,0x06,0xF3,0x12,0xFA,0x24,0x01,0x35,0x08,0x3E,0x0F,0x3B,0x16,0x23,0x1D,
  0xF1,0x23,0xA0,0x2A,0x28,0x31,0x86,0x37,0xB3,0x3D,0xAA,0x43,0x66,0x49,0xE3,0x4E,
  0x1D,0x54,0x10,0x59,0xB8,0x5D,0x13,0x62,0x1D,0x66,0xD5,0x69,0x38,0x6D,0x45,0x70,
  0xFB,0x72,0x59,0x75,0x5F,0x77,0x0D,0x79,0x64,0x7A,0x65,0x7B,0x11,0x7C,0x69,0x7C,
  0x70,0x7C,0x27,0x7C,0x93,0x7B,0xB4,0x7A,0x8F,0x79,0x26,0x78,0x7E,0x76,0x99,0x74,
  0x7B,0x72,0x29,0x70,0xA6,0x6D,0xF7,0x6A,0x1E,0x68,0x21,0x65,0x02,0x62,0xC6,0x5E,
  0x71,0x5B,0x06,0x58,0x88,0x54,0xFC,0x50,0x63,0x4D,0xC1,0x49,0x19,0x46,0x6E,0x42,
  0xC0,0x3E,0x13,0x3B,0x68,0x37,0xC1,0x33,0x1E,0x30,0x82,0x2C,0xEC,0x28,0x5E,0x25,
  0xD7,0x21,0x57,0x1E,0xDF,0x1A,0x6E,0x17,0x04,0x14,0x9F,0x10,0x40,0x0D,0xE5,0x09,
  0x8E,0x06,0x38,0x03,0xE5,0xFF,0x91,0xFC,0x3B,0xF9,0xE3,0xF5,0x88,0xF2,0x29,0xEF,
  0xC4,0xEB,0x59,0xE8,0xE8,0xE4,0x6F,0xE1,0xEF,0xDD,0x68,0xDA,0xD9,0xD6,0x43,0xD3,
  0xA6,0xCF,0x03,0xCC,0x5B,0xC8,0xB0,0xC4,0x03,0xC1,0x56,0xBD,0xAA,0xB9,0x02,0xB6,
  0x61,0xB2,0xC9,0xAE,0x3E,0xAB,0xC1,0xA7,0x57,0xA4,0x04,0xA1,0xCA,0x9D,0xAD,0x9A,
  0xB2,0x97,0xDC,0x94,0x2F,0x92,0xAF,0x8F,0x60,0x8D,0x46,0x8B,0x65,0x89,0xC1,0x87,
  0x5C,0x86,0x3B,0x85,0x62,0x84,0xD2,0x83,0x8E,0x83,0x9A,0x83,0xF8,0x83,0xA9,0x84,
  0xAF,0x85,0x0C,0x87,0xC0,0x88,0xCC,0x8A,0x30,0x8D,0xEB,0x8F,0xFE,0x92,0x66,0x96,
  0x23,0x9A,0x33,0x9E,0x92,0xA2,0x3F,0xA7,0x37,0xAC,0x75,0xB1,0xF7,0xB6,0xB7,0xBC,
  0xB2,0xC2,0xE2,0xC8,0x42,0xCF,0xCE,0xD5,0x7E,0xDC,0x4E,0xE3,0x38,0xEA,0x35,0xF1,
  0x40,0xF8,0x51,0xFF,0x62,0x06,0x6F,0x0D,0x6F,0x14,0x5D,0x1B,0x32,0x22,0xEA,0x28,
  0x7D,0x2F,0xE6,0x35,0x20,0x3C,0x25,0x42,0xF1,0x47,0x7F,0x4D,0xCB,0x52,0xD0,0x57,
  0x8C,0x5C,0xFB,0x60,0x1A,0x65,0xE7,0x68,0x60,0x6C,0x83,0x6F,0x50,0x72,0xC5,0x74,
  0xE2,0x76,0xA6,0x78,0x14,0x7A,0x2B,0x7B,0xEC,0x7B,0x5A,0x7C,0x76,0x7C,0x42,0x7C,
  0xC0,0x7B,0xF4,0x7A,0xE1,0x79,0x89,0x78,0xF1,0x76,0x1B,0x75,0x0C,0x73,0xC7,0x70,
  0x51,0x6E,0xAC,0x6B,0xDE,0x68,0xE9,0x65,0xD3,0x62,0x9E,0x5F,0x4F,0x5C,0xEA,0x58,
  0x70,0x55,0xE7,0x51,0x52,0x4E,0xB2,0x4A,0x0B,0x47,0x60,0x43,0xB3,0x3F,0x06,0x3C,
  0x5A,0x38,0xB2,0x34,0x0E,0x31,0x70,0x2D,0xD8,0x29,0x48,0x26,0xBF,0x22,0x3D,0x1F,
  0xC4,0x1B,0x51,0x18,0xE5,0x14,0x7F,0x11,0x1F,0x0E,0xC3,0x0A,0x6A,0x07,0x14,0x04,
  0xC0,0x00,0x6D,0xFD,0x18,0xFA,0xC0,0xF6,0x66,0xF3,0x08,0xF0,0xA5,0xEC,0x3C,0xE9,
  0xCC,0xE5,0x55,0xE2,0xD7,0xDE,0x52,0xDB,0xC5,0xD7,0x30,0xD4,0x95,0xD0,0xF4,0xCC,
  0x4D,0xC9,0xA3,0xC5,0xF6,0xC1,0x49,0xBE,0x9C,0xBA,0xF3,0xB6,0x50,0xB3,0xB6,0xAF,
  0x26,0xAC,0xA6,0xA8,0x37,0xA5,0xDD,0xA1,0x9C,0x9E,0x78,0x9B,0x73,0x98,0x93,0x95,
  0xDB,0x92,0x4F,0x90,0xF4,0x8D,0xCC,0x8B,0xDC,0x89,0x27,0x88,0xB2,0x86,0x7F,0x85,
  0x93,0x84,0xEF,0x83,0x98,0x83,0x90,0x83,0xD8,0x83,0x73,0x84,0x63,0x85,0xAA,0x86,
  0x47,0x88,0x3C,0x8A,0x89,0x8C,0x2E,0x8F,0x2A,0x92,0x7D,0x95,0x24,0x99,0x1F,0x9D,
  0x6A,0xA1,0x03,0xA6,0xE8,0xAA,0x14,0xB0,0x85,0xB5,0x35,0xBB,0x21,0xC1,0x44,0xC7,
  0x99,0xCD,0x19,0xD4,0xC1,0xDA,0x8A,0xE1,0x6D,0xE8,0x66,0xEF,0x6E,0xF6,0x7E,0xFD,
  0x8F,0x04,0x9E,0x0B,0xA2,0x12,0x95,0x19,0x72,0x20,0x31,0x27,0xCE,0x2D,0x43,0x34,
  0x89,0x3A,0x9C,0x40,0x78,0x46,0x16,0x4C,0x73,0x51,0x8B,0x56,0x5B,0x5B,0xDE,0x5F,
  0x12,0x64,0xF4,0x67,0x83,0x6B,0xBC,0x6E,0x9F,0x71,0x2B,0x74,0x5E,0x76,0x3A,0x78,
  0xBE,0x79,0xEB,0x7A,0xC3,0x7B,0x46,0x7C,0x76,0x7C,0x56,0x7C,0xE9,0x7B,0x30,0x7B,
  0x2F,0x7A,0xE8,0x78,0x60,0x77,0x9A,0x75,0x9A,0x73,0x62,0x71,0xF8,0x6E,0x5F,0x6C,
  0x9B,0x69,0xB0,0x66,0xA2,0x63,0x75,0x60,0x2C,0x5D,0xCC,0x59,0x58,0x56,0xD2,0x52,
  0x40,0x4F,0xA2,0x4B,0xFD,0x47,0x53,0x44,0xA6,0x40,0xF9,0x3C,0x4C,0x39,0xA3,0x35,
  0xFE,0x31,0x5E,0x2E,0xC5,0x2A,0x33,0x27,0xA8,0x23,0x24,0x20,0xA8,0x1C,0x34,0x19,
  0xC6,0x15,0x5F,0x12,0xFD,0x0E,0xA0,0x0B,0x47,0x08,0xF1,0x04,0x9C,0x01,0x49,0xFE,
  0xF4,0xFA,0x9D,0xF7,0x44,0xF4,0xE7,0xF0,0x85,0xED,0x1E,0xEA,0xB0,0xE6,0x3B,0xE3,
  0xBF,0xDF,0x3B,0xDC,0xB0,0xD8,0x1D,0xD5,0x84,0xD1,0xE4,0xCD,0x3F,0xCA,0x95,0xC6,
  0xE9,0xC2,0x3C,0xBF,0x8F,0xBB,0xE5,0xB7,0x40,0xB4,0xA3,0xB0,0x10,0xAD,0x8C,0xA9,
  0x18,0xA6,0xB8,0xA2,0x70,0x9F,0x44,0x9C,0x37,0x99,0x4E,0x96,0x8B,0x93,0xF3,0x90,
  0x8B,0x8E,0x55,0x8C,0x56,0x8A,0x92,0x88,0x0C,0x87,0xC8,0x85,0xC9,0x84,0x12,0x84,
  0xA7,0x83,0x8A,0x83,0xBD,0x83,0x43,0x84,0x1D,0x85,0x4D,0x86,0xD4,0x87,0xB2,0x89,
  0xE9,0x8B,0x77,0x8E,0x5D,0x91,0x99,0x94,0x2B,0x98,0x10,0x9C,0x46,0xA0,0xCC,0xA4,
  0x9E,0xA9,0xB8,0xAE,0x17,0xB4,0xB8,0xB9,0x95,0xBF,0xAA,0xC5,0xF2,0xCB,0x68,0xD2,
  0x06,0xD9,0xC7,0xDF,0xA4,0xE6,0x98,0xED,0x9C,0xF4,0xAB,0xFB,0xBC,0x02,0xCC,0x09,
  0xD4,0x10,0xCC,0x17,0xAF,0x1E,0x77,0x25,0x1D,0x2C,0x9C,0x32,0xEF,0x38,0x10,0x3F,
  0xFA,0x44,0xA9,0x4A,0x17,0x50,0x42,0x55,0x24,0x5A,0xBB,0x5E,0x04,0x63,0xFB,0x66,
  0xA0,0x6A,0xF0,0x6D,0xE9,0x70,0x8B,0x73,0xD5,0x75,0xC8,0x77,0x62,0x79,0xA6,0x7A,
  0x93,0x7B,0x2C,0x7C,0x71,0x7C,0x66,0x7C,0x0C,0x7C,0x67,0x7B,0x78,0x7A,0x43,0x79,
  0xCC,0x77,0x15,0x76,0x23,0x74,0xFA,0x71,0x9C,0x6F,0x0F,0x6D,0x56,0x6A,0x74,0x67,
  0x6F,0x64,0x49,0x61,0x08,0x5E,0xAD,0x5A,0x3E,0x57,0xBC,0x53,0x2D,0x50,0x92,0x4C,
  0xEF,0x48,0x45,0x45,0x99,0x41,0xEC,0x3D,0x3F,0x3A,0x95,0x36,0xEE,0x32,0x4D,0x2F,
  0xB2,0x2B,0x1E,0x28,0x91,0x24,0x0C,0x21,0x8E,0x1D,0x18,0x1A,0xA8,0x16,0x3F,0x13,
  0xDC,0x0F,0x7E,0x0C,0x24,0x09,0xCD,0x05,0x78,0x02,0x25,0xFF,0xD0,0xFB,0x7A,0xF8,
  0x22,0xF5,0xC6,0xF1,0x65,0xEE,0xFF,0xEA,0x93,0xE7,0x20,0xE4,0xA6,0xE0,0x24,0xDD,
  0x9B,0xD9,0x0A,0xD6,0x72,0xD2,0xD4,0xCE,0x30,0xCB,0x88,0xC7,0xDC,0xC3,0x2F,0xC0,
  0x81,0xBC,0xD6,0xB8,0x30,0xB5,0x91,0xB1,0xFB,0xAD,0x73,0xAA,0xFA,0xA6,0x95,0xA3,
  0x47,0xA0,0x13,0x9D,0xFE,0x99,0x0A,0x97,0x3D,0x94,0x9A,0x91,0x25,0x8F,0xE2,0x8C,
  0xD4,0x8A,0x01,0x89,0x6A,0x87,0x15,0x86,0x04,0x85,0x3A,0x84,0xBC,0x83,0x8A,0x83,
  0xA8,0x83,0x19,0x84,0xDD,0x84,0xF6,0x85,0x67,0x87,0x2F,0x89,0x4E,0x8B,0xC6,0x8D,
  0x95,0x90,0xBB,0x93,0x37,0x97,0x07,0x9B,0x28,0x9F,0x9A,0xA3,0x58,0xA8,0x60,0xAD,
  0xAE,0xB2,0x3E,0xB8,0x0C,0xBE,0x13,0xC4,0x4E,0xCA,0xB9,0xD0,0x4D,0xD7,0x06,0xDE,
  0xDC,0xE4,0xCB,0xEB,0xCB,0xF2,0xD8,0xF9,0xE9,0x00,0xFA,0x07,0x05,0x0F,0x01,0x16,
  0xEA,0x1C,0xBA,0x23,0x69,0x2A,0xF3,0x30,0x52,0x37,0x80,0x3D,0x79,0x43,0x38,0x49,
  0xB7,0x4E,0xF3,0x53,0xE8,0x58,0x93,0x5D,0xF0,0x61,0xFD,0x65,0xB7,0x69,0x1D,0x6D,
  0x2D,0x70,0xE6,0x72,0x46,0x75,0x4F,0x77,0x01,0x79,0x5A,0x7A,0x5E,0x7B,0x0C,0x7C,
  0x67,0x7C,0x71,0x7C,0x2B,0x7C,0x99,0x7B,0xBC,0x7A,0x99,0x79,0x33,0x78,0x8C,0x76,
  0xA9,0x74,0x8E,0x72,0x3D,0x70,0xBC,0x6D,0x0E,0x6B,0x36,0x68,0x3A,0x65,0x1C,0x62,
  0xE1,0x5E,0x8D,0x5B,0x22,0x58,0xA5,0x54,0x19,0x51,0x81,0x4D,0xE0,0x49,0x38,0x46,
  0x8C,0x42,0xDE,0x3E,0x31,0x3B,0x86,0x37,0xDF,0x33,0x3C,0x30,0xA0,0x2C,0x0A,0x29,
  0x7B,0x25,0xF4,0x21,0x74,0x1E,0xFC,0x1A,0x8A,0x17,0x20,0x14,0xBB,0x10,0x5C,0x0D,
  0x01,0x0A,0xA9,0x06,0x54,0x03,0x00,0x00,0xAC,0xFC,0x57,0xF9,0xFF,0xF5,0xA4,0xF2,
  0x45,0xEF,0xE0,0xEB,0x76,0xE8,0x04,0xE5,0x8C,0xE1,0x0C,0xDE,0x85,0xDA,0xF6,0xD6,
  0x60,0xD3,0xC4,0xCF,0x21,0xCC,0x7A,0xC8,0xCF,0xC4,0x22,0xC1,0x74,0xBD,0xC8,0xB9,
  0x20,0xB6,0x7F,0xB2,0xE7,0xAE,0x5B,0xAB,0xDE,0xA7,0x73,0xA4,0x1F,0xA1,0xE4,0x9D,
  0xC6,0x9A,0xCA,0x97,0xF2,0x94,0x44,0x92,0xC3,0x8F,0x72,0x8D,0x57,0x8B,0x74,0x89,
  0xCD,0x87,0x67,0x86,0x44,0x85,0x67,0x84,0xD5,0x83,0x8F,0x83,0x99,0x83,0xF4,0x83,
  0xA2,0x84,0xA6,0x85,0xFF,0x86,0xB1,0x88,0xBA,0x8A,0x1A,0x8D,0xD3,0x8F,0xE3,0x92,
  0x49,0x96,0x03,0x9A,0x10,0x9E,0x6D,0xA2,0x18,0xA7,0x0D,0xAC,0x49,0xB1,0xC8,0xB6,
  0x87,0xBC,0x80,0xC2,0xAE,0xC8,0x0D,0xCF,0x97,0xD5,0x46,0xDC,0x16,0xE3,0xFF,0xE9,
  0xFB,0xF0,0x06,0xF8,0x17,0xFF,0x28,0x06,0x35,0x0D,0x35,0x14,0x24,0x1B,0xFA,0x21,
  0xB3,0x28,0x47,0x2F,0xB2,0x35,0xED,0x3B,0xF4,0x41,0xC2,0x47,0x52,0x4D,0xA0,0x52,
  0xA8,0x57,0x66,0x5C,0xD8,0x60,0xF9,0x64,0xC9,0x68,0x45,0x6C,0x6B,0x6F,0x3A,0x72,
  0xB2,0x74,0xD1,0x76,0x99,0x78,0x0A,0x7A,0x23,0x7B,0xE7,0x7B,0x58,0x7C,0x76,0x7C,
  0x44,0x7C,0xC6,0x7B,0xFC,0x7A,0xEB,0x79,0x96,0x78,0xFF,0x76,0x2C,0x75,0x1E,0x73,
  0xDB,0x70,0x66,0x6E,0xC3,0x6B,0xF6,0x68,0x02,0x66,0xED,0x62,0xB9,0x5F,0x6B,0x5C,
  0x06,0x59,0x8D,0x55,0x05,0x52,0x6F,0x4E,0xD0,0x4A,0x2A,0x47,0x7F,0x43,0xD1,0x3F,
  0x24,0x3C,0x78,0x38,0xD0,0x34,0x2C,0x31,0x8E,0x2D,0xF6,0x29,0x65,0x26,0xDC,0x22,
  0x5A,0x1F,0xE0,0x1B,0x6D,0x18,0x01,0x15,0x9B,0x11,0x3A,0x0E,0xDE,0x0A,0x86,0x07,
  0x30,0x04,0xDB,0x00,0x88,0xFD,0x33,0xFA,0xDC,0xF6,0x82,0xF3,0x24,0xF0,0xC1,0xEC,
  0x58,0xE9,0xE8,0xE5,0x72,0xE2,0xF4,0xDE,0x6F,0xDB,0xE2,0xD7,0x4E,0xD4,0xB3,0xD0,
  0x12,0xCD,0x6B,0xC9,0xC1,0xC5,0x14,0xC2,0x67,0xBE,0xBB,0xBA,0x11,0xB7,0x6E,0xB3,
  0xD3,0xAF,0x44,0xAC,0xC2,0xA8,0x53,0xA5,0xF8,0xA1,0xB7,0x9E,0x91,0x9B,0x8C,0x98,
  0xAA,0x95,0xF1,0x92,0x64,0x90,0x06,0x8E,0xDD,0x8B,0xEB,0x89,0x34,0x88,0xBD,0x86,
  0x88,0x85,0x99,0x84,0xF4,0x83,0x9A,0x83,0x8F,0x83,0xD4,0x83,0x6D,0x84,0x5A,0x85,
  0x9E,0x86,0x38,0x88,0x2B,0x8A,0x75,0x8C,0x17,0x8F,0x10,0x92,0x60,0x95,0x05,0x99,
  0xFC,0x9C,0x45,0xA1,0xDC,0xA5,0xBE,0xAA,0xE9,0xAF,0x57,0xB5,0x06,0xBB,0xF0,0xC0,
  0x11,0xC7,0x64,0xCD,0xE3,0xD3,0x89,0xDA,0x51,0xE1,0x34,0xE8,0x2C,0xEF,0x34,0xF6,
  0x44,0xFD,0x55,0x04,0x64,0x0B,0x68,0x12,0x5C,0x19,0x39,0x20,0xFA,0x26,0x98,0x2D,
  0x0E,0x34,0x56,0x3A,0x6B,0x40,0x48,0x46,0xE9,0x4B,0x48,0x51,0x62,0x56,0x34,0x5B,
  0xBA,0x5F,0xF0,0x63,0xD5,0x67,0x67,0x6B,0xA3,0x6E,0x89,0x71,0x17,0x74,0x4E,0x76,
  0x2C,0x78,0xB3,0x79,0xE3,0x7A,0xBD,0x7B,0x43,0x7C,0x76,0x7C,0x59,0x7C,0xEE,0x7B,
  0x37,0x7B,0x38,0x7A,0xF4,0x78,0x6E,0x77,0xAA,0x75,0xAB,0x73,0x75,0x71,0x0D,0x6F,
  0x75,0x6C,0xB2,0x69,0xC9,0x66,0xBC,0x63,0x90,0x60,0x48,0x5D,0xE8,0x59,0x74,0x56,
  0xF0,0x52,0x5D,0x4F,0xC0,0x4B,0x1B,0x48,0x71,0x44,0xC4,0x40,0x17,0x3D,0x6B,0x39,
  0xC1,0x35,0x1C,0x32,0x7C,0x2E,0xE3,0x2A,0x50,0x27,0xC5,0x23,0x41,0x20,0xC5,0x1C,
  0x50,0x19,0xE2,0x15,0x7B,0x12,0x19,0x0F,0xBC,0x0B,0x63,0x08,0x0C,0x05,0xB7,0x01,
  0x64,0xFE,0x0F,0xFB,0xB9,0xF7,0x60,0xF4,0x03,0xF1,0xA1,0xED,0x3A,0xEA,0xCC,0xE6,
  0x58,0xE3,0xDC,0xDF,0x58,0xDC,0xCD,0xD8,0x3B,0xD5,0xA2,0xD1,0x02,0xCE,0x5D,0xCA,
  0xB4,0xC6,0x07,0xC3,0x5A,0xBF,0xAD,0xBB,0x03,0xB8,0x5E,0xB4,0xC0,0xB0,0x2E,0xAD,
  0xA8,0xA9,0x34,0xA6,0xD4,0xA2,0x8B,0x9F,0x5E,0x9C,0x50,0x99,0x65,0x96,0xA1,0x93,
  0x08,0x91,0x9E,0x8E,0x66,0x8C,0x66,0x8A,0xA0,0x88,0x18,0x87,0xD1,0x85,0xD0,0x84,
  0x17,0x84,0xAA,0x83,0x8A,0x83,0xBA,0x83,0x3D,0x84,0x15,0x85,0x42,0x86,0xC6,0x87,
  0xA2,0x89,0xD5,0x8B,0x61,0x8E,0x44,0x91,0x7D,0x94,0x0C,0x98,0xEE,0x9B,0x22,0xA0,
  0xA5,0xA4,0x75,0xA9,0x8D,0xAE,0xEA,0xB3,0x88,0xB9,0x64,0xBF,0x77,0xC5,0xBD,0xCB,
  0x32,0xD2,0xCF,0xD8,0x8E,0xDF,0x6B,0xE6,0x5E,0xED,0x62,0xF4,0x71,0xFB,0x82,0x02,
  0x92,0x09,0x9A,0x10,0x93,0x17,0x76,0x1E,0x3F,0x25,0xE7,0x2B,0x67,0x32,0xBC,0x38,
  0xDF,0x3E,0xCB,0x44,0x7B,0x4A,0xEC,0x4F,0x18,0x55,0xFD,0x59,0x96,0x5E,0xE1,0x62,
  0xDC,0x66,0x83,0x6A,0xD6,0x6D,0xD2,0x70,0x77,0x73,0xC4,0x75,0xB9,0x77,0x56,0x79,
  0x9D,0x7A,0x8D,0x7B,0x28,0x7C,0x70,0x7C,0x68,0x7C,0x11,0x7C,0x6D,0x7B,0x81,0x7A,
  0x4E,0x79,0xD9,0x77,0x24,0x76,0x34,0x74,0x0C,0x72,0xB1,0x6F,0x25,0x6D,0x6D,0x6A,
  0x8D,0x67,0x88,0x64,0x64,0x61,0x23,0x5E,0xC9,0x5A,0x5A,0x57,0xDA,0x53,0x4A,0x50,
  0xB0,0x4C,0x0D,0x49,0x64,0x45,0xB7,0x41,0x0A,0x3E,0x5D,0x3A,0xB3,0x36,0x0C,0x33,
  0x6B,0x2F,0xD0,0x2B,0x3B,0x28,0xAE,0x24,0x29,0x21,0xAB,0x1D,0x34,0x1A,0xC4,0x16,
  0x5B,0x13,0xF8,0x0F,0x9A,0x0C,0x40,0x09,0xE8,0x05,0x93,0x02,0x40,0xFF,0xEC,0xFB,
  0x96,0xF8,0x3D,0xF5,0xE1,0xF1,0x81,0xEE,0x1B,0xEB,0xAF,0xE7,0x3C,0xE4,0xC3,0xE0,
  0x41,0xDD,0xB8,0xD9,0x28,0xD6,0x90,0xD2,0xF2,0xCE,0x4E,0xCB,0xA6,0xC7,0xFA,0xC3,
  0x4D,0xC0,0xA0,0xBC,0xF5,0xB8,0x4E,0xB5,0xAE,0xB1,0x19,0xAE,0x90,0xAA,0x16,0xA7,
  0xB1,0xA3,0x62,0xA0,0x2D,0x9D,0x17,0x9A,0x22,0x97,0x54,0x94,0xAF,0x91,0x39,0x8F,
  0xF4,0x8C,0xE5,0x8A,0x0F,0x89,0x77,0x87,0x1F,0x86,0x0C,0x85,0x40,0x84,0xBE,0x83,
  0x8A,0x83,0xA6,0x83,0x14,0x84,0xD5,0x84,0xEC,0x85,0x5A,0x87,0x1E,0x89,0x3B,0x8B,
  0xB0,0x8D,0x7D,0x90,0xA0,0x93,0x19,0x97,0xE6,0x9A,0x05,0x9F,0x74,0xA3,0x30,0xA8,
  0x35,0xAD,0x81,0xB2,0x0F,0xB8,0xDB,0xBD,0xE0,0xC3,0x1A,0xCA,0x83,0xD0,0x16,0xD7,
  0xCE,0xDD,0xA3,0xE4,0x91,0xEB,0x91,0xF2,0x9E,0xF9,0xAF,0x00,0xC0,0x07,0xCB,0x0E,
  0xC8,0x15,0xB2,0x1C,0x82,0x23,0x32,0x2A,0xBE,0x30,0x1E,0x37,0x4E,0x3D,0x49,0x43,
  0x09,0x49,0x8B,0x4E,0xC9,0x53,0xC1,0x58,0x6E,0x5D,0xCD,0x61,0xDD,0x65,0x9A,0x69,
  0x02,0x6D,0x15,0x70,0xD0,0x72,0x34,0x75,0x40,0x77,0xF4,0x78,0x51,0x7A,0x57,0x7B,
  0x08,0x7C,0x66,0x7C,0x72,0x7C,0x2E,0x7C,0x9E,0x7B,0xC5,0x7A,0xA4,0x79,0x3F,0x78,
  0x9B,0x76,0xBA,0x74,0xA0,0x72,0x51,0x70,0xD1,0x6D,0x24,0x6B,0x4E,0x68,0x53,0x65,
  0x36,0x62,0xFC,0x5E,0xA9,0x5B,0x3F,0x58,0xC2,0x54,0x37,0x51,0x9F,0x4D,0xFE,0x49,
  0x56,0x46,0xAA,0x42,0xFD,0x3E,0x50,0x3B,0xA5,0x37,0xFD,0x33,0x5A,0x30,0xBD,0x2C,
  0x27,0x29,0x98,0x25,0x11,0x22,0x91,0x1E,0x18,0x1B,0xA7,0x17,0x3C,0x14,0xD7,0x10,
  0x78,0x0D,0x1D,0x0A,0xC5,0x06,0x6F,0x03,0x1B,0x00,0xC8,0xFC,0x72,0xF9,0x1B,0xF6,
  0xC0,0xF2,0x61,0xEF,0xFC,0xEB,0x92,0xE8,0x21,0xE5,0xA9,0xE1,0x29,0xDE,0xA2,0xDA,
  0x14,0xD7,0x7E,0xD3,0xE2,0xCF,0x3F,0xCC,0x98,0xC8,0xED,0xC4,0x40,0xC1,0x92,0xBD,
  0xE7,0xB9,0x3F,0xB6,0x9D,0xB2,0x04,0xAF,0x78,0xAB,0xFA,0xA7,0x8F,0xA4,0x3A,0xA1,
  0xFE,0x9D,0xDF,0x9A,0xE2,0x97,0x09,0x95,0x5A,0x92,0xD7,0x8F,0x85,0x8D,0x67,0x8B,
  0x82,0x89,0xDA,0x87,0x71,0x86,0x4C,0x85,0x6D,0x84,0xD9,0x83,0x90,0x83,0x97,0x83,
  0xEF,0x83,0x9B,0x84,0x9C,0x85,0xF3,0x86,0xA1,0x88,0xA7,0x8A,0x05,0x8D,0xBB,0x8F,
  0xC8,0x92,0x2B,0x96,0xE3,0x99,0xED,0x9D,0x48,0xA2,0xF0,0xA6,0xE3,0xAB,0x1D,0xB1,
  0x9A,0xB6,0x56,0xBC,0x4D,0xC2,0x7A,0xC8,0xD8,0xCE,0x60,0xD5,0x0F,0xDC,0xDD,0xE2,
  0xC5,0xE9,0xC2,0xF0,0xCB,0xF7,0xDC,0xFE,0xEE,0x05,0xFA,0x0C,0xFC,0x13,0xEB,0x1A,
  0xC2,0x21,0x7C,0x28,0x11,0x2F,0x7D,0x35,0xBA,0x3B,0xC3,0x41,0x93,0x47,0x25,0x4D,
  0x75,0x52,0x7F,0x57,0x40,0x5C,0xB4,0x60,0xD8,0x64,0xAB,0x68,0x29,0x6C,0x52,0x6F,
  0x24,0x72,0x9F,0x74,0xC1,0x76,0x8C,0x78,0xFF,0x79,0x1B,0x7B,0xE2,0x7B,0x55,0x7C,
  0x76,0x7C,0x47,0x7C,0xCB,0x7B,0x04,0x7B,0xF5,0x79,0xA2,0x78,0x0D,0x77,0x3C,0x75,
  0x30,0x73,0xEE,0x70,0x7B,0x6E,0xD9,0x6B,0x0D,0x69,0x1B,0x66,0x07,0x63,0xD4,0x5F,
  0x87,0x5C,0x22,0x59,0xAA,0x55,0x22,0x52,0x8D,0x4E,0xEE,0x4A,0x48,0x47,0x9D,0x43,
  0xF0,0x3F,0x42,0x3C,0x97,0x38,0xEE,0x34,0x4A,0x31,0xAC,0x2D,0x14,0x2A,0x83,0x26,
  0xF9,0x22,0x77,0x1F,0xFD,0x1B,0x8A,0x18,0x1D,0x15,0xB7,0x11,0x56,0x0E,0xFA,0x0A,
  0xA1,0x07,0x4B,0x04,0xF7,0x00,0xA4,0xFD,0x4F,0xFA,0xF8,0xF6,0x9E,0xF3,0x40,0xF0,
  0xDD,0xEC,0x74,0xE9,0x05,0xE6,0x8F,0xE2,0x11,0xDF,0x8C,0xDB,0xFF,0xD7,0x6B,0xD4,
  0xD1,0xD0,0x30,0xCD,0x8A,0xC9,0xE0,0xC5,0x33,0xC2,0x85,0xBE,0xD9,0xBA,0x30,0xB7,
  0x8C,0xB3,0xF1,0xAF,0x61,0xAC,0xDF,0xA8,0x6F,0xA5,0x14,0xA2,0xD1,0x9E,0xAB,0x9B,
  0xA4,0x98,0xC2,0x95,0x07,0x93,0x78,0x90,0x19,0x8E,0xEE,0x8B,0xFA,0x89,0x41,0x88,
  0xC8,0x86,0x91,0x85,0xA0,0x84,0xF8,0x83,0x9B,0x83,0x8E,0x83,0xD1,0x83,0x67,0x84,
  0x51,0x85,0x92,0x86,0x2A,0x88,0x19,0x8A,0x61,0x8C,0x00,0x8F,0xF6,0x91,0x43,0x95,
  0xE5,0x98,0xDA,0x9C,0x20,0xA1,0xB5,0xA5,0x95,0xAA,0xBD,0xAF,0x29,0xB5,0xD6,0xBA,
  0xBE,0xC0,0xDD,0xC6,0x2F,0xCD,0xAD,0xD3,0x52,0xDA,0x19,0xE1,0xFB,0xE7,0xF3,0xEE,
  0xF9,0xF5,0x09,0xFD,0x1B,0x04,0x2A,0x0B,0x2E,0x12,0x23,0x19,0x01,0x20,0xC3,0x26,
  0x62,0x2D,0xD9,0x33,0x23,0x3A,0x3A,0x40,0x19,0x46,0xBB,0x4B,0x1D,0x51,0x39,0x56,
  0x0D,0x5B,0x95,0x5F,0xCF,0x63,0xB6,0x67,0x4B,0x6B,0x8A,0x6E,0x72,0x71,0x03,0x74,
  0x3D,0x76,0x1E,0x78,0xA8,0x79,0xDA,0x7A,0xB7,0x7B,0x40,0x7C,0x76,0x7C,0x5B,0x7C,
  0xF2,0x7B,0x3E,0x7B,0x41,0x7A,0x00,0x79,0x7C,0x77,0xB9,0x75,0xBC,0x73,0x88,0x71,
  0x21,0x6F,0x8B,0x6C,0xCA,0x69,0xE1,0x66,0xD5,0x63,0xAA,0x60,0x63,0x5D,0x04,0x5A,
  0x91,0x56,0x0D,0x53,0x7B,0x4F,0xDE,0x4B,0x3A,0x48,0x90,0x44,0xE3,0x40,0x35,0x3D,
  0x89,0x39,0xDF,0x35,0x3A,0x32,0x9A,0x2E,0x00,0x2B,0x6E,0x27,0xE2,0x23,0x5E,0x20,
  0xE2,0x1C,0x6D,0x19,0xFF,0x15,0x97,0x12,0x35,0x0F,0xD8,0x0B,0x7E,0x08,0x28,0x05,
  0xD3,0x01,0x80,0xFE,0x2B,0xFB,0xD5,0xF7,0x7C,0xF4,0x1F,0xF1,0xBD,0xED,0x56,0xEA,
  0xE8,0xE6,0x74,0xE3,0xF9,0xDF,0x75,0xDC,0xEB,0xD8,0x59,0xD5,0xBF,0xD1,0x20,0xCE,
  0x7B,0xCA,0xD2,0xC6,0x26,0xC3,0x78,0xBF,0xCB,0xBB,0x21,0xB8,0x7C,0xB4,0xDE,0xB0,
  0x4B,0xAD,0xC5,0xA9,0x50,0xA6,0xEF,0xA2,0xA6,0x9F,0x78,0x9C,0x69,0x99,0x7D,0x96,
  0xB7,0x93,0x1D,0x91,0xB1,0x8E,0x78,0x8C,0x75,0x8A,0xAD,0x88,0x23,0x87,0xDB,0x85,
  0xD7,0x84,0x1C,0x84,0xAC,0x83,0x8A,0x83,0xB8,0x83,0x38,0x84,0x0D,0x85,0x37,0x86,
  0xB8,0x87,0x91,0x89,0xC2,0x8B,0x4A,0x8E,0x2A,0x91,0x61,0x94,0xED,0x97,0xCD,0x9B,
  0xFE,0x9F,0x7F,0xA4,0x4C,0xA9,0x62,0xAE,0xBD,0xB3,0x59,0xB9,0x32,0xBF,0x44,0xC5,
  0x89,0xCB,0xFC,0xD1,0x98,0xD8,0x56,0xDF,0x32,0xE6,0x25,0xED,0x28,0xF4,0x36,0xFB,
  0x48,0x02,0x58,0x09,0x60,0x10,0x59,0x17,0x3E,0x1E,0x07,0x25,0xB0,0x2B,0x32,0x32,
  0x88,0x38,0xAD,0x3E,0x9B,0x44,0x4D,0x4A,0xC0,0x4F,0xEE,0x54,0xD6,0x59,0x71,0x5E,
  0xBF,0x62,0xBC,0x66,0x66,0x6A,0xBC,0x6D,0xBA,0x70,0x62,0x73,0xB2,0x75,0xAA,0x77,
  0x4A,0x79,0x93,0x7A,0x86,0x7B,0x24,0x7C,0x6F,0x7C,0x69,0x7C,0x15,0x7C,0x74,0x7B,
  0x89,0x7A,0x59,0x79,0xE6,0x77,0x33,0x76,0x45,0x74,0x1F,0x72,0xC5,0x6F,0x3A,0x6D,
  0x84,0x6A,0xA5,0x67,0xA2,0x64,0x7E,0x61,0x3E,0x5E,0xE5,0x5A,0x77,0x57,0xF7,0x53,
  0x68,0x50,0xCE,0x4C,0x2B,0x49,0x82,0x45,0xD6,0x41,0x28,0x3E,0x7B,0x3A,0xD1,0x36,
  0x2A,0x33,0x89,0x2F,0xEE,0x2B,0x59,0x28,0xCC,0x24,0x46,0x21,0xC7,0x1D,0x50,0x1A,
  0xE1,0x16,0x77,0x13,0x14,0x10,0xB5,0x0C,0x5B,0x09,0x04,0x06,0xAF,0x02,0x5C,0xFF,
  0x07,0xFC,0xB1,0xF8,0x59,0xF5,0xFD,0xF1,0x9D,0xEE,0x37,0xEB,0xCC,0xE7,0x59,0xE4,
  0xDF,0xE0,0x5E,0xDD,0xD5,0xD9,0x45,0xD6,0xAE,0xD2,0x10,0xCF,0x6C,0xCB,0xC4,0xC7,
  0x19,0xC4,0x6B,0xC0,0xBE,0xBC,0x13,0xB9,0x6C,0xB5,0xCC,0xB1,0x36,0xAE,0xAC,0xAA,
  0x33,0xA7,0xCC,0xA3,0x7D,0xA0,0x47,0x9D,0x30,0x9A,0x3A,0x97,0x6A,0x94,0xC4,0x91,
  0x4C,0x8F,0x06,0x8D,0xF5,0x8A,0x1D,0x89,0x83,0x87,0x29,0x86,0x13,0x85,0x45,0x84,
  0xC1,0x83,0x8B,0x83,0xA4,0x83,0x0F,0x84,0xCE,0x84,0xE2,0x85,0x4C,0x87,0x0F,0x89,
  0x29,0x8B,0x9B,0x8D,0x64,0x90,0x85,0x93,0xFB,0x96,0xC5,0x9A,0xE2,0x9E,0x4E,0xA3,
  0x08,0xA8,0x0B,0xAD,0x54,0xB2,0xE0,0xB7,0xAA,0xBD,0xAE,0xC3,0xE6,0xC9,0x4E,0xD0,
  0xDF,0xD6,0x96,0xDD,0x6A,0xE4,0x58,0xEB,0x57,0xF2,0x63,0xF9,0x74,0x00,0x86,0x07,
  0x91,0x0E,0x8E,0x15,0x79,0x1C,0x4A,0x23,0xFC,0x29,0x88,0x30,0xEA,0x36,0x1C,0x3D,
  0x18,0x43,0xDB,0x48,0x5E,0x4E,0x9F,0x53,0x99,0x58,0x48,0x5D,0xAB,0x61,0xBD,0x65,
  0x7C,0x69,0xE8,0x6C,0xFD,0x6F,0xBB,0x72,0x22,0x75,0x30,0x77,0xE7,0x78,0x47,0x7A,
  0x50,0x7B,0x04,0x7C,0x64,0x7C,0x73,0x7C,0x32,0x7C,0xA4,0x7B,0xCD,0x7A,0xAE,0x79,
  0x4C,0x78,0xA9,0x76,0xCA,0x74,0xB2,0x72,0x65,0x70,0xE7,0x6D,0x3B,0x6B,0x66,0x68,
  0x6C,0x65,0x51,0x62,0x17,0x5F,0xC5,0x5B,0x5B,0x58,0xDF,0x54,0x54,0x51,0xBD,0x4D,
  0x1C,0x4A,0x74,0x46,0xC9,0x42,0x1B,0x3F,0x6E,0x3B,0xC3,0x37,0x1B,0x34,0x78,0x30,
  0xDB,0x2C,0x45,0x29,0xB5,0x25,0x2E,0x22,0xAD,0x1E,0x35,0x1B,0xC3,0x17,0x58,0x14,
  0xF3,0x10,0x94,0x0D,0x38,0x0A,0xE0,0x06,0x8B,0x03,0x36,0x00,0xE3,0xFC,0x8E,0xF9,
  0x36,0xF6,0xDC,0xF2,0x7C,0xEF,0x18,0xEC,0xAE,0xE8,0x3D,0xE5,0xC6,0xE1,0x46,0xDE,
  0xC0,0xDA,0x31,0xD7,0x9C,0xD3,0xFF,0xCF,0x5D,0xCC,0xB6,0xC8,0x0B,0xC5,0x5E,0xC1,
  0xB1,0xBD,0x05,0xBA,0x5D,0xB6,0xBB,0xB2,0x22,0xAF,0x95,0xAB,0x17,0xA8,0xAB,0xA4,
  0x55,0xA1,0x18,0x9E,0xF9,0x9A,0xFA,0x97,0x20,0x95,0x6F,0x92,0xEB,0x8F,0x97,0x8D,
  0x78,0x8B,0x91,0x89,0xE7,0x87,0x7C,0x86,0x54,0x85,0x73,0x84,0xDC,0x83,0x91,0x83,
  0x96,0x83,0xEB,0x83,0x94,0x84,0x92,0x85,0xE6,0x86,0x92,0x88,0x95,0x8A,0xF1,0x8C,
  0xA4,0x8F,0xAE,0x92,0x0E,0x96,0xC3,0x99,0xCA,0x9D,0x22,0xA2,0xC8,0xA6,0xB9,0xAB,
  0xF1,0xB0,0x6C,0xB6,0x26,0xBC,0x1B,0xC2,0x46,0xC8,0xA2,0xCE,0x2A,0xD5,0xD7,0xDB,
  0xA4,0xE2,0x8C,0xE9,0x88,0xF0,0x91,0xF7,0xA2,0xFE,0xB3,0x05,0xC0,0x0C,0xC2,0x13,
  0xB2,0x1A,0x8A,0x21,0x45,0x28,0xDC,0x2E,0x49,0x35,0x88,0x3B,0x92,0x41,0x64,0x47,
  0xF8,0x4C,0x4A,0x52,0x57,0x57,0x1A,0x5C,0x91,0x60,0xB8,0x64,0x8D,0x68,0x0E,0x6C,
  0x39,0x6F,0x0E,0x72,0x8C,0x74,0xB1,0x76,0x7E,0x78,0xF4,0x79,0x14,0x7B,0xDD,0x7B,
  0x53,0x7C,0x76,0x7C,0x4A,0x7C,0xD0,0x7B,0x0B,0x7B,0xFF,0x79,0xAE,0x78,0x1B,0x77,
  0x4B,0x75,0x42,0x73,0x02,0x71,0x90,0x6E,0xF0,0x6B,0x25,0x69,0x34,0x66,0x21,0x63,
  0xEF,0x5F,0xA2,0x5C,0x3F,0x59,0xC7,0x55,0x40,0x52,0xAB,0x4E,0x0C,0x4B,0x66,0x47,
  0xBB,0x43,0x0E,0x40,0x61,0x3C,0xB5,0x38,0x0C,0x35,0x68,0x31,0xC9,0x2D,0x31,0x2A,
  0xA0,0x26,0x16,0x23,0x94,0x1F,0x19,0x1C,0xA6,0x18,0x39,0x15,0xD3,0x11,0x72,0x0E,
  0x16,0x0B,0xBD,0x07,0x67,0x04,0x12,0x01,0xBF,0xFD,0x6A,0xFA,0x13,0xF7,0xBA,0xF3,
  0x5C,0xF0,0xF9,0xEC,0x90,0xE9,0x21,0xE6,0xAB,0xE2,0x2E,0xDF,0xA9,0xDB,0x1D,0xD8,
  0x89,0xD4,0xEF,0xD0,0x4E,0xCD,0xA8,0xC9,0xFE,0xC5,0x51,0xC2,0xA4,0xBE,0xF7,0xBA,
  0x4E,0xB7,0xAA,0xB3,0x0E,0xB0,0x7E,0xAC,0xFC,0xA8,0x8B,0xA5,0x2F,0xA2,0xEC,0x9E,
  0xC4,0x9B,0xBD,0x98,0xD9,0x95,0x1D,0x93,0x8D,0x90,0x2C,0x8E,0xFF,0x8B,0x09,0x8A,
  0x4F,0x88,0xD3,0x86,0x9A,0x85,0xA7,0x84,0xFC,0x83,0x9D,0x83,0x8D,0x83,0xCD,0x83,
  0x61,0x84,0x48,0x85,0x86,0x86,0x1B,0x88,0x08,0x8A,0x4C,0x8C,0xE9,0x8E,0xDD,0x91,
  0x27,0x95,0xC6,0x98,0xB8,0x9C,0xFC,0xA0,0x8E,0xA5,0x6B,0xAA,0x91,0xAF,0xFB,0xB4,
  0xA6,0xBA,0x8C,0xC0,0xAA,0xC6,0xFA,0xCC,0x77,0xD3,0x1B,0xDA,0xE0,0xE0,0xC2,0xE7,
  0xB9,0xEE,0xBF,0xF5,0xCF,0xFC,0xE0,0x03,0xEF,0x0A,0xF5,0x11,0xEA,0x18,0xC9,0x1F,
  0x8C,0x26,0x2C,0x2D,0xA5,0x33,0xF0,0x39,0x08,0x40,0xE9,0x45,0x8E,0x4B,0xF1,0x50,
  0x10,0x56,0xE7,0x5A,0x71,0x5F,0xAD,0x63,0x97,0x67,0x2E,0x6B,0x70,0x6E,0x5C,0x71,
  0xF0,0x73,0x2C,0x76,0x10,0x78,0x9C,0x79,0xD2,0x7A,0xB1,0x7B,0x3D,0x7C,0x75,0x7C,
  0x5D,0x7C,0xF7,0x7B,0x45,0x7B,0x4B,0x7A,0x0B,0x79,0x89,0x77,0xC9,0x75,0xCE,0x73,
  0x9B,0x71,0x36,0x6F,0xA1,0x6C,0xE1,0x69,0xFA,0x66,0xEF,0x63,0xC5,0x60,0x7F,0x5D,
  0x21,0x5A,0xAE,0x56,0x2A,0x53,0x99,0x4F,0xFC,0x4B,0x58,0x48,0xAE,0x44,0x01,0x41,
  0x54,0x3D,0xA7,0x39,0xFE,0x35,0x58,0x32,0xB8,0x2E,0x1E,0x2B,0x8B,0x27,0xFF,0x23,
  0x7B,0x20,0xFE,0x1C,0x89,0x19,0x1B,0x16,0xB3,0x12,0x51,0x0F,0xF3,0x0B,0x9A,0x08,
  0x43,0x05,0xEE,0x01,0x9B,0xFE,0x46,0xFB,0xF0,0xF7,0x97,0xF4,0x3B,0xF1,0xD9,0xED,
  0x72,0xEA,0x05,0xE7,0x91,0xE3,0x15,0xE0,0x92,0xDC,0x08,0xD9,0x76,0xD5,0xDD,0xD1,
  0x3E,0xCE,0x99,0xCA,0xF0,0xC6,0x44,0xC3,0x97,0xBF,0xEA,0xBB,0x3F,0xB8,0x9A,0xB4,
  0xFC,0xB0,0x68,0xAD,0xE2,0xA9,0x6C,0xA6,0x0B,0xA3,0xC1,0x9F,0x92,0x9C,0x81,0x99,
  0x94,0x96,0xCD,0x93,0x31,0x91,0xC4,0x8E,0x89,0x8C,0x85,0x8A,0xBB,0x88,0x2F,0x87,
  0xE4,0x85,0xDF,0x84,0x21,0x84,0xAE,0x83,0x89,0x83,0xB5,0x83,0x33,0x84,0x04,0x85,
  0x2C,0x86,0xAA,0x87,0x80,0x89,0xAE,0x8B,0x34,0x8E,0x11,0x91,0x45,0x94,0xCF,0x97,
  0xAC,0x9B,0xDB,0x9F,0x59,0xA4,0x23,0xA9,0x36,0xAE,0x8F,0xB3,0x2A,0xB9,0x01,0xBF,
  0x11,0xC5,0x54,0xCB,0xC6,0xD1,0x60,0xD8,0x1E,0xDF,0xF9,0xE5,0xEB,0xEC,0xEE,0xF3,
  0xFC,0xFA,0x0D,0x02,0x1E,0x09,0x26,0x10,0x20,0x17,0x05,0x1E,0xD0,0x24,0x7A,0x2B,
  0xFD,0x31,0x55,0x38,0x7B,0x3E,0x6A,0x44,0x1F,0x4A,0x94,0x4F,0xC5,0x54,0xAE,0x59,
  0x4D,0x5E,0x9D,0x62,0x9D,0x66,0x49,0x6A,0xA1,0x6D,0xA3,0x70,0x4E,0x73,0xA0,0x75,
  0x9B,0x77,0x3E,0x79,0x8A,0x7A,0x80,0x7B,0x21,0x7C,0x6E,0x7C,0x6B,0x7C,0x18,0x7C,
  0x7A,0x7B,0x92,0x7A,0x64,0x79,0xF3,0x77,0x42,0x76,0x56,0x74,0x32,0x72,0xD9,0x6F,
  0x50,0x6D,0x9B,0x6A,0xBD,0x67,0xBB,0x64,0x99,0x61,0x59,0x5E,0x01,0x5B,0x94,0x57,
  0x14,0x54,0x86,0x50,0xEC,0x4C,0x49,0x49,0xA0,0x45,0xF4,0x41,0x47,0x3E,0x9A,0x3A,
  0xEF,0x36,0x48,0x33,0xA7,0x2F,0x0B,0x2C,0x76,0x28,0xE9,0x24,0x63,0x21,0xE4,0x1D,
  0x6D,0x1A,0xFD,0x16,0x93,0x13,0x30,0x10,0xD1,0x0C,0x77,0x09,0x20,0x06,0xCA,0x02,
  0x77,0xFF,0x23,0xFC,0xCD,0xF8,0x75,0xF5,0x19,0xF2,0xB9,0xEE,0x53,0xEB,0xE8,0xE7,
  0x76,0xE4,0xFC,0xE0,0x7B,0xDD,0xF3,0xD9,0x63,0xD6,0xCC,0xD2,0x2E,0xCF,0x8B,0xCB,
  0xE2,0xC7,0x37,0xC4,0x8A,0xC0,0xDC,0xBC,0x31,0xB9,0x8A,0xB5,0xEA,0xB1,0x53,0xAE,
  0xC9,0xAA,0x4F,0xA7,0xE8,0xA3,0x97,0xA0,0x61,0x9D,0x49,0x9A,0x52,0x97,0x81,0x94,
  0xDA,0x91,0x60,0x8F,0x18,0x8D,0x05,0x8B,0x2B,0x89,0x8F,0x87,0x33,0x86,0x1B,0x85,
  0x4B,0x84,0xC4,0x83,0x8B,0x83,0xA2,0x83,0x0A,0x84,0xC6,0x84,0xD7,0x85,0x3F,0x87,
  0xFF,0x88,0x16,0x8B,0x85,0x8D,0x4C,0x90,0x69,0x93,0xDD,0x96,0xA5,0x9A,0xBF,0x9E,
  0x28,0xA3,0xDF,0xA7,0xE0,0xAC,0x28,0xB2,0xB1,0xB7,0x7A,0xBD,0x7B,0xC3,0xB2,0xC9,
  0x18,0xD0,0xA9,0xD6,0x5E,0xDD,0x31,0xE4,0x1E,0xEB,0x1D,0xF2,0x29,0xF9,0x3A,0x00,
  0x4C,0x07,0x57,0x0E,0x55,0x15,0x40,0x1C,0x12,0x23,0xC5,0x29,0x53,0x30,0xB6,0x36,
  0xEA,0x3C,0xE8,0x42,0xAC,0x48,0x32,0x4E,0x75,0x53,0x71,0x58,0x23,0x5D,0x88,0x61,
  0x9C,0x65,0x5F,0x69,0xCD,0x6C,0xE5,0x6F,0xA6,0x72,0x0F,0x75,0x21,0x77,0xDB,0x78,
  0x3D,0x7A,0x49,0x7B,0xFF,0x7B,0x62,0x7C,0x73,0x7C,0x35,0x7C,0xAA,0x7B,0xD5,0x7A,
  0xB8,0x79,0x58,0x78,0xB8,0x76,0xDB,0x74,0xC4,0x72,0x79,0x70,0xFC,0x6D,0x52,0x6B,
  0x7E,0x68,0x85,0x65,0x6B,0x62,0x33,0x5F,0xE0,0x5B,0x78,0x58,0xFD,0x54,0x72,0x51,
  0xDA,0x4D,0x3A,0x4A,0x92,0x46,0xE7,0x42,0x3A,0x3F,0x8C,0x3B,0xE1,0x37,0x39,0x34,
  0x96,0x30,0xF9,0x2C,0x62,0x29,0xD3,0x25,0x4B,0x22,0xCA,0x1E,0x51,0x1B,0xDF,0x17,
  0x74,0x14,0x0F,0x11,0xAF,0x0D,0x54,0x0A,0xFC,0x06,0xA6,0x03,0x52,0x00,0xFF,0xFC,
  0xA9,0xF9,0x52,0xF6,0xF7,0xF2,0x98,0xEF,0x34,0xEC,0xCA,0xE8,0x5A,0xE5,0xE2,0xE1,
  0x63,0xDE,0xDD,0xDA,0x4F,0xD7,0xB9,0xD3,0x1D,0xD0,0x7B,0xCC,0xD4,0xC8,0x2A,0xC5,
  0x7D,0xC1,0xCF,0xBD,0x23,0xBA,0x7B,0xB6,0xD9,0xB2,0x3F,0xAF,0xB2,0xAB,0x33,0xA8,
  0xC7,0xA4,0x70,0xA1,0x33,0x9E,0x12,0x9B,0x12,0x98,0x37,0x95,0x85,0x92,0xFF,0x8F,
  0xA9,0x8D,0x89,0x8B,0xA0,0x89,0xF3,0x87,0x86,0x86,0x5D,0x85,0x7A,0x84,0xE0,0x83,
  0x93,0x83,0x94,0x83,0xE7,0x83,0x8D,0x84,0x89,0x85,0xDA,0x86,0x83,0x88,0x83,0x8A,
  0xDC,0x8C,0x8C,0x8F,0x93,0x92,0xF1,0x95,0xA3,0x99,0xA8,0x9D,0xFD,0xA1,0xA1,0xA6,
  0x8F,0xAB,0xC4,0xB0,0x3D,0xB6,0xF6,0xBB,0xE9,0xC1,0x13,0xC8,0x6D,0xCE,0xF3,0xD4,
  0x9F,0xDB,0x6C,0xE2,0x53,0xE9,0x4E,0xF0,0x57,0xF7,0x68,0xFE,0x79,0x05,0x86,0x0C,
  0x88,0x13,0x79,0x1A,0x52,0x21,0x0E,0x28,0xA6,0x2E,0x15,0x35,0x55,0x3B,0x61,0x41,
  0x35,0x47,0xCB,0x4C,0x20,0x52,0x2E,0x57,0xF4,0x5B,0x6D,0x60,0x97,0x64,0x6E,0x68,
  0xF2,0x6B,0x21,0x6F,0xF8,0x71,0x78,0x74,0xA1,0x76,0x71,0x78,0xEA,0x79,0x0C,0x7B,
  0xD8,0x7B,0x50,0x7C,0x77,0x7C,0x4D,0x7C,0xD5,0x7B,0x13,0x7B,0x08,0x7A,0xBA,0x78,
  0x29,0x77,0x5B,0x75,0x53,0x73,0x15,0x71,0xA5,0x6E,0x06,0x6C,0x3D,0x69,0x4D,0x66,
  0x3B,0x63,0x0A,0x60,0xBE,0x5C,0x5B,0x59,0xE4,0x55,0x5D,0x52,0xC9,0x4E,0x2A,0x4B,
  0x84,0x47,0xDA,0x43,0x2D,0x40,0x7F,0x3C,0xD3,0x38,0x2A,0x35,0x86,0x31,0xE7,0x2D,
  0x4F,0x2A,0xBD,0x26,0x33,0x23,0xB1,0x1F,0x36,0x1C,0xC2,0x18,0x55,0x15,0xEF,0x11,
  0x8E,0x0E,0x31,0x0B,0xD9,0x07,0x82,0x04,0x2E,0x01,0xDB,0xFD,0x86,0xFA,0x2F,0xF7,
  0xD5,0xF3,0x78,0xF0,0x15,0xED,0xAD,0xE9,0x3E,0xE6,0xC8,0xE2,0x4B,0xDF,0xC6,0xDB,
  0x3A,0xD8,0xA7,0xD4,0x0C,0xD1,0x6C,0xCD,0xC6,0xC9,0x1C,0xC6,0x70,0xC2,0xC2,0xBE,
  0x15,0xBB,0x6C,0xB7,0xC8,0xB3,0x2C,0xB0,0x9B,0xAC,0x19,0xA9,0xA7,0xA5,0x4A,0xA2,
  0x06,0x9F,0xDE,0x9B,0xD5,0x98,0xF0,0x95,0x33,0x93,0xA1,0x90,0x3F,0x8E,0x10,0x8C,
  0x18,0x8A,0x5C,0x88,0xDE,0x86,0xA3,0x85,0xAD,0x84,0x00,0x84,0x9F,0x83,0x8C,0x83,
  0xCA,0x83,0x5A,0x84,0x40,0x85,0x7B,0x86,0x0D,0x88,0xF7,0x89,0x38,0x8C,0xD2,0x8E,
  0xC3,0x91,0x0A,0x95,0xA7,0x98,0x97,0x9C,0xD7,0xA0,0x67,0xA5,0x42,0xAA,0x66,0xAF,
  0xCE,0xB4,0x76,0xBA,0x5B,0xC0,0x77,0xC6,0xC5,0xCC,0x40,0xD3,0xE3,0xD9,0xA8,0xE0,
  0x88,0xE7,0x7F,0xEE,0x85,0xF5,0x94,0xFC,0xA6,0x03,0xB5,0x0A,0xBB,0x11,0xB1,0x18,
  0x90,0x1F,0x54,0x26,0xF6,0x2C,0x70,0x33,0xBD,0x39,0xD7,0x3F,0xBA,0x45,0x60,0x4B,
  0xC6,0x50,0xE7,0x55,0xC0,0x5A,0x4D,0x5F,0x8B,0x63,0x78,0x67,0x12,0x6B,0x57,0x6E,
  0x45,0x71,0xDC,0x73,0x1B,0x76,0x02,0x78,0x91,0x79,0xC9,0x7A,0xAB,0x7B,0x39,0x7C,
  0x75,0x7C,0x5F,0x7C,0xFB,0x7B,0x4C,0x7B,0x54,0x7A,0x16,0x79,0x97,0x77,0xD8,0x75,
  0xDF,0x73,0xAE,0x71,0x4B,0x6F,0xB7,0x6C,0xF9,0x69,0x12,0x67,0x09,0x64,0xDF,0x60,
  0x9A,0x5D,0x3D,0x5A,0xCB,0x56,0x47,0x53,0xB6,0x4F,0x1A,0x4C,0x76,0x48,0xCC,0x44,
  0x20,0x41,0x72,0x3D,0xC6,0x39,0x1C,0x36,0x76,0x32,0xD6,0x2E,0x3C,0x2B,0xA8,0x27,
  0x1C,0x24,0x98,0x20,0x1B,0x1D,0xA6,0x19,0x37,0x16,0xCF,0x12,0x6D,0x0F,0x0F,0x0C,
  0xB5,0x08,0x5F,0x05,0x0A,0x02,0xB7,0xFE,0x62,0xFB,0x0C,0xF8,0xB3,0xF4,0x56,0xF1,
  0xF5,0xED,0x8E,0xEA,0x21,0xE7,0xAD,0xE3,0x32,0xE0,0xB0,0xDC,0x25,0xD9,0x94,0xD5,
  0xFB,0xD1,0x5C,0xCE,0xB7,0xCA,0x0F,0xC7,0x62,0xC3,0xB5,0xBF,0x08,0xBC,0x5D,0xB8,
  0xB8,0xB4,0x1A,0xB1,0x86,0xAD,0xFF,0xA9,0x89,0xA6,0x26,0xA3,0xDB,0x9F,0xAB,0x9C,
  0x9A,0x99,0xAC,0x96,0xE4,0x93,0x46,0x91,0xD7,0x8E,0x9B,0x8C,0x95,0x8A,0xC9,0x88,
  0x3B,0x87,0xEE,0x85,0xE6,0x84,0x26,0x84,0xB1,0x83,0x89,0x83,0xB2,0x83,0x2D,0x84,
  0xFC,0x84,0x21,0x86,0x9D,0x87,0x70,0x89,0x9B,0x8B,0x1E,0x8E,0xF8,0x90,0x29,0x94,
  0xB0,0x97,0x8B,0x9B,0xB7,0x9F,0x32,0xA4,0xFA,0xA8,0x0B,0xAE,0x62,0xB3,0xFA,0xB8,
  0xD0,0xBE,0xDE,0xC4,0x20,0xCB,0x90,0xD1,0x29,0xD8,0xE6,0xDE,0xC0,0xE5,0xB1,0xEC,
  0xB4,0xF3,0xC1,0xFA,0xD3,0x01,0xE3,0x08,0xEC,0x0F,0xE7,0x16,0xCD,0x1D,0x98,0x24,
  0x43,0x2B,0xC8,0x31,0x21,0x38,0x49,0x3E,0x3A,0x44,0xF1,0x49,0x68,0x4F,0x9B,0x54,
  0x87,0x59,0x28,0x5E,0x7B,0x62,0x7D,0x66,0x2C,0x6A,0x87,0x6D,0x8C,0x70,0x39,0x73,
  0x8F,0x75,0x8C,0x77,0x32,0x79,0x81,0x7A,0x79,0x7B,0x1D,0x7C,0x6D,0x7C,0x6C,0x7C,
  0x1C,0x7C,0x80,0x7B,0x9B,0x7A,0x6F,0x79,0x00,0x78,0x51,0x76,0x67,0x74,0x44,0x72,
  0xED,0x6F,0x66,0x6D,0xB2,0x6A,0xD6,0x67,0xD5,0x64,0xB3,0x61,0x75,0x5E,0x1D,0x5B,
  0xB0,0x57,0x31,0x54,0xA3,0x50,0x09,0x4D,0x67,0x49,0xBF,0x45,0x13,0x42,0x65,0x3E,
  0xB8,0x3A,0x0D,0x37,0x67,0x33,0xC5,0x2F,0x29,0x2C,0x94,0x28,0x06,0x25,0x80,0x21,
  0x01,0x1E,0x8A,0x1A,0x19,0x17,0xAF,0x13,0x4C,0x10,0xED,0x0C,0x92,0x09,0x3B,0x06,
  0xE6,0x02,0x93,0xFF,0x3E,0xFC,0xE8,0xF8,0x90,0xF5,0x35,0xF2,0xD5,0xEE,0x70,0xEB,
  0x04,0xE8,0x92,0xE4,0x19,0xE1,0x98,0xDD,0x10,0xDA,0x80,0xD6,0xE9,0xD2,0x4C,0xCF,
  0xA9,0xCB,0x01,0xC8,0x55,0xC4,0xA8,0xC0,0xFB,0xBC,0x4F,0xB9,0xA8,0xB5,0x08,0xB2,
  0x71,0xAE,0xE6,0xAA,0x6C,0xA7,0x04,0xA4,0xB2,0xA0,0x7B,0x9D,0x62,0x9A,0x6A,0x97,
  0x98,0x94,0xEF,0x91,0x74,0x8F,0x2A,0x8D,0x15,0x8B,0x3A,0x89,0x9B,0x87,0x3D,0x86,
  0x23,0x85,0x50,0x84,0xC8,0x83,0x8C,0x83,0xA0,0x83,0x05,0x84,0xBF,0x84,0xCD,0x85,
  0x32,0x87,0xEF,0x88,0x03,0x8B,0x6F,0x8D,0x33,0x90,0x4E,0x93,0xBF,0x96,0x84,0x9A,
  0x9B,0x9E,0x03,0xA3,0xB7,0xA7,0xB6,0xAC,0xFB,0xB1,0x83,0xB7,0x49,0xBD,0x49,0xC3,
  0x7E,0xC9,0xE3,0xCF,0x72,0xD6,0x26,0xDD,0xF9,0xE3,0xE5,0xEA,0xE3,0xF1,0xEF,0xF8,
  0x00,0x00,0x11,0x07,0x1D,0x0E,0x1B,0x15,0x07,0x1C,0xDA,0x22,0x8E,0x29,0x1D,0x30,
  0x82,0x36,0xB7,0x3C,0xB7,0x42,0x7D,0x48,0x05,0x4E,0x4A,0x53,0x49,0x58,0xFD,0x5C,
  0x65,0x61,0x7C,0x65,0x41,0x69,0xB2,0x6C,0xCD,0x6F,0x91,0x72,0xFD,0x74,0x11,0x77,
  0xCE,0x78,0x33,0x7A,0x41,0x7B,0xFB,0x7B,0x60,0x7C,0x74,0x7C,0x38,0x7C,0xB0,0x7B,
  0xDD,0x7A,0xC3,0x79,0x65,0x78,0xC6,0x76,0xEB,0x74,0xD6,0x72,0x8C,0x70,0x11,0x6E,
  0x68,0x6B,0x96,0x68,0x9E,0x65,0x85,0x62,0x4E,0x5F,0xFC,0x5B,0x94,0x58,0x1A,0x55,
  0x8F,0x51,0xF8,0x4D,0x58,0x4A,0xB1,0x46,0x05,0x43,0x58,0x3F,0xAB,0x3B,0xFF,0x37,
  0x57,0x34,0xB4,0x30,0x17,0x2D,0x80,0x29,0xF0,0x25,0x68,0x22,0xE7,0x1E,0x6E,0x1B,
  0xFC,0x17,0x90,0x14,0x2B,0x11,0xCB,0x0D,0x70,0x0A,0x18,0x07,0xC2,0x03,0x6D,0x00,
  0x1A,0xFD,0xC5,0xF9,0x6E,0xF6,0x13,0xF3,0xB4,0xEF,0x51,0xEC,0xE7,0xE8,0x76,0xE5,
  0xFF,0xE1,0x80,0xDE,0xFA,0xDA,0x6C,0xD7,0xD7,0xD3,0x3B,0xD0,0x99,0xCC,0xF3,0xC8,
  0x48,0xC5,0x9B,0xC1,0xED,0xBD,0x41,0xBA,0x99,0xB6,0xF7,0xB2,0x5D,0xAF,0xCF,0xAB,
  0x50,0xA8,0xE3,0xA4,0x8B,0xA1,0x4D,0x9E,0x2B,0x9B,0x2A,0x98,0x4E,0x95,0x9A,0x92,
  0x13,0x90,0xBC,0x8D,0x99,0x8B,0xAF,0x89,0x00,0x88,0x91,0x86,0x65,0x85,0x80,0x84,
  0xE4,0x83,0x94,0x83,0x93,0x83,0xE3,0x83,0x87,0x84,0x7F,0x85,0xCE,0x86,0x74,0x88,
  0x71,0x8A,0xC7,0x8C,0x74,0x8F,0x79,0x92,0xD4,0x95,0x83,0x99,0x85,0x9D,0xD8,0xA1,
  0x79,0xA6,0x65,0xAB,0x98,0xB0,0x0F,0xB6,0xC6,0xBB,0xB7,0xC1,0xDF,0xC7,0x38,0xCE,
  0xBD,0xD4,0x68,0xDB,0x33,0xE2,0x19,0xE9,0x14,0xF0,0x1D,0xF7,0x2D,0xFE,0x3F,0x05,
  0x4C,0x0C,0x4F,0x13,0x40,0x1A,0x1A,0x21,0xD7,0x27,0x70,0x2E,0xE0,0x34,0x22,0x3B,
  0x30,0x41,0x06,0x47,0x9E,0x4C,0xF5,0x51,0x06,0x57,0xCE,0x5B,0x49,0x60,0x75,0x64,
  0x50,0x68,0xD7,0x6B,0x08,0x6F,0xE2,0x71,0x65,0x74,0x90,0x76,0x63,0x78,0xDF,0x79,
  0x04,0x7B,0xD3,0x7B,0x4E,0x7C,0x77,0x7C,0x4F,0x7C,0xDA,0x7B,0x1A,0x7B,0x12,0x7A,
  0xC5,0x78,0x37,0x77,0x6B,0x75,0x65,0x73,0x29,0x71,0xBA,0x6E,0x1C,0x6C,0x54,0x69,
  0x66,0x66,0x55,0x63,0x25,0x60,0xDA,0x5C,0x77,0x59,0x01,0x56,0x7A,0x52,0xE6,0x4E,
  0x48,0x4B,0xA3,0x47,0xF8,0x43,0x4B,0x40,0x9E,0x3C,0xF1,0x38,0x49,0x35,0xA4,0x31,
  0x05,0x2E,0x6C,0x2A,0xDB,0x26,0x50,0x23,0xCE,0x1F,0x53,0x1C,0xDF,0x18,0x72,0x15,
  0x0B,0x12,0xAA,0x0E,0x4D,0x0B,0xF4,0x07,0x9E,0x04,0x49,0x01,0xF6,0xFD,0xA1,0xFA,
  0x4B,0xF7,0xF1,0xF3,0x93,0xF0,0x31,0xED,0xC9,0xE9,0x5A,0xE6,0xE5,0xE2,0x68,0xDF,
  0xE4,0xDB,0x58,0xD8,0xC4,0xD4,0x2A,0xD1,0x8A,0xCD,0xE4,0xC9,0x3A,0xC6,0x8E,0xC2,
  0xE0,0xBE,0x34,0xBB,0x8A,0xB7,0xE6,0xB3,0x4A,0xB0,0xB9,0xAC,0x35,0xA9,0xC3,0xA5,
  0x66,0xA2,0x21,0x9F,0xF7,0x9B,0xEE,0x98,0x07,0x96,0x49,0x93,0xB5,0x90,0x52,0x8E,
  0x21,0x8C,0x28,0x8A,0x69,0x88,0xEA,0x86,0xAC,0x85,0xB4,0x84,0x05,0x84,0xA1,0x83,
  0x8B,0x83,0xC7,0x83,0x55,0x84,0x37,0x85,0x6F,0x86,0xFE,0x87,0xE5,0x89,0x24,0x8C,
  0xBB,0x8E,0xA9,0x91,0xEE,0x94,0x88,0x98,0x75,0x9C,0xB3,0xA0,0x40,0xA5,0x19,0xAA,
  0x3A,0xAF,0xA0,0xB4,0x46,0xBA,0x29,0xC0,0x43,0xC6,0x90,0xCC,0x0A,0xD3,0xAC,0xD9,
  0x70,0xE0,0x4F,0xE7,0x45,0xEE,0x4B,0xF5,0x5A,0xFC,0x6C,0x03,0x7B,0x0A,0x81,0x11,
  0x78,0x18,0x58,0x1F,0x1D,0x26,0xC0,0x2C,0x3B,0x33,0x89,0x39,0xA5,0x3F,0x8A,0x45,
  0x32,0x4B,0x9A,0x50,0xBE,0x55,0x99,0x5A,0x29,0x5F,0x69,0x63,0x59,0x67,0xF6,0x6A,
  0x3D,0x6E,0x2E,0x71,0xC8,0x73,0x09,0x76,0xF3,0x77,0x85,0x79,0xC0,0x7A,0xA6,0x7B,
  0x36,0x7C,0x74,0x7C,0x61,0x7C,0x00,0x7C,0x53,0x7B,0x5D,0x7A,0x22,0x79,0xA4,0x77,
  0xE8,0x75,0xF0,0x73,0xC1,0x71,0x5F,0x6F,0xCD,0x6C,0x10,0x6A,0x2B,0x67,0x22,0x64,
  0xFA,0x60,0xB6,0x5D,0x59,0x5A,0xE7,0x56,0x65,0x53,0xD4,0x4F,0x38,0x4C,0x94,0x48,
  0xEB,0x44,0x3E,0x41,0x90,0x3D,0xE4,0x39,0x3A,0x36,0x94,0x32,0xF4,0x2E,0x59,0x2B,
  0xC6,0x27,0x3A,0x24,0xB5,0x20,0x38,0x1D,0xC2,0x19,0x53,0x16,0xEB,0x12,0x88,0x0F,
  0x2B,0x0C,0xD1,0x08,0x7A,0x05,0x25,0x02,0xD2,0xFE,0x7E,0xFB,0x27,0xF8,0xCF,0xF4,
  0x72,0xF1,0x11,0xEE,0xAB,0xEA,0x3E,0xE7,0xCA,0xE3,0x4F,0xE0,0xCD,0xDC,0x43,0xD9,
  0xB1,0xD5,0x19,0xD2,0x7A,0xCE,0xD6,0xCA,0x2D,0xC7,0x81,0xC3,0xD3,0xBF,0x26,0xBC,
  0x7C,0xB8,0xD6,0xB4,0x37,0xB1,0xA3,0xAD,0x1C,0xAA,0xA5,0xA6,0x42,0xA3,0xF6,0x9F,
  0xC5,0x9C,0xB3,0x99,0xC3,0x96,0xFA,0x93,0x5B,0x91,0xEB,0x8E,0xAD,0x8C,0xA5,0x8A,
  0xD7,0x88,0x46,0x87,0xF8,0x85,0xED,0x84,0x2B,0x84,0xB3,0x83,0x89,0x83,0xB0,0x83,
  0x28,0x84,0xF4,0x84,0x16,0x86,0x8F,0x87,0x5F,0x89,0x88,0x8B,0x08,0x8E,0xDF,0x90,
  0x0E,0x94,0x92,0x97,0x69,0x9B,0x93,0x9F,0x0C,0xA4,0xD2,0xA8,0xE0,0xAD,0x35,0xB3,
  0xCB,0xB8,0x9F,0xBE,0xAB,0xC4,0xEB,0xCA,0x5A,0xD1,0xF2,0xD7,0xAE,0xDE,0x87,0xE5,
  0x78,0xEC,0x7A,0xF3,0x87,0xFA,0x98,0x01,0xA9,0x08,0xB2,0x0F,0xAD,0x16,0x94,0x1D,
  0x61,0x24,0x0D,0x2B,0x93,0x31,0xED,0x37,0x17,0x3E,0x0A,0x44,0xC3,0x49,0x3C,0x4F,
  0x71,0x54,0x5F,0x59,0x03,0x5E,0x58,0x62,0x5D,0x66,0x0F,0x6A,0x6D,0x6D,0x74,0x70,
  0x24,0x73,0x7D,0x75,0x7D,0x77,0x26,0x79,0x77,0x7A,0x73,0x7B,0x19,0x7C,0x6C,0x7C,
  0x6D,0x7C,0x20,0x7C,0x86,0x7B,0xA3,0x7A,0x7A,0x79,0x0D,0x78,0x60,0x76,0x77,0x74,
  0x57,0x72,0x01,0x70,0x7B,0x6D,0xC9,0x6A,0xEE,0x67,0xEE,0x64,0xCD,0x61,0x90,0x5E,
  0x39,0x5B,0xCD,0x57,0x4E,0x54,0xC1,0x50,0x27,0x4D,0x85,0x49,0xDD,0x45,0x31,0x42,
  0x83,0x3E,0xD6,0x3A,0x2C,0x37,0x85,0x33,0xE3,0x2F,0x47,0x2C,0xB1,0x28,0x23,0x25,
  0x9D,0x21,0x1E,0x1E,0xA6,0x1A,0x36,0x17,0xCC,0x13,0x68,0x10,0x09,0x0D,0xAE,0x09,
  0x57,0x06,0x01,0x03,0xAE,0xFF,0x5A,0xFC,0x04,0xF9,0xAC,0xF5,0x51,0xF2,0xF1,0xEE,
  0x8C,0xEB,0x21,0xE8,0xAF,0xE4,0x36,0xE1,0xB5,0xDD,0x2D,0xDA,0x9E,0xD6,0x07,0xD3,
  0x6A,0xCF,0xC7,0xCB,0x1F,0xC8,0x74,0xC4,0xC6,0xC0,0x19,0xBD,0x6E,0xB9,0xC6,0xB5,
  0x26,0xB2,0x8E,0xAE,0x03,0xAB,0x88,0xA7,0x20,0xA4,0xCD,0xA0,0x95,0x9D,0x7B,0x9A,
  0x82,0x97,0xAE,0x94,0x04,0x92,0x87,0x8F,0x3C,0x8D,0x25,0x8B,0x48,0x89,0xA8,0x87,
  0x48,0x86,0x2B,0x85,0x56,0x84,0xCB,0x83,0x8D,0x83,0x9E,0x83,0x01,0x84,0xB7,0x84,
  0xC3,0x85,0x25,0x87,0xDF,0x88,0xF1,0x8A,0x5A,0x8D,0x1B,0x90,0x33,0x93,0xA1,0x96,
  0x64,0x9A,0x78,0x9E,0xDD,0xA2,0x8F,0xA7,0x8B,0xAC,0xCE,0xB1,0x54,0xB7,0x18,0xBD,
  0x16,0xC3,0x4A,0xC9,0xAD,0xCF,0x3B,0xD6,0xEE,0xDC,0xC0,0xE3,0xAB,0xEA,0xA9,0xF1,
  0xB4,0xF8,0xC6,0xFF,0xD7,0x06,0xE3,0x0D,0xE2,0x14,0xCF,0x1B,0xA2,0x22,0x57,0x29,
  0xE8,0x2F,0x4E,0x36,0x85,0x3C,0x86,0x42,0x4F,0x48,0xD8,0x4D,0x20,0x53,0x21,0x58,
  0xD8,0x5C,0x41,0x61,0x5B,0x65,0x23,0x69,0x97,0x6C,0xB4,0x6F,0x7B,0x72,0xEA,0x74,
  0x01,0x77,0xC1,0x78,0x29,0x7A,0x3A,0x7B,0xF6,0x7B,0x5E,0x7C,0x75,0x7C,0x3C,0x7C,
  0xB5,0x7B,0xE5,0x7A,0xCD,0x79,0x71,0x78,0xD5,0x76,0xFB,0x74,0xE8,0x72,0xA0,0x70,
  0x26,0x6E,0x7F,0x6B,0xAE,0x68,0xB7,0x65,0x9F,0x62,0x69,0x5F,0x18,0x5C,0xB1,0x58,
  0x37,0x55,0xAD,0x51,0x16,0x4E,0x76,0x4A,0xCF,0x46,0x24,0x43,0x76,0x3F,0xC9,0x3B,
  0x1E,0x38,0x75,0x34,0xD2,0x30,0x34,0x2D,0x9D,0x29,0x0D,0x26,0x85,0x22,0x04,0x1F,
  0x8A,0x1B,0x18,0x18,0xAD,0x14,0x47,0x11,0xE7,0x0D,0x8B,0x0A,0x33,0x07,0xDD,0x03,
  0x89,0x00,0x36,0xFD,0xE0,0xF9,0x89,0xF6,0x2F,0xF3,0xD0,0xEF,0x6D,0xEC,0x03,0xE9,
  0x93,0xE5,0x1C,0xE2,0x9D,0xDE,0x17,0xDB,0x8A,0xD7,0xF5,0xD3,0x59,0xD0,0xB8,0xCC,
  0x11,0xC9,0x66,0xC5,0xB9,0xC1,0x0C,0xBE,0x60,0xBA,0xB7,0xB6,0x14,0xB3,0x7A,0xAF,
  0xEC,0xAB,0x6C,0xA8,0xFF,0xA4,0xA7,0xA1,0x67,0x9E,0x45,0x9B,0x43,0x98,0x65,0x95,
  0xB0,0x92,0x27,0x90,0xCE,0x8D,0xAA,0x8B,0xBE,0x89,0x0D,0x88,0x9C,0x86,0x6E,0x85,
  0x86,0x84,0xE8,0x83,0x95,0x83,0x92,0x83,0xDF,0x83,0x80,0x84,0x76,0x85,0xC2,0x86,
  0x65,0x88,0x60,0x8A,0xB2,0x8C,0x5D,0x8F,0x5F,0x92,0xB7,0x95,0x63,0x99,0x63,0x9D,
  0xB3,0xA1,0x52,0xA6,0x3B,0xAB,0x6C,0xB0,0xE1,0xB5,0x96,0xBB,0x85,0xC1,0xAB,0xC7,
  0x03,0xCE,0x86,0xD4,0x30,0xDB,0xFB,0xE1,0xE0,0xE8,0xDA,0xEF,0xE2,0xF6,0xF3,0xFD,
  0x04,0x05,0x12,0x0C,0x15,0x13,0x07,0x1A,0xE2,0x20,0xA0,0x27,0x3A,0x2E,0xAC,0x34,
  0xEF,0x3A,0xFF,0x40,0xD6,0x46,0x71,0x4C,0xCA,0x51,0xDD,0x56,0xA7,0x5B,0x25,0x60,
  0x54,0x64,0x31,0x68,0xBB,0x6B,0xEF,0x6E,0xCC,0x71,0x52,0x74,0x80,0x76,0x56,0x78,
  0xD4,0x79,0xFC,0x7A,0xCD,0x7B,0x4B,0x7C,0x77,0x7C,0x52,0x7C,0xDF,0x7B,0x21,0x7B,
  0x1C,0x7A,0xD1,0x78,0x45,0x77,0x7B,0x75,0x77,0x73,0x3C,0x71,0xCF,0x6E,0x33,0x6C,
  0x6C,0x69,0x7F,0x66,0x6E,0x63,0x3F,0x60,0xF5,0x5C,0x94,0x59,0x1E,0x56,0x98,0x52,
  0x04,0x4F,0x66,0x4B,0xC1,0x47,0x16,0x44,0x69,0x40,0xBC,0x3C,0x10,0x39,0x67,0x35,
  0xC2,0x31,0x23,0x2E,0x8A,0x2A,0xF8,0x26,0x6E,0x23,0xEB,0x1F,0x6F,0x1C,0xFB,0x18,
  0x8E,0x15,0x27,0x12,0xC5,0x0E,0x69,0x0B,0x10,0x08,0xBA,0x04,0x65,0x01,0x12,0xFE,
  0xBD,0xFA,0x66,0xF7,0x0D,0xF4,0xAF,0xF0,0x4D,0xED,0xE5,0xE9,0x77,0xE6,0x02,0xE3,
  0x85,0xDF,0x01,0xDC,0x75,0xD8,0xE2,0xD4,0x48,0xD1,0xA8,0xCD,0x02,0xCA,0x59,0xC6,
  0xAC,0xC2,0xFF,0xBE,0x52,0xBB,0xA8,0xB7,0x04,0xB4,0x67,0xB0,0xD6,0xAC,0x52,0xA9,
  0xDF,0xA5,0x81,0xA2,0x3B,0x9F,0x11,0x9C,0x06,0x99,0x1F,0x96,0x5F,0x93,0xCA,0x90,
  0x65,0x8E,0x32,0x8C,0x37,0x8A,0x77,0x88,0xF5,0x86,0xB5,0x85,0xBB,0x84,0x09,0x84,
  0xA3,0x83,0x8B,0x83,0xC3,0x83,0x4F,0x84,0x2E,0x85,0x64,0x86,0xF0,0x87,0xD4,0x89,
  0x10,0x8C,0xA4,0x8E,0x90,0x91,0xD2,0x94,0x69,0x98,0x53,0x9C,0x8F,0xA0,0x19,0xA5,
  0xF0,0xA9,0x0F,0xAF,0x72,0xB4,0x17,0xBA,0xF8,0xBF,0x10,0xC6,0x5B,0xCC,0xD4,0xD2,
  0x74,0xD9,0x37,0xE0,0x16,0xE7,0x0B,0xEE,0x11,0xF5,0x20,0xFC,0x31,0x03,0x41,0x0A,
  0x47,0x11,0x3E,0x18,0x20,0x1F,0xE5,0x25,0x89,0x2C,0x06,0x33,0x56,0x39,0x74,0x3F,
  0x5A,0x45,0x05,0x4B,0x6F,0x50,0x95,0x55,0x72,0x5A,0x04,0x5F,0x48,0x63,0x3A,0x67,
  0xD9,0x6A,0x23,0x6E,0x17,0x71,0xB4,0x73,0xF8,0x75,0xE5,0x77,0x7A,0x79,0xB8,0x7A,
  0x9F,0x7B,0x33,0x7C,0x73,0x7C,0x63,0x7C,0x04,0x7C,0x59,0x7B,0x66,0x7A,0x2D,0x79,
  0xB1,0x77,0xF7,0x75,0x01,0x74,0xD4,0x71,0x73,0x6F,0xE3,0x6C,0x27,0x6A,0x43,0x67,
  0x3C,0x64,0x14,0x61,0xD1,0x5D,0x75,0x5A,0x04,0x57,0x82,0x53,0xF2,0x4F,0x56,0x4C,
  0xB2,0x48,0x09,0x45,0x5C,0x41,0xAF,0x3D,0x02,0x3A,0x58,0x36,0xB2,0x32,0x11,0x2F,
  0x77,0x2B,0xE3,0x27,0x57,0x24,0xD2,0x20,0x55,0x1D,0xDF,0x19,0x70,0x16,0x07,0x13,
  0xA4,0x0F,0x46,0x0C,0xED,0x08,0x96,0x05,0x41,0x02,0xEE,0xFE,0x99,0xFB,0x43,0xF8,
  0xEA,0xF4,0x8E,0xF1,0x2D,0xEE,0xC7,0xEA,0x5A,0xE7,0xE7,0xE3,0x6C,0xE0,0xEA,0xDC,
  0x60,0xD9,0xCF,0xD5,0x37,0xD2,0x98,0xCE,0xF4,0xCA,0x4B,0xC7,0x9F,0xC3,0xF2,0xBF,
  0x45,0xBC,0x9A,0xB8,0xF4,0xB4,0x55,0xB1,0xC0,0xAD,0x39,0xAA,0xC1,0xA6,0x5E,0xA3,
  0x11,0xA0,0xDF,0x9C,0xCC,0x99,0xDB,0x96,0x10,0x94,0x70,0x91,0xFE,0x8E,0xBE,0x8C,
  0xB5,0x8A,0xE5,0x88,0x52,0x87,0x01,0x86,0xF5,0x84,0x30,0x84,0xB6,0x83,0x8A,0x83,
  0xAD,0x83,0x23,0x84,0xEC,0x84,0x0C,0x86,0x82,0x87,0x4F,0x89,0x74,0x8B,0xF2,0x8D,
  0xC7,0x90,0xF2,0x93,0x73,0x97,0x48,0x9B,0x6F,0x9F,0xE6,0xA3,0xA9,0xA8,0xB6,0xAD,
  0x08,0xB3,0x9C,0xB8,0x6E,0xBE,0x78,0xC4,0xB7,0xCA,0x24,0xD1,0xBB,0xD7,0x76,0xDE,
  0x4E,0xE5,0x3E,0xEC,0x40,0xF3,0x4D,0xFA,0x5E,0x01,0x6F,0x08,0x78,0x0F,0x74,0x16,
  0x5C,0x1D,0x29,0x24,0xD6,0x2A,0x5E,0x31,0xBA,0x37,0xE5,0x3D,0xDA,0x43,0x94,0x49,
  0x0F,0x4F,0x47,0x54,0x38,0x59,0xDE,0x5D,0x36,0x62,0x3D,0x66,0xF2,0x69,0x52,0x6D,
  0x5C,0x70,0x0F,0x73,0x6B,0x75,0x6E,0x77,0x1A,0x79,0x6E,0x7A,0x6C,0x7B,0x15,0x7C,
  0x6A,0x7C,0x6F,0x7C,0x24,0x7C,0x8D,0x7B,0xAC,0x7A,0x84,0x79,0x19,0x78,0x6F,0x76,
  0x88,0x74,0x69,0x72,0x15,0x70,0x91,0x6D,0xE0,0x6A,0x06,0x68,0x07,0x65,0xE8,0x61,
  0xAB,0x5E,0x55,0x5B,0xE9,0x57,0x6B,0x54,0xDE,0x50,0x45,0x4D,0xA3,0x49,0xFB,0x45,
  0x4F,0x42,0xA2,0x3E,0xF5,0x3A,0x4A,0x37,0xA3,0x33,0x01,0x30,0x64,0x2C,0xCF,0x28,
  0x40,0x25,0xBA,0x21,0x3A,0x1E,0xC3,0x1A,0x52,0x17,0xE8,0x13,0x84,0x10,0x24,0x0D,
  0xCA,0x09,0x72,0x06,0x1D,0x03,0xCA,0xFF,0x75,0xFC,0x20,0xF9,0xC8,0xF5,0x6C,0xF2,
  0x0D,0xEF,0xA8,0xEB,0x3D,0xE8,0xCB,0xE4,0x53,0xE1,0xD2,0xDD,0x4B,0xDA,0xBB,0xD6,
  0x25,0xD3,0x88,0xCF,0xE5,0xCB,0x3D,0xC8,0x92,0xC4,0xE5,0xC0,0x37,0xBD,0x8C,0xB9,
  0xE4,0xB5,0x43,0xB2,0xAC,0xAE,0x21,0xAB,0xA5,0xA7,0x3B,0xA4,0xE9,0xA0,0xAF,0x9D,
  0x94,0x9A,0x9A,0x97,0xC5,0x94,0x19,0x92,0x9B,0x8F,0x4E,0x8D,0x36,0x8B,0x57,0x89,
  0xB4,0x87,0x52,0x86,0x33,0x85,0x5C,0x84,0xCE,0x83,0x8D,0x83,0x9C,0x83,0xFC,0x83,
  0xB0,0x84,0xB9,0x85,0x19,0x87,0xD0,0x88,0xDE,0x8A,0x45,0x8D,0x03,0x90,0x18,0x93,
  0x84,0x96,0x43,0x9A,0x55,0x9E,0xB8,0xA2,0x67,0xA7,0x61,0xAC,0xA2,0xB1,0x25,0xB7,
  0xE8,0xBC,0xE4,0xC2,0x16,0xC9,0x78,0xCF,0x04,0xD6,0xB6,0xDC,0x87,0xE3,0x72,0xEA,
  0x6F,0xF1,0x7A,0xF8,0x8C,0xFF,0x9D,0x06,0xA9,0x0D,0xA8,0x14,0x96,0x1B,0x6A,0x22,
  0x21,0x29,0xB2,0x2F,0x1A,0x36,0x52,0x3C,0x56,0x42,0x20,0x48,0xAC,0x4D,0xF5,0x52,
  0xF8,0x57,0xB2,0x5C,0x1E,0x61,0x3B,0x65,0x05,0x69,0x7B,0x6C,0x9C,0x6F,0x65,0x72,
  0xD7,0x74,0xF1,0x76,0xB4,0x78,0x1E,0x7A,0x32,0x7B,0xF1,0x7B,0x5C,0x7C,0x75,0x7C,
  0x3F,0x7C,0xBB,0x7B,0xED,0x7A,0xD7,0x79,0x7D,0x78,0xE3,0x76,0x0B,0x75,0xFA,0x72,
  0xB4,0x70,0x3C,0x6E,0x96,0x6B,0xC6,0x68,0xD0,0x65,0xB9,0x62,0x83,0x5F,0x34,0x5C,
  0xCD,0x58,0x54,0x55,0xCA,0x51,0x34,0x4E,0x94,0x4A,0xED,0x46,0x42,0x43,0x95,0x3F,
  0xE7,0x3B,0x3C,0x38,0x94,0x34,0xF0,0x30,0x52,0x2D,0xBB,0x29,0x2B,0x26,0xA2,0x22,
  0x21,0x1F,0xA7,0x1B,0x34,0x18,0xC9,0x14,0x63,0x11,0x03,0x0E,0xA7,0x0A,0x4F,0x07,
  0xF9,0x03,0xA4,0x00,0x51,0xFD,0xFC,0xF9,0xA5,0xF6,0x4B,0xF3,0xEC,0xEF,0x89,0xEC,
  0x1F,0xE9,0xB0,0xE5,0x39,0xE2,0xBA,0xDE,0x34,0xDB,0xA7,0xD7,0x12,0xD4,0x77,0xD0,
  0xD6,0xCC,0x2F,0xC9,0x85,0xC5,0xD8,0xC1,0x2A,0xBE,0x7E,0xBA,0xD5,0xB6,0x32,0xB3,
  0x98,0xAF,0x09,0xAC,0x89,0xA8,0x1B,0xA5,0xC2,0xA1,0x82,0x9E,0x5E,0x9B,0x5B,0x98,
  0x7C,0x95,0xC6,0x92,0x3B,0x90,0xE1,0x8D,0xBB,0x8B,0xCD,0x89,0x1A,0x88,0xA7,0x86,
  0x77,0x85,0x8C,0x84,0xEB,0x83,0x97,0x83,0x91,0x83,0xDC,0x83,0x7A,0x84,0x6D,0x85,
  0xB6,0x86,0x56,0x88,0x4E,0x8A,0x9E,0x8C,0x46,0x8F,0x44,0x92,0x9A,0x95,0x44,0x99,
  0x41,0x9D,0x8F,0xA1,0x2A,0xA6,0x12,0xAB,0x40,0xB0,0xB3,0xB5,0x65,0xBB,0x53,0xC1,
  0x78,0xC7,0xCE,0xCD,0x50,0xD4,0xF9,0xDA,0xC2,0xE1,0xA7,0xE8,0xA0,0xEF,0xA8,0xF6,
  0xB8,0xFD,0xCA,0x04,0xD8,0x0B,0xDB,0x12,0xCE,0x19,0xAA,0x20,0x68,0x27,0x04,0x2E,
  0x77,0x34,0xBC,0x3A,0xCE,0x40,0xA7,0x46,0x43,0x4C,0x9E,0x51,0xB4,0x56,0x81,0x5B,
  0x02,0x60,0x33,0x64,0x13,0x68,0x9F,0x6B,0xD6,0x6E,0xB6,0x71,0x3E,0x74,0x6F,0x76,
  0x48,0x78,0xC9,0x79,0xF3,0x7A,0xC8,0x7B,0x48,0x7C,0x76,0x7C,0x54,0x7C,0xE4,0x7B,
  0x29,0x7B,0x25,0x7A,0xDD,0x78,0x53,0x77,0x8B,0x75,0x88,0x73,0x4F,0x71,0xE3,0x6E,
  0x49,0x6C,0x83,0x69,0x97,0x66,0x88,0x63,0x5A,0x60,0x11,0x5D,0xB0,0x59,0x3B,0x56,
  0xB5,0x52,0x22,0x4F,0x84,0x4B,0xDF,0x47,0x35,0x44,0x88,0x40,0xDA,0x3C,0x2E,0x39,
  0x85,0x35,0xE0,0x31,0x41,0x2E,0xA7,0x2A,0x15,0x27,0x8B,0x23,0x07,0x20,0x8C,0x1C,
  0x18,0x19,0xAA,0x15,0x43,0x12,0xE1,0x0E,0x84,0x0B,0x2B,0x08,0xD5,0x04,0x80,0x01,
  0x2D,0xFE,0xD8,0xFA,0x82,0xF7,0x28,0xF4,0xCB,0xF0,0x69,0xED,0x01,0xEA,0x93,0xE6,
  0x1E,0xE3,0xA2,0xDF,0x1E,0xDC,0x92,0xD8,0x00,0xD5,0x66,0xD1,0xC6,0xCD,0x21,0xCA,
  0x77,0xC6,0xCB,0xC2,0x1D,0xBF,0x70,0xBB,0xC6,0xB7,0x22,0xB4,0x85,0xB0,0xF3,0xAC,
  0x6F,0xA9,0xFC,0xA5,0x9D,0xA2,0x56,0x9F,0x2B,0x9C,0x1F,0x99,0x36,0x96,0x75,0x93,
  0xDF,0x90,0x78,0x8E,0x44,0x8C,0x47,0x8A,0x84,0x88,0x00,0x87,0xBF,0x85,0xC2,0x84,
  0x0E,0x84,0xA5,0x83,0x8A,0x83,0xC0,0x83,0x49,0x84,0x26,0x85,0x58,0x86,0xE2,0x87,
  0xC3,0x89,0xFD,0x8B,0x8E,0x8E,0x76,0x91,0xB5,0x94,0x4A,0x98,0x31,0x9C,0x6B,0xA0,
  0xF3,0xA4,0xC7,0xA9,0xE3,0xAE,0x45,0xB4,0xE7,0xB9,0xC6,0xBF,0xDD,0xC5,0x27,0xCC,
  0x9E,0xD2,0x3D,0xD9,0xFF,0xDF,0xDD,0xE6,0xD2,0xED,0xD6,0xF4,0xE5,0xFB,0xF7,0x02,
  0x07,0x0A,0x0D,0x11,0x05,0x18,0xE7,0x1E,0xAE,0x25,0x53,0x2C,0xD1,0x32,0x23,0x39,
  0x42,0x3F,0x2A,0x45,0xD7,0x4A,0x43,0x50,0x6B,0x55,0x4B,0x5A,0xE0,0x5E,0x26,0x63,
  0x1B,0x67,0xBD,0x6A,0x0A,0x6E,0x00,0x71,0x9F,0x73,0xE7,0x75,0xD6,0x77,0x6E,0x79,
  0xAF,0x7A,0x99,0x7B,0x2F,0x7C,0x72,0x7C,0x65,0x7C,0x08,0x7C,0x60,0x7B,0x6F,0x7A,
  0x38,0x79,0xBF,0x77,0x06,0x76,0x12,0x74,0xE7,0x71,0x88,0x6F,0xF9,0x6C,0x3E,0x6A,
  0x5C,0x67,0x55,0x64,0x2F,0x61,0xEC,0x5D,0x91,0x5A,0x21,0x57,0x9F,0x53,0x0F,0x50,
  0x74,0x4C,0xD0,0x48,0x27,0x45,0x7B,0x41,0xCD,0x3D,0x20,0x3A,0x76,0x36,0xD0,0x32,
  0x2F,0x2F,0x95,0x2B,0x01,0x28,0x74,0x24,0xEF,0x20,0x71,0x1D,0xFB,0x19,0x8C,0x16,
  0x23,0x13,0xC0,0x0F,0x62,0x0C,0x08,0x09,0xB1,0x05,0x5C,0x02,0x09,0xFF,0xB5,0xFB,
  0x5F,0xF8,0x06,0xF5,0xAA,0xF1,0x49,0xEE,0xE3,0xEA,0x76,0xE7,0x03,0xE4,0x89,0xE0,
  0x07,0xDD,0x7D,0xD9,0xEC,0xD5,0x54,0xD2,0xB6,0xCE,0x12,0xCB,0x69,0xC7,0xBE,0xC3,
  0x10,0xC0,0x63,0xBC,0xB8,0xB8,0x12,0xB5,0x73,0xB1,0xDE,0xAD,0x56,0xAA,0xDE,0xA6,
  0x79,0xA3,0x2C,0xA0,0xF9,0x9C,0xE5,0x99,0xF3,0x96,0x27,0x94,0x85,0x91,0x12,0x8F,
  0xD0,0x8C,0xC4,0x8A,0xF3,0x88,0x5E,0x87,0x0B,0x86,0xFC,0x84,0x35,0x84,0xB9,0x83,
  0x8A,0x83,0xAB,0x83,0x1E,0x84,0xE5,0x84,0x01,0x86,0x74,0x87,0x3F,0x89,0x61,0x8B,
  0xDC,0x8D,0xAE,0x90,0xD7,0x93,0x55,0x97,0x28,0x9B,0x4C,0x9F,0xC0,0xA3,0x81,0xA8,
  0x8B,0xAD,0xDB,0xB2,0x6D,0xB8,0x3D,0xBE,0x46,0xC4,0x83,0xCA,0xEF,0xD0,0x84,0xD7,
  0x3E,0xDE,0x15,0xE5,0x04,0xEC,0x06,0xF3,0x12,0xFA,0x24,0x01,0x35,0x08,0x3E,0x0F,
  0x3B,0x16,0x23,0x1D,0xF1,0x23,0xA0,0x2A,0x28,0x31,0x86,0x37,0xB3,0x3D,0xAA,0x43,
  0x66,0x49,0xE3,0x4E,0x1D,0x54,0x10,0x59,0xB8,0x5D,0x13,0x62,0x1D,0x66,0xD5,0x69,
  0x38,0x6D,0x45,0x70,0xFB,0x72,0x59,0x75,0x5F,0x77,0x0D,0x79,0x64,0x7A,0x65,0x7B,
  0x11,0x7C,0x69,0x7C,0x70,0x7C,0x27,0x7C,0x93,0x7B,0xB4,0x7A,0x8F,0x79,0x26,0x78,
  0x7E,0x76,0x99,0x74,0x7B,0x72,0x29,0x70,0xA6,0x6D,0xF7,0x6A,0x1E,0x68,0x21,0x65,
  0x02,0x62,0xC6,0x5E,0x71,0x5B,0x06,0x58,0x88,0x54,0xFC,0x50,0x63,0x4D,0xC1,0x49,
  0x19,0x46,0x6E,0x42,0xC0,0x3E,0x13,0x3B,0x68,0x37,0xC1,0x33,0x1E,0x30,0x82,0x2C,
  0xEC,0x28,0x5E,0x25,0xD7,0x21,0x57,0x1E,0xDF,0x1A,0x6E,0x17,0x04,0x14,0x9F,0x10,
  0x40,0x0D,0xE5,0x09,0x8E,0x06,0x38,0x03,0xE5,0xFF,0x91,0xFC,0x3B,0xF9,0xE3,0xF5,
  0x88,0xF2,0x29,0xEF,0xC4,0xEB,0x59,0xE8,0xE8,0xE4,0x6F,0xE1,0xEF,0xDD,0x68,0xDA,
  0xD9,0xD6,0x43,0xD3,0xA6,0xCF,0x03,0xCC,0x5B,0xC8,0xB0,0xC4,0x03,0xC1,0x56,0xBD,
  0xAA,0xB9,0x02,0xB6,0x61,0xB2,0xC9,0xAE,0x3E,0xAB,0xC1,0xA7,0x57,0xA4,0x04,0xA1,
  0xCA,0x9D,0xAD,0x9A,0xB2,0x97,0xDC,0x94,0x2F,0x92,0xAF,0x8F,0x60,0x8D,0x46,0x8B,
  0x65,0x89,0xC1,0x87,0x5C,0x86,0x3B,0x85,0x62,0x84,0xD2,0x83,0x8E,0x83,0x9A,0x83,
  0xF8,0x83,0xA9,0x84,0xAF,0x85,0x0C,0x87,0xC0,0x88,0xCC,0x8A,0x30,0x8D,0xEB,0x8F,
  0xFE,0x92,0x66,0x96,0x23,0x9A,0x33,0x9E,0x92,0xA2,0x3F,0xA7,0x37,0xAC,0x75,0xB1,
  0xF7,0xB6,0xB7,0xBC,0xB2,0xC2,0xE2,0xC8,0x42,0xCF,0xCE,0xD5,0x7E,0xDC,0x4E,0xE3,
  0x38,0xEA,0x35,0xF1,0x40,0xF8,0x51,0xFF,0x62,0x06,0x6F,0x0D,0x6F,0x14,0x5D,0x1B,
  0x32,0x22,0xEA,0x28,0x7D,0x2F,0xE6,0x35,0x20,0x3C,0x25,0x42,0xF1,0x47,0x7F,0x4D,
  0xCB,0x52,0xD0,0x57,0x8C,0x5C,0xFB,0x60,0x1A,0x65,0xE7,0x68,0x60,0x6C,0x83,0x6F,
  0x50,0x72,0xC5,0x74,0xE2,0x76,0xA6,0x78,0x14,0x7A,0x2B,0x7B,0xEC,0x7B,0x5A,0x7C,
  0x76,0x7C,0x42,0x7C,0xC0,0x7B,0xF4,0x7A,0xE1,0x79,0x89,0x78,0xF1,0x76,0x1B,0x75,
  0x0C,0x73,0xC7,0x70,0x51,0x6E,0xAC,0x6B,0xDE,0x68,0xE9,0x65,0xD3,0x62,0x9E,0x5F,
  0x4F,0x5C,0xEA,0x58,0x70,0x55,0xE7,0x51,0x52,0x4E,0xB2,0x4A,0x0B,0x47,0x60,0x43,
  0xB3,0x3F,0x06,0x3C,0x5A,0x38,0xB2,0x34,0x0E,0x31,0x70,0x2D,0xD8,0x29,0x48,0x26,
  0xBF,0x22,0x3D,0x1F,0xC4,0x1B,0x51,0x18,0xE5,0x14,0x7F,0x11,0x1F,0x0E,0xC3,0x0A,
  0x6A,0x07,0x14,0x04,0xC0,0x00,0x6D,0xFD,0x18,0xFA,0xC0,0xF6,0x66,0xF3,0x08,0xF0,
  0xA5,0xEC,0x3C,0xE9,0xCC,0xE5,0x55,0xE2,0xD7,0xDE,0x52,0xDB,0xC5,0xD7,0x30,0xD4,
  0x95,0xD0,0xF4,0xCC,0x4D,0xC9,0xA3,0xC5,0xF6,0xC1,0x49,0xBE,0x9C,0xBA,0xF3,0xB6,
  0x50,0xB3,0xB6,0xAF,0x26,0xAC,0xA6,0xA8,0x37,0xA5,0xDD,0xA1,0x9C,0x9E,0x78,0x9B,
  0x73,0x98,0x93,0x95,0xDB,0x92,0x4F,0x90,0xF4,0x8D,0xCC,0x8B,0xDC,0x89,0x27,0x88,
  0xB2,0x86,0x7F,0x85,0x93,0x84,0xEF,0x83,0x98,0x83,0x90,0x83,0xD8,0x83,0x73,0x84,
  0x63,0x85,0xAA,0x86,0x47,0x88,0x3C,0x8A,0x89,0x8C,0x2E,0x8F,0x2A,0x92,0x7D,0x95,
  0x24,0x99,0x1F,0x9D,0x6A,0xA1,0x03,0xA6,0xE8,0xAA,0x14,0xB0,0x85,0xB5,0x35,0xBB,
  0x21,0xC1,0x44,0xC7,0x99,0xCD,0x19,0xD4,0xC1,0xDA,0x8A,0xE1,0x6D,0xE8,0x66,0xEF,
  0x6E,0xF6,0x7E,0xFD,0x8F,0x04,0x9E,0x0B,0xA2,0x12,0x95,0x19,0x72,0x20,0x31,0x27,
  0xCE,0x2D,0x43,0x34,0x89,0x3A,0x9C,0x40,0x78,0x46,0x16,0x4C,0x73,0x51,0x8B,0x56,
  0x5B,0x5B,0xDE,0x5F,0x12,0x64,0xF4,0x67,0x83,0x6B,0xBC,0x6E,0x9F,0x71,0x2B,0x74,
  0x5E,0x76,0x3A,0x78,0xBE,0x79,0xEB,0x7A,0xC3,0x7B,0x46,0x7C,0x76,0x7C,0x56,0x7C,
  0xE9,0x7B,0x30,0x7B,0x2F,0x7A,0xE8,0x78,0x60,0x77,0x9A,0x75,0x9A,0x73,0x62,0x71,
  0xF8,0x6E,0x5F,0x6C,0x9B,0x69,0xB0,0x66,0xA2,0x63,0x75,0x60,0x2C,0x5D,0xCC,0x59,
  0x58,0x56,0xD2,0x52,0x40,0x4F,0xA2,0x4B,0xFD,0x47,0x53,0x44,0xA6,0x40,0xF9,0x3C,
  0x4C,0x39,0xA3,0x35,0xFE,0x31,0x5E,0x2E,0xC5,0x2A,0x33,0x27,0xA8,0x23,0x24,0x20,
  0xA8,0x1C,0x34,0x19,0xC6,0x15,0x5F,0x12,0xFD,0x0E,0xA0,0x0B,0x47,0x08,0xF1,0x04,
  0x9C,0x01,0x49,0xFE,0xF4,0xFA,0x9D,0xF7,0x44,0xF4,0xE7,0xF0,0x85,0xED,0x1E,0xEA,
  0xB0,0xE6,0x3B,0xE3,0xBF,0xDF,0x3B,0xDC,0xB0,0xD8,0x1D,0xD5,0x84,0xD1,0xE4,0xCD,
  0x3F,0xCA,0x95,0xC6,0xE9,0xC2,0x3C,0xBF,0x8F,0xBB,0xE5,0xB7,0x40,0xB4,0xA3,0xB0,
  0x10,0xAD,0x8C,0xA9,0x18,0xA6,0xB8,0xA2,0x70,0x9F,0x44,0x9C,0x37,0x99,0x4E,0x96,
  0x8B,0x93,0xF3,0x90,0x8B,0x8E,0x55,0x8C,0x56,0x8A,0x92,0x88,0x0C,0x87,0xC8,0x85,
  0xC9,0x84,0x12,0x84,0xA7,0x83,0x8A,0x83,0xBD,0x83,0x43,0x84,0x1D,0x85,0x4D,0x86,
  0xD4,0x87,0xB2,0x89,0xE9,0x8B,0x77,0x8E,0x5D,0x91,0x99,0x94,0x2B,0x98,0x10,0x9C,
  0x46,0xA0,0xCC,0xA4,0x9E,0xA9,0xB8,0xAE,0x17,0xB4,0xB8,0xB9,0x95,0xBF,0xAA,0xC5,
  0xF2,0xCB,0x68,0xD2,0x06,0xD9,0xC7,0xDF,0xA4,0xE6,0x98,0xED,0x9C,0xF4,0xAB,0xFB,
  0xBC,0x02,0xCC,0x09,0xD4,0x10,0xCC,0x17,0xAF,0x1E,0x77,0x25,0x1D,0x2C,0x9C,0x32,
  0xEF,0x38,0x10,0x3F,0xFA,0x44,0xA9,0x4A,0x17,0x50,0x42,0x55,0x24,0x5A,0xBB,0x5E,
  0x04,0x63,0xFB,0x66,0xA0,0x6A,0xF0,0x6D,0xE9,0x70,0x8B,0x73,0xD5,0x75,0xC8,0x77,
  0x62,0x79,0xA6,0x7A,0x93,0x7B,0x2C,0x7C,0x71,0x7C,0x66,0x7C,0x0C,0x7C,0x67,0x7B,
  0x78,0x7A,0x43,0x79,0xCC,0x77,0x15,0x76,0x23,0x74,0xFA,0x71,0x9C,0x6F,0x0F,0x6D,
  0x56,0x6A,0x74,0x67,0x6F,0x64,0x49,0x61,0x08,0x5E,0xAD,0x5A,0x3E,0x57,0xBC,0x53,
  0x2D,0x50,0x92,0x4C,0xEF,0x48,0x45,0x45,0x99,0x41,0xEC,0x3D,0x3F,0x3A,0x95,0x36,
  0xEE,0x32,0x4D,0x2F,0xB2,0x2B,0x1E,0x28,0x91,0x24,0x0C,0x21,0x8E,0x1D,0x18,0x1A,
  0xA8,0x16,0x3F,0x13,0xDC,0x0F,0x7E,0x0C,0x24,0x09,0xCD,0x05,0x78,0x02,0x25,0xFF,
  0xD0,0xFB,0x7A,0xF8,0x22,0xF5,0xC6,0xF1,0x65,0xEE,0xFF,0xEA,0x93,0xE7,0x20,0xE4,
  0xA6,0xE0,0x24,0xDD,0x9B,0xD9,0x0A,0xD6,0x72,0xD2,0xD4,0xCE,0x30,0xCB,0x88,0xC7,
  0xDC,0xC3,0x2F,0xC0,0x81,0xBC,0xD6,0xB8,0x30,0xB5,0x91,0xB1,0xFB,0xAD,0x73,0xAA,
  0xFA,0xA6,0x95,0xA3,0x47,0xA0,0x13,0x9D,0xFE,0x99,0x0A,0x97,0x3D,0x94,0x9A,0x91,
  0x25,0x8F,0xE2,0x8C,0xD4,0x8A,0x01,0x89,0x6A,0x87,0x15,0x86,0x04,0x85,0x3A,0x84,
  0xBC,0x83,0x8A,0x83,0xA8,0x83,0x19,0x84,0xDD,0x84,0xF6,0x85,0x67,0x87,0x2F,0x89,
  0x4E,0x8B,0xC6,0x8D,0x95,0x90,0xBB,0x93,0x37,0x97,0x07,0x9B,0x28,0x9F,0x9A,0xA3,
  0x58,0xA8,0x60,0xAD,0xAE,0xB2,0x3E,0xB8,0x0C,0xBE,0x13,0xC4,0x4E,0xCA,0xB9,0xD0,
  0x4D,0xD7,0x06,0xDE,0xDC,0xE4,0xCB,0xEB,0xCB,0xF2,0xD8,0xF9,0xE9,0x00,0xFA,0x07,
  0x05,0x0F,0x01,0x16,0xEA,0x1C,0xBA,0x23,0x69,0x2A,0xF3,0x30,0x52,0x37,0x80,0x3D,
  0x79,0x43,0x38,0x49,0xB7,0x4E,0xF3,0x53,0xE8,0x58,0x93,0x5D,0xF0,0x61,0xFD,0x65,
  0xB7,0x69,0x1D,0x6D,0x2D,0x70,0xE6,0x72,0x46,0x75,0x4F,0x77,0x01,0x79,0x5A,0x7A,
  0x5E,0x7B,0x0C,0x7C,0x67,0x7C,0x71,0x7C,0x2B,0x7C,0x99,0x7B,0xBC,0x7A,0x99,0x79,
  0x33,0x78,0x8C,0x76,0xA9,0x74,0x8E,0x72,0x3D,0x70,0xBC,0x6D,0x0E,0x6B,0x36,0x68,
  0x3A,0x65,0x1C,0x62,0xE1,0x5E,0x8D,0x5B,0x22,0x58,0xA5,0x54,0x19,0x51,0x81,0x4D,
  0xE0,0x49,0x38,0x46,0x8C,0x42,0xDE,0x3E,0x31,0x3B,0x86,0x37,0xDF,0x33,0x3C,0x30,
  0xA0,0x2C,0x0A,0x29,0x7B,0x25,0xF4,0x21,0x74,0x1E,0xFC,0x1A,0x8A,0x17,0x20,0x14,
  0xBB,0x10,0x5C,0x0D,0x01,0x0A,0xA9,0x06,0x54,0x03,0x00,0x00,0xAC,0xFC,0x57,0xF9,
  0xFF,0xF5,0xA4,0xF2,0x45,0xEF,0xE0,0xEB,0x76,0xE8,0x04,0xE5,0x8C,0xE1,0x0C,0xDE,
  0x85,0xDA,0xF6,0xD6,0x60,0xD3,0xC4,0xCF,0x21,0xCC,0x7A,0xC8,0xCF,0xC4,0x22,0xC1,
  0x74,0xBD,0xC8,0xB9,0x20,0xB6,0x7F,0xB2,0xE7,0xAE,0x5B,0xAB,0xDE,0xA7,0x73,0xA4,
  0x1F,0xA1,0xE4,0x9D,0xC6,0x9A,0xCA,0x97,0xF2,0x94,0x44,0x92,0xC3,0x8F,0x72,0x8D,
  0x57,0x8B,0x74,0x89,0xCD,0x87,0x67,0x86,0x44,0x85,0x67,0x84,0xD5,0x83,0x8F,0x83,
  0x99,0x83,0xF4,0x83,0xA2,0x84,0xA6,0x85,0xFF,0x86,0xB1,0x88,0xBA,0x8A,0x1A,0x8D,
  0xD3,0x8F,0xE3,0x92,0x49,0x96,0x03,0x9A,0x10,0x9E,0x6D,0xA2,0x18,0xA7,0x0D,0xAC,
  0x49,0xB1,0xC8,0xB6,0x87,0xBC,0x80,0xC2,0xAE,0xC8,0x0D,0xCF,0x97,0xD5,0x46,0xDC,
  0x16,0xE3,0xFF,0xE9,0xFB,0xF0,0x06,0xF8,0x17,0xFF,0x28,0x06,0x35,0x0D,0x35,0x14,
  0x24,0x1B,0xFA,0x21,0xB3,0x28,0x47,0x2F,0xB2,0x35,0xED,0x3B,0xF4,0x41,0xC2,0x47,
  0x52,0x4D,0xA0,0x52,0xA8,0x57,0x66,0x5C,0xD8,0x60,0xF9,0x64,0xC9,0x68,0x45,0x6C,
  0x6B,0x6F,0x3A,0x72,0xB2,0x74,0xD1,0x76,0x99,0x78,0x0A,0x7A,0x23,0x7B,0xE7,0x7B,
  0x58,0x7C,0x76,0x7C,0x44,0x7C,0xC6,0x7B,0xFC,0x7A,0xEB,0x79,0x96,0x78,0xFF,0x76,
  0x2C,0x75,0x1E,0x73,0xDB,0x70,0x66,0x6E,0xC3,0x6B,0xF6,0x68,0x02,0x66,0xED,0x62,
  0xB9,0x5F,0x6B,0x5C,0x06,0x59,0x8D,0x55,0x05,0x52,0x6F,0x4E,0xD0,0x4A,0x2A,0x47,
  0x7F,0x43,0xD1,0x3F,0x24,0x3C,0x78,0x38,0xD0,0x34,0x2C,0x31,0x8E,0x2D,0xF6,0x29,
  0x65,0x26,0xDC,0x22,0x5A,0x1F,0xE0,0x1B,0x6D,0x18,0x01,0x15,0x9B,0x11,0x3A,0x0E,
  0xDE,0x0A,0x86,0x07,0x30,0x04,0xDB,0x00,0x88,0xFD,0x33,0xFA,0xDC,0xF6,0x82,0xF3,
  0x24,0xF0,0xC1,0xEC,0x58,0xE9,0xE8,0xE5,0x72,0xE2,0xF4,0xDE,0x6F,0xDB,0xE2,0xD7,
  0x4E,0xD4,0xB3,0xD0,0x12,0xCD,0x6B,0xC9,0xC1,0xC5,0x14,0xC2,0x67,0xBE,0xBB,0xBA,
  0x11,0xB7,0x6E,0xB3,0xD3,0xAF,0x44,0xAC,0xC2,0xA8,0x53,0xA5,0xF8,0xA1,0xB7,0x9E,
  0x91,0x9B,0x8C,0x98,0xAA,0x95,0xF1,0x92,0x64,0x90,0x06,0x8E,0xDD,0x8B,0xEB,0x89,
  0x34,0x88,0xBD,0x86,0x88,0x85,0x99,0x84,0xF4,0x83,0x9A,0x83,0x8F,0x83,0xD4,0x83,
  0x6D,0x84,0x5A,0x85,0x9E,0x86,0x38,0x88,0x2B,0x8A,0x75,0x8C,0x17,0x8F,0x10,0x92,
  0x60,0x95,0x05,0x99,0xFC,0x9C,0x45,0xA1,0xDC,0xA5,0xBE,0xAA,0xE9,0xAF,0x57,0xB5,
  0x06,0xBB,0xF0,0xC0,0x11,0xC7,0x64,0xCD,0xE3,0xD3,0x89,0xDA,0x51,0xE1,0x34,0xE8,
  0x2C,0xEF,0x34,0xF6,0x44,0xFD,0x55,0x04,0x64,0x0B,0x68,0x12,0x5C,0x19,0x39,0x20,
  0xFA,0x26,0x98,0x2D,0x0E,0x34,0x56,0x3A,0x6B,0x40,0x48,0x46,0xE9,0x4B,0x48,0x51,
  0x62,0x56,0x34,0x5B,0xBA,0x5F,0xF0,0x63,0xD5,0x67,0x67,0x6B,0xA3,0x6E,0x89,0x71,
  0x17,0x74,0x4E,0x76,0x2C,0x78,0xB3,0x79,0xE3,0x7A,0xBD,0x7B,0x43,0x7C,0x76,0x7C,
  0x59,0x7C,0xEE,0x7B,0x37,0x7B,0x38,0x7A,0xF4,0x78,0x6E,0x77,0xAA,0x75,0xAB,0x73,
  0x75,0x71,0x0D,0x6F,0x75,0x6C,0xB2,0x69,0xC9,0x66,0xBC,0x63,0x90,0x60,0x48,0x5D,
  0xE8,0x59,0x74,0x56,0xF0,0x52,0x5D,0x4F,0xC0,0x4B,0x1B,0x48,0x71,0x44,0xC4,0x40,
  0x17,0x3D,0x6B,0x39,0xC1,0x35,0x1C,0x32,0x7C,0x2E,0xE3,0x2A,0x50,0x27,0xC5,0x23,
  0x41,0x20,0xC5,0x1C,0x50,0x19,0xE2,0x15,0x7B,0x12,0x19,0x0F,0xBC,0x0B,0x63,0x08,
  0x0C,0x05,0xB7,0x01,0x64,0xFE,0x0F,0xFB,0xB9,0xF7,0x60,0xF4,0x03,0xF1,0xA1,0xED,
  0x3A,0xEA,0xCC,0xE6,0x58,0xE3,0xDC,0xDF,0x58,0xDC,0xCD,0xD8,0x3B,0xD5,0xA2,0xD1,
  0x02,0xCE,0x5D,0xCA,0xB4,0xC6,0x07,0xC3,0x5A,0xBF,0xAD,0xBB,0x03,0xB8,0x5E,0xB4,
  0xC0,0xB0,0x2E,0xAD,0xA8,0xA9,0x34,0xA6,0xD4,0xA2,0x8B,0x9F,0x5E,0x9C,0x50,0x99,
  0x65,0x96,0xA1,0x93,0x08,0x91,0x9E,0x8E,0x66,0x8C,0x66,0x8A,0xA0,0x88,0x18,0x87,
  0xD1,0x85,0xD0,0x84,0x17,0x84,0xAA,0x83,0x8A,0x83,0xBA,0x83,0x3D,0x84,0x15,0x85,
  0x42,0x86,0xC6,0x87,0xA2,0x89,0xD5,0x8B,0x61,0x8E,0x44,0x91,0x7D,0x94,0x0C,0x98,
  0xEE,0x9B,0x22,0xA0,0xA5,0xA4,0x75,0xA9,0x8D,0xAE,0xEA,0xB3,0x88,0xB9,0x64,0xBF,
  0x77,0xC5,0xBD,0xCB,0x32,0xD2,0xCF,0xD8,0x8E,0xDF,0x6B,0xE6,0x5E,0xED,0x62,0xF4,
  0x71,0xFB,0x82,0x02,0x92,0x09,0x9A,0x10,0x93,0x17,0x76,0x1E,0x3F,0x25,0xE7,0x2B,
  0x67,0x32,0xBC,0x38,0xDF,0x3E,0xCB,0x44,0x7B,0x4A,0xEC,0x4F,0x18,0x55,0xFD,0x59,
  0x96,0x5E,0xE1,0x62,0xDC,0x66,0x83,0x6A,0xD6,0x6D,0xD2,0x70,0x77,0x73,0xC4,0x75,
  0xB9,0x77,0x56,0x79,0x9D,0x7A,0x8D,0x7B,0x28,0x7C,0x70,0x7C,0x68,0x7C,0x11,0x7C,
  0x6D,0x7B,0x81,0x7A,0x4E,0x79,0xD9,0x77,0x24,0x76,0x34,0x74,0x0C,0x72,0xB1,0x6F,
  0x25,0x6D,0x6D,0x6A,0x8D,0x67,0x88,0x64,0x64,0x61,0x23,0x5E,0xC9,0x5A,0x5A,0x57,
  0xDA,0x53,0x4A,0x50,0xB0,0x4C,0x0D,0x49,0x64,0x45,0xB7,0x41,0x0A,0x3E,0x5D,0x3A,
  0xB3,0x36,0x0C,0x33,0x6B,0x2F,0xD0,0x2B,0x3B,0x28,0xAE,0x24,0x29,0x21,0xAB,0x1D,
  0x34,0x1A,0xC4,0x16,0x5B,0x13,0xF8,0x0F,0x9A,0x0C,0x40,0x09,0xE8,0x05,0x93,0x02,
  0x40,0xFF,0xEC,0xFB,0x96,0xF8,0x3D,0xF5,0xE1,0xF1,0x81,0xEE,0x1B,0xEB,0xAF,0xE7,
  0x3C,0xE4,0xC3,0xE0,0x41,0xDD,0xB8,0xD9,0x28,0xD6,0x90,0xD2,0xF2,0xCE,0x4E,0xCB,
  0xA6,0xC7,0xFA,0xC3,0x4D,0xC0,0xA0,0xBC,0xF5,0xB8,0x4E,0xB5,0xAE,0xB1,0x19,0xAE,
  0x90,0xAA,0x16,0xA7,0xB1,0xA3,0x62,0xA0,0x2D,0x9D,0x17,0x9A,0x22,0x97,0x54,0x94,
  0xAF,0x91,0x39,0x8F,0xF4,0x8C,0xE5,0x8A,0x0F,0x89,0x77,0x87,0x1F,0x86,0x0C,0x85,
  0x40,0x84,0xBE,0x83,0x8A,0x83,0xA6,0x83,0x14,0x84,0xD5,0x84,0xEC,0x85,0x5A,0x87,
  0x1E,0x89,0x3B,0x8B,0xB0,0x8D,0x7D,0x90,0xA0,0x93,0x19,0x97,0xE6,0x9A,0x05,0x9F,
  0x74,0xA3,0x30,0xA8,0x35,0xAD,0x81,0xB2,0x0F,0xB8,0xDB,0xBD,0xE0,0xC3,0x1A,0xCA,
  0x83,0xD0,0x16,0xD7,0xCE,0xDD,0xA3,0xE4,0x91,0xEB,0x91,0xF2,0x9E,0xF9,0xAF,0x00,
  0xC0,0x07,0xCB,0x0E,0xC8,0x15,0xB2,0x1C,0x82,0x23,0x32,0x2A,0xBE,0x30,0x1E,0x37,
  0x4E,0x3D,0x49,0x43,0x09,0x49,0x8B,0x4E,0xC9,0x53,0xC1,0x58,0x6E,0x5D,0xCD,0x61,
  0xDD,0x65,0x9A,0x69,0x02,0x6D,0x15,0x70,0xD0,0x72,0x34,0x75,0x40,0x77,0xF4,0x78,
  0x51,0x7A,0x57,0x7B,0x08,0x7C,0x66,0x7C,0x72,0x7C,0x2E,0x7C,0x9E,0x7B,0xC5,0x7A,
  0xA4,0x79,0x3F,0x78,0x9B,0x76,0xBA,0x74,0xA0,0x72,0x51,0x70,0xD1,0x6D,0x24,0x6B,
  0x4E,0x68,0x53,0x65,0x36,0x62,0xFC,0x5E,0xA9,0x5B,0x3F,0x58,0xC2,0x54,0x37,0x51,
  0x9F,0x4D,0xFE,0x49,0x56,0x46,0xAA,0x42,0xFD,0x3E,0x50,0x3B,0xA5,0x37,0xFD,0x33,
  0x5A,0x30,0xBD,0x2C,0x27,0x29,0x98,0x25,0x11,0x22,0x91,0x1E,0x18,0x1B,0xA7,0x17,
  0x3C,0x14,0xD7,0x10,0x78,0x0D,0x1D,0x0A,0xC5,0x06,0x6F,0x03,0x1B,0x00,0xC8,0xFC,
  0x72,0xF9,0x1B,0xF6,0xC0,0xF2,0x61,0xEF,0xFC,0xEB,0x92,0xE8,0x21,0xE5,0xA9,0xE1,
  0x29,0xDE,0xA2,0xDA,0x14,0xD7,0x7E,0xD3,0xE2,0xCF,0x3F,0xCC,0x98,0xC8,0xED,0xC4,
  0x40,0xC1,0x92,0xBD,0xE7,0xB9,0x3F,0xB6,0x9D,0xB2,0x04,0xAF,0x78,0xAB,0xFA,0xA7,
  0x8F,0xA4,0x3A,0xA1,0xFE,0x9D,0xDF,0x9A,0xE2,0x97,0x09,0x95,0x5A,0x92,0xD7,0x8F,
  0x85,0x8D,0x67,0x8B,0x82,0x89,0xDA,0x87,0x71,0x86,0x4C,0x85,0x6D,0x84,0xD9,0x83,
  0x90,0x83,0x97,0x83,0xEF,0x83,0x9B,0x84,0x9C,0x85,0xF3,0x86,0xA1,0x88,0xA7,0x8A,
  0x05,0x8D,0xBB,0x8F,0xC8,0x92,0x2B,0x96,0xE3,0x99,0xED,0x9D,0x48,0xA2,0xF0,0xA6,
  0xE3,0xAB,0x1D,0xB1,0x9A,0xB6,0x56,0xBC,0x4D,0xC2,0x7A,0xC8,0xD8,0xCE,0x60,0xD5,
  0x0F,0xDC,0xDD,0xE2,0xC5,0xE9,0xC2,0xF0,0xCB,0xF7,0xDC,0xFE,0xEE,0x05,0xFA,0x0C,
  0xFC,0x13,0xEB,0x1A,0xC2,0x21,0x7C,0x28,0x11,0x2F,0x7D,0x35,0xBA,0x3B,0xC3,0x41,
  0x93,0x47,0x25,0x4D,0x75,0x52,0x7F,0x57,0x40,0x5C,0xB4,0x60,0xD8,0x64,0xAB,0x68,
  0x29,0x6C,0x52,0x6F,0x24,0x72,0x9F,0x74,0xC1,0x76,0x8C,0x78,0xFF,0x79,0x1B,0x7B,
  0xE2,0x7B,0x55,0x7C,0x76,0x7C,0x47,0x7C,0xCB,0x7B,0x04,0x7B,0xF5,0x79,0xA2,0x78,
  0x0D,0x77,0x3C,0x75,0x30,0x73,0xEE,0x70,0x7B,0x6E,0xD9,0x6B,0x0D,0x69,0x1B,0x66,
  0x07,0x63,0xD4,0x5F,0x87,0x5C,0x22,0x59,0xAA,0x55,0x22,0x52,0x8D,0x4E,0xEE,0x4A,
  0x48,0x47,0x9D,0x43,0xF0,0x3F,0x42,0x3C,0x97,0x38,0xEE,0x34,0x4A,0x31,0xAC,0x2D,
  0x14,0x2A,0x83,0x26,0xF9,0x22,0x77,0x1F,0xFD,0x1B,0x8A,0x18,0x1D,0x15,0xB7,0x11,
  0x56,0x0E,0xFA,0x0A,0xA1,0x07,0x4B,0x04,0xF7,0x00,0xA4,0xFD,0x4F,0xFA,0xF8,0xF6,
  0x9E,0xF3,0x40,0xF0,0xDD,0xEC,0x74,0xE9,0x05,0xE6,0x8F,0xE2,0x11,0xDF,0x8C,0xDB,
  0xFF,0xD7,0x6B,0xD4,0xD1,0xD0,0x30,0xCD,0x8A,0xC9,0xE0,0xC5,0x33,0xC2,0x85,0xBE,
  0xD9,0xBA,0x30,0xB7,0x8C,0xB3,0xF1,0xAF,0x61,0xAC,0xDF,0xA8,0x6F,0xA5,0x14,0xA2,
  0xD1,0x9E,0xAB,0x9B,0xA4,0x98,0xC2,0x95,0x07,0x93,0x78,0x90,0x19,0x8E,0xEE,0x8B,
  0xFA,0x89,0x41,0x88,0xC8,0x86,0x91,0x85,0xA0,0x84,0xF8,0x83,0x9B,0x83,0x8E,0x83,
  0xD1,0x83,0x67,0x84,0x51,0x85,0x92,0x86,0x2A,0x88,0x19,0x8A,0x61,0x8C,0x00,0x8F,
  0xF6,0x91,0x43,0x95,0xE5,0x98,0xDA,0x9C,0x20,0xA1,0xB5,0xA5,0x95,0xAA,0xBD,0xAF,
  0x29,0xB5,0xD6,0xBA,0xBE,0xC0,0xDD,0xC6,0x2F,0xCD,0xAD,0xD3,0x52,0xDA,0x19,0xE1,
  0xFB,0xE7,0xF3,0xEE,0xF9,0xF5,0x09,0xFD,0x1B,0x04,0x2A,0x0B,0x2E,0x12,0x23,0x19,
  0x01,0x20,0xC3,0x26,0x62,0x2D,0xD9,0x33,0x23,0x3A,0x3A,0x40,0x19,0x46,0xBB,0x4B,
  0x1D,0x51,0x39,0x56,0x0D,0x5B,0x95,0x5F,0xCF,0x63,0xB6,0x67,0x4B,0x6B,0x8A,0x6E,
  0x72,0x71,0x03,0x74,0x3D,0x76,0x1E,0x78,0xA8,0x79,0xDA,0x7A,0xB7,0x7B,0x40,0x7C,
  0x76,0x7C,0x5B,0x7C,0xF2,0x7B,0x3E,0x7B,0x41,0x7A,0x00,0x79,0x7C,0x77,0xB9,0x75,
  0xBC,0x73,0x88,0x71,0x21,0x6F,0x8B,0x6C,0xCA,0x69,0xE1,0x66,0xD5,0x63,0xAA,0x60,
  0x63,0x5D,0x04,0x5A,0x91,0x56,0x0D,0x53,0x7B,0x4F,0xDE,0x4B,0x3A,0x48,0x90,0x44,
  0xE3,0x40,0x35,0x3D,0x89,0x39,0xDF,0x35,0x3A,0x32,0x9A,0x2E,0x00,0x2B,0x6E,0x27,
  0xE2,0x23,0x5E,0x20,0xE2,0x1C,0x6D,0x19,0xFF,0x15,0x97,0x12,0x35,0x0F,0xD8,0x0B,
  0x7E,0x08,0x28,0x05,0xD3,0x01,0x80,0xFE,0x2B,0xFB,0xD5,0xF7,0x7C,0xF4,0x1F,0xF1,
  0xBD,0xED,0x56,0xEA,0xE8,0xE6,0x74,0xE3,0xF9,0xDF,0x75,0xDC,0xEB,0xD8,0x59,0xD5,
  0xBF,0xD1,0x20,0xCE,0x7B,0xCA,0xD2,0xC6,0x26,0xC3,0x78,0xBF,0xCB,0xBB,0x21,0xB8,
  0x7C,0xB4,0xDE,0xB0,0x4B,0xAD,0xC5,0xA9,0x50,0xA6,0xEF,0xA2,0xA6,0x9F,0x78,0x9C,
  0x69,0x99,0x7D,0x96,0xB7,0x93,0x1D,0x91,0xB1,0x8E,0x78,0x8C,0x75,0x8A,0xAD,0x88,
  0x23,0x87,0xDB,0x85,0xD7,0x84,0x1C,0x84,0xAC,0x83,0x8A,0x83,0xB8,0x83,0x38,0x84,
  0x0D,0x85,0x37,0x86,0xB8,0x87,0x91,0x89,0xC2,0x8B,0x4A,0x8E,0x2A,0x91,0x61,0x94,
  0xED,0x97,0xCD,0x9B,0xFE,0x9F,0x7F,0xA4,0x4C,0xA9,0x62,0xAE,0xBD,0xB3,0x59,0xB9,
  0x32,0xBF,0x44,0xC5,0x89,0xCB,0xFC,0xD1,0x98,0xD8,0x56,0xDF,0x32,0xE6,0x25,0xED,
  0x28,0xF4,0x36,0xFB,0x48,0x02,0x58,0x09,0x60,0x10,0x59,0x17,0x3E,0x1E,0x07,0x25,
  0xB0,0x2B,0x32,0x32,0x88,0x38,0xAD,0x3E,0x9B,0x44,0x4D,0x4A,0xC0,0x4F,0xEE,0x54,
  0xD6,0x59,0x71,0x5E,0xBF,0x62,0xBC,0x66,0x66,0x6A,0xBC,0x6D,0xBA,0x70,0x62,0x73,
  0xB2,0x75,0xAA,0x77,0x4A,0x79,0x93,0x7A,0x86,0x7B,0x24,0x7C,0x6F,0x7C,0x69,0x7C,
  0x15,0x7C,0x74,0x7B,0x89,0x7A,0x59,0x79,0xE6,0x77,0x33,0x76,0x45,0x74,0x1F,0x72,
  0xC5,0x6F,0x3A,0x6D,0x84,0x6A,0xA5,0x67,0xA2,0x64,0x7E,0x61,0x3E,0x5E,0xE5,0x5A,
  0x77,0x57,0xF7,0x53,0x68,0x50,0xCE,0x4C,0x2B,0x49,0x82,0x45,0xD6,0x41,0x28,0x3E,
  0x7B,0x3A,0xD1,0x36,0x2A,0x33,0x89,0x2F,0xEE,0x2B,0x59,0x28,0xCC,0x24,0x46,0x21,
  0xC7,0x1D,0x50,0x1A,0xE1,0x16,0x77,0x13,0x14,0x10,0xB5,0x0C,0x5B,0x09,0x04,0x06,
  0xAF,0x02,0x5C,0xFF,0x07,0xFC,0xB1,0xF8,0x59,0xF5,0xFD,0xF1,0x9D,0xEE,0x37,0xEB,
  0xCC,0xE7,0x59,0xE4,0xDF,0xE0,0x5E,0xDD,0xD5,0xD9,0x45,0xD6,0xAE,0xD2,0x10,0xCF,
  0x6C,0xCB,0xC4,0xC7,0x19,0xC4,0x6B,0xC0,0xBE,0xBC,0x13,0xB9,0x6C,0xB5,0xCC,0xB1,
  0x36,0xAE,0xAC,0xAA,0x33,0xA7,0xCC,0xA3,0x7D,0xA0,0x47,0x9D,0x30,0x9A,0x3A,0x97,
  0x6A,0x94,0xC4,0x91,0x4C,0x8F,0x06,0x8D,0xF5,0x8A,0x1D,0x89,0x83,0x87,0x29,0x86,
  0x13,0x85,0x45,0x84,0xC1,0x83,0x8B,0x83,0xA4,0x83,0x0F,0x84,0xCE,0x84,0xE2,0x85,
  0x4C,0x87,0x0F,0x89,0x29,0x8B,0x9B,0x8D,0x64,0x90,0x85,0x93,0xFB,0x96,0xC5,0x9A,
  0xE2,0x9E,0x4E,0xA3,0x08,0xA8,0x0B,0xAD,0x54,0xB2,0xE0,0xB7,0xAA,0xBD,0xAE,0xC3,
  0xE6,0xC9,0x4E,0xD0,0xDF,0xD6,0x96,0xDD,0x6A,0xE4,0x58,0xEB,0x57,0xF2,0x63,0xF9,
  0x74,0x00,0x86,0x07,0x91,0x0E,0x8E,0x15,0x79,0x1C,0x4A,0x23,0xFC,0x29,0x88,0x30,
  0xEA,0x36,0x1C,0x3D,0x18,0x43,0xDB,0x48,0x5E,0x4E,0x9F,0x53,0x99,0x58,0x48,0x5D,
  0xAB,0x61,0xBD,0x65,0x7C,0x69,0xE8,0x6C,0xFD,0x6F,0xBB,0x72,0x22,0x75,0x30,0x77,
  0xE7,0x78,0x47,0x7A,0x50,0x7B,0x04,0x7C,0x64,0x7C,0x73,0x7C,0x32,0x7C,0xA4,0x7B,
  0xCD,0x7A,0xAE,0x79,0x4C,0x78,0xA9,0x76,0xCA,0x74,0xB2,0x72,0x65,0x70,0xE7,0x6D,
  0x3B,0x6B,0x66,0x68,0x6C,0x65,0x51,0x62,0x17,0x5F,0xC5,0x5B,0x5B,0x58,0xDF,0x54,
  0x54,0x51,0xBD,0x4D,0x1C,0x4A,0x74,0x46,0xC9,0x42,0x1B,0x3F,0x6E,0x3B,0xC3,0x37,
  0x1B,0x34,0x78,0x30,0xDB,0x2C,0x45,0x29,0xB5,0x25,0x2E,0x22,0xAD,0x1E,0x35,0x1B,
  0xC3,0x17,0x58,0x14,0xF3,0x10,0x94,0x0D,0x38,0x0A,0xE0,0x06,0x8B,0x03,0x36,0x00,
  0xE3,0xFC,0x8E,0xF9,0x36,0xF6,0xDC,0xF2,0x7C,0xEF,0x18,0xEC,0xAE,0xE8,0x3D,0xE5,
  0xC6,0xE1,0x46,0xDE,0xC0,0xDA,0x31,0xD7,0x9C,0xD3,0xFF,0xCF,0x5D,0xCC,0xB6,0xC8,
  0x0B,0xC5,0x5E,0xC1,0xB1,0xBD,0x05,0xBA,0x5D,0xB6,0xBB,0xB2,0x22,0xAF,0x95,0xAB,
  0x17,0xA8,0xAB,0xA4,0x55,0xA1,0x18,0x9E,0xF9,0x9A,0xFA,0x97,0x20,0x95,0x6F,0x92,
  0xEB,0x8F,0x97,0x8D,0x78,0x8B,0x91,0x89,0xE7,0x87,0x7C,0x86,0x54,0x85,0x73,0x84,
  0xDC,0x83,0x91,0x83,0x96,0x83,0xEB,0x83,0x94,0x84,0x92,0x85,0xE6,0x86,0x92,0x88,
  0x95,0x8A,0xF1,0x8C,0xA4,0x8F,0xAE,0x92,0x0E,0x96,0xC3,0x99,0xCA,0x9D,0x22,0xA2,
  0xC8,0xA6,0xB9,0xAB,0xF1,0xB0,0x6C,0xB6,0x26,0xBC,0x1B,0xC2,0x46,0xC8,0xA2,0xCE,
  0x2A,0xD5,0xD7,0xDB,0xA4,0xE2,0x8C,0xE9,0x88,0xF0,0x91,0xF7,0xA2,0xFE,0xB3,0x05,
  0xC0,0x0C,0xC2,0x13,0xB2,0x1A,0x8A,0x21,0x45,0x28,0xDC,0x2E,0x49,0x35,0x88,0x3B,
  0x92,0x41,0x64,0x47,0xF8,0x4C,0x4A,0x52,0x57,0x57,0x1A,0x5C,0x91,0x60,0xB8,0x64,
  0x8D,0x68,0x0E,0x6C,0x39,0x6F,0x0E,0x72,0x8C,0x74,0xB1,0x76,0x7E,0x78,0xF4,0x79,
  0x14,0x7B,0xDD,0x7B,0x53,0x7C,0x76,0x7C,0x4A,0x7C,0xD0,0x7B,0x0B,0x7B,0xFF,0x79,
  0xAE,0x78,0x1B,0x77,0x4B,0x75,0x42,0x73,0x02,0x71,0x90,0x6E,0xF0,0x6B,0x25,0x69,
  0x34,0x66,0x21,0x63,0xEF,0x5F,0xA2,0x5C,0x3F,0x59,0xC7,0x55,0x40,0x52,0xAB,0x4E,
  0x0C,0x4B,0x66,0x47,0xBB,0x43,0x0E,0x40,0x61,0x3C,0xB5,0x38,0x0C,0x35,0x68,0x31,
  0xC9,0x2D,0x31,0x2A,0xA0,0x26,0x16,0x23,0x94,0x1F,0x19,0x1C,0xA6,0x18,0x39,0x15,
  0xD3,0x11,0x72,0x0E,0x16,0x0B,0xBD,0x07,0x67,0x04,0x12,0x01,0xBF,0xFD,0x6A,0xFA,
  0x13,0xF7,0xBA,0xF3,0x5C,0xF0,0xF9,0xEC,0x90,0xE9,0x21,0xE6,0xAB,0xE2,0x2E,0xDF,
  0xA9,0xDB,0x1D,0xD8,0x89,0xD4,0xEF,0xD0,0x4E,0xCD,0xA8,0xC9,0xFE,0xC5,0x51,0xC2,
  0xA4,0xBE,0xF7,0xBA,0x4E,0xB7,0xAA,0xB3,0x0E,0xB0,0x7E,0xAC,0xFC,0xA8,0x8B,0xA5,
  0x2F,0xA2,0xEC,0x9E,0xC4,0x9B,0xBD,0x98,0xD9,0x95,0x1D,0x93,0x8D,0x90,0x2C,0x8E,
  0xFF,0x8B,0x09,0x8A,0x4F,0x88,0xD3,0x86,0x9A,0x85,0xA7,0x84,0xFC,0x83,0x9D,0x83,
  0x8D,0x83,0xCD,0x83,0x61,0x84,0x48,0x85,0x86,0x86,0x1B,0x88,0x08,0x8A,0x4C,0x8C,
  0xE9,0x8E,0xDD,0x91,0x27,0x95,0xC6,0x98,0xB8,0x9C,0xFC,0xA0,0x8E,0xA5,0x6B,0xAA,
  0x91,0xAF,0xFB,0xB4,0xA6,0xBA,0x8C,0xC0,0xAA,0xC6,0xFA,0xCC,0x77,0xD3,0x1B,0xDA,
  0xE0,0xE0,0xC2,0xE7,0xB9,0xEE,0xBF,0xF5,0xCF,0xFC,0xE0,0x03,0xEF,0x0A,0xF5,0x11,
  0xEA,0x18,0xC9,0x1F,0x8C,0x26,0x2C,0x2D,0xA5,0x33,0xF0,0x39,0x08,0x40,0xE9,0x45,
  0x8E,0x4B,0xF1,0x50,0x10,0x56,0xE7,0x5A,0x71,0x5F,0xAD,0x63,0x97,0x67,0x2E,0x6B,
  0x70,0x6E,0x5C,0x71,0xF0,0x73,0x2C,0x76,0x10,0x78,0x9C,0x79,0xD2,0x7A,0xB1,0x7B,
  0x3D,0x7C,0x75,0x7C,0x5D,0x7C,0xF7,0x7B,0x45,0x7B,0x4B,0x7A,0x0B,0x79,0x89,0x77,
  0xC9,0x75,0xCE,0x73,0x9B,0x71,0x36,0x6F,0xA1,0x6C,0xE1,0x69,0xFA,0x66,0xEF,0x63,
  0xC5,0x60,0x7F,0x5D,0x21,0x5A,0xAE,0x56,0x2A,0x53,0x99,0x4F,0xFC,0x4B,0x58,0x48,
  0xAE,0x44,0x01,0x41,0x54,0x3D,0xA7,0x39,0xFE,0x35,0x58,0x32,0xB8,0x2E,0x1E,0x2B,
  0x8B,0x27,0xFF,0x23,0x7B,0x20,0xFE,0x1C,0x89,0x19,0x1B,0x16,0xB3,0x12,0x51,0x0F,
  0xF3,0x0B,0x9A,0x08,0x43,0x05,0xEE,0x01,0x9B,0xFE,0x46,0xFB,0xF0,0xF7,0x97,0xF4,
  0x3B,0xF1,0xD9,0xED,0x72,0xEA,0x05,0xE7,0x91,0xE3,0x15,0xE0,0x92,0xDC,0x08,0xD9,
  0x76,0xD5,0xDD,0xD1,0x3E,0xCE,0x99,0xCA,0xF0,0xC6,0x44,0xC3,0x97,0xBF,0xEA,0xBB,
  0x3F,0xB8,0x9A,0xB4,0xFC,0xB0,0x68,0xAD,0xE2,0xA9,0x6C,0xA6,0x0B,0xA3,0xC1,0x9F,
  0x92,0x9C,0x81,0x99,0x94,0x96,0xCD,0x93,0x31,0x91,0xC4,0x8E,0x89,0x8C,0x85,0x8A,
  0xBB,0x88,0x2F,0x87,0xE4,0x85,0xDF,0x84,0x21,0x84,0xAE,0x83,0x89,0x83,0xB5,0x83,
  0x33,0x84,0x04,0x85,0x2C,0x86,0xAA,0x87,0x80,0x89,0xAE,0x8B,0x34,0x8E,0x11,0x91,
  0x45,0x94,0xCF,0x97,0xAC,0x9B,0xDB,0x9F,0x59,0xA4,0x23,0xA9,0x36,0xAE,0x8F,0xB3,
  0x2A,0xB9,0x01,0xBF,0x11,0xC5,0x54,0xCB,0xC6,0xD1,0x60,0xD8,0x1E,0xDF,0xF9,0xE5,
  0xEB,0xEC,0xEE,0xF3,0xFC,0xFA,0x0D,0x02,0x1E,0x09,0x26,0x10,0x20,0x17,0x05,0x1E,
  0xD0,0x24,0x7A,0x2B,0xFD,0x31,0x55,0x38,0x7B,0x3E,0x6A,0x44,0x1F,0x4A,0x94,0x4F,
  0xC5,0x54,0xAE,0x59,0x4D,0x5E,0x9D,0x62,0x9D,0x66,0x49,0x6A,0xA1,0x6D,0xA3,0x70,
  0x4E,0x73,0xA0,0x75,0x9B,0x77,0x3E,0x79,0x8A,0x7A,0x80,0x7B,0x21,0x7C,0x6E,0x7C,
  0x6B,0x7C,0x18,0x7C,0x7A,0x7B,0x92,0x7A,0x64,0x79,0xF3,0x77,0x42,0x76,0x56,0x74,
  0x32,0x72,0xD9,0x6F,0x50,0x6D,0x9B,0x6A,0xBD,0x67,0xBB,0x64,0x99,0x61,0x59,0x5E,
  0x01,0x5B,0x94,0x57,0x14,0x54,0x86,0x50,0xEC,0x4C,0x49,0x49,0xA0,0x45,0xF4,0x41,
  0x47,0x3E,0x9A,0x3A,0xEF,0x36,0x48,0x33,0xA7,0x2F,0x0B,0x2C,0x76,0x28,0xE9,0x24,
  0x63,0x21,0xE4,0x1D,0x6D,0x1A,0xFD,0x16,0x93,0x13,0x30,0x10,0xD1,0x0C,0x77,0x09,
  0x20,0x06,0xCA,0x02,0x77,0xFF,0x23,0xFC,0xCD,0xF8,0x75,0xF5,0x19,0xF2,0xB9,0xEE,
  0x53,0xEB,0xE8,0xE7,0x76,0xE4,0xFC,0xE0,0x7B,0xDD,0xF3,0xD9,0x63,0xD6,0xCC,0xD2,
  0x2E,0xCF,0x8B,0xCB,0xE2,0xC7,0x37,0xC4,0x8A,0xC0,0xDC,0xBC,0x31,0xB9,0x8A,0xB5,
  0xEA,0xB1,0x53,0xAE,0xC9,0xAA,0x4F,0xA7,0xE8,0xA3,0x97,0xA0,0x61,0x9D,0x49,0x9A,
  0x52,0x97,0x81,0x94,0xDA,0x91,0x60,0x8F,0x18,0x8D,0x05,0x8B,0x2B,0x89,0x8F,0x87,
  0x33,0x86,0x1B,0x85,0x4B,0x84,0xC4,0x83,0x8B,0x83,0xA2,0x83,0x0A,0x84,0xC6,0x84,
  0xD7,0x85,0x3F,0x87,0xFF,0x88,0x16,0x8B,0x85,0x8D,0x4C,0x90,0x69,0x93,0xDD,0x96,
  0xA5,0x9A,0xBF,0x9E,0x28,0xA3,0xDF,0xA7,0xE0,0xAC,0x28,0xB2,0xB1,0xB7,0x7A,0xBD,
  0x7B,0xC3,0xB2,0xC9,0x18,0xD0,0xA9,0xD6,0x5E,0xDD,0x31,0xE4,0x1E,0xEB,0x1D,0xF2,
  0x29,0xF9,0x3A,0x00,0x4C,0x07,0x57,0x0E,0x55,0x15,0x40,0x1C,0x12,0x23,0xC5,0x29,
  0x53,0x30,0xB6,0x36,0xEA,0x3C,0xE8,0x42,0xAC,0x48,0x32,0x4E,0x75,0x53,0x71,0x58,
  0x23,0x5D,0x88,0x61,0x9C,0x65,0x5F,0x69,0xCD,0x6C,0xE5,0x6F,0xA6,0x72,0x0F,0x75,
  0x21,0x77,0xDB,0x78,0x3D,0x7A,0x49,0x7B,0xFF,0x7B,0x62,0x7C,0x73,0x7C,0x35,0x7C,
  0xAA,0x7B,0xD5,0x7A,0xB8,0x79,0x58,0x78,0xB8,0x76,0xDB,0x74,0xC4,0x72,0x79,0x70,
  0xFC,0x6D,0x52,0x6B,0x7E,0x68,0x85,0x65,0x6B,0x62,0x33,0x5F,0xE0,0x5B,0x78,0x58,
  0xFD,0x54,0x72,0x51,0xDA,0x4D,0x3A,0x4A,0x92,0x46,0xE7,0x42,0x3A,0x3F,0x8C,0x3B,
  0xE1,0x37,0x39,0x34,0x96,0x30,0xF9,0x2C,0x62,0x29,0xD3,0x25,0x4B,0x22,0xCA,0x1E,
  0x51,0x1B,0xDF,0x17,0x74,0x14,0x0F,0x11,0xAF,0x0D,0x54,0x0A,0xFC,0x06,0xA6,0x03,
  0x52,0x00,0xFF,0xFC,0xA9,0xF9,0x52,0xF6,0xF7,0xF2,0x98,0xEF,0x34,0xEC,0xCA,0xE8,
  0x5A,0xE5,0xE2,0xE1,0x63,0xDE,0xDD,0xDA,0x4F,0xD7,0xB9,0xD3,0x1D,0xD0,0x7B,0xCC,
  0xD4,0xC8,0x2A,0xC5,0x7D,0xC1,0xCF,0xBD,0x23,0xBA,0x7B,0xB6,0xD9,0xB2,0x3F,0xAF,
  0xB2,0xAB,0x33,0xA8,0xC7,0xA4,0x70,0xA1,0x33,0x9E,0x12,0x9B,0x12,0x98,0x37,0x95,
  0x85,0x92,0xFF,0x8F,0xA9,0x8D,0x89,0x8B,0xA0,0x89,0xF3,0x87,0x86,0x86,0x5D,0x85,
  0x7A,0x84,0xE0,0x83,0x93,0x83,0x94,0x83,0xE7,0x83,0x8D,0x84,0x89,0x85,0xDA,0x86,
  0x83,0x88,0x83,0x8A,0xDC,0x8C,0x8C,0x8F,0x93,0x92,0xF1,0x95,0xA3,0x99,0xA8,0x9D,
  0xFD,0xA1,0xA1,0xA6,0x8F,0xAB,0xC4,0xB0,0x3D,0xB6,0xF6,0xBB,0xE9,0xC1,0x13,0xC8,
  0x6D,0xCE,0xF3,0xD4,0x9F,0xDB,0x6C,0xE2,0x53,0xE9,0x4E,0xF0,0x57,0xF7,0x68,0xFE,
  0x79,0x05,0x86,0x0C,0x88,0x13,0x79,0x1A,0x52,0x21,0x0E,0x28,0xA6,0x2E,0x15,0x35,
  0x55,0x3B,0x61,0x41,0x35,0x47,0xCB,0x4C,0x20,0x52,0x2E,0x57,0xF4,0x5B,0x6D,0x60,
  0x97,0x64,0x6E,0x68,0xF2,0x6B,0x21,0x6F,0xF8,0x71,0x78,0x74,0xA1,0x76,0x71,0x78,
  0xEA,0x79,0x0C,0x7B,0xD8,0x7B,0x50,0x7C,0x77,0x7C,0x4D,0x7C,0xD5,0x7B,0x13,0x7B,
  0x08,0x7A,0xBA,0x78,0x29,0x77,0x5B,0x75,0x53,0x73,0x15,0x71,0xA5,0x6E,0x06,0x6C,
  0x3D,0x69,0x4D,0x66,0x3B,0x63,0x0A,0x60,0xBE,0x5C,0x5B,0x59,0xE4,0x55,0x5D,0x52,
  0xC9,0x4E,0x2A,0x4B,0x84,0x47,0xDA,0x43,0x2D,0x40,0x7F,0x3C,0xD3,0x38,0x2A,0x35,
  0x86,0x31,0xE7,0x2D,0x4F,0x2A,0xBD,0x26,0x33,0x23,0xB1,0x1F,0x36,0x1C,0xC2,0x18,
  0x55,0x15,0xEF,0x11,0x8E,0x0E,0x31,0x0B,0xD9,0x07,0x82,0x04,0x2E,0x01,0xDB,0xFD,
  0x86,0xFA,0x2F,0xF7,0xD5,0xF3,0x78,0xF0,0x15,0xED,0xAD,0xE9,0x3E,0xE6,0xC8,0xE2,
  0x4B,0xDF,0xC6,0xDB,0x3A,0xD8,0xA7,0xD4,0x0C,0xD1,0x6C,0xCD,0xC6,0xC9,0x1C,0xC6,
  0x70,0xC2,0xC2,0xBE,0x15,0xBB,0x6C,0xB7,0xC8,0xB3,0x2C,0xB0,0x9B,0xAC,0x19,0xA9,
  0xA7,0xA5,0x4A,0xA2,0x06,0x9F,0xDE,0x9B,0xD5,0x98,0xF0,0x95,0x33,0x93,0xA1,0x90,
  0x3F,0x8E,0x10,0x8C,0x18,0x8A,0x5C,0x88,0xDE,0x86,0xA3,0x85,0xAD,0x84,0x00,0x84,
  0x9F,0x83,0x8C,0x83,0xCA,0x83,0x5A,0x84,0x40,0x85,0x7B,0x86,0x0D,0x88,0xF7,0x89,
  0x38,0x8C,0xD2,0x8E,0xC3,0x91,0x0A,0x95,0xA7,0x98,0x97,0x9C,0xD7,0xA0,0x67,0xA5,
  0x42,0xAA,0x66,0xAF,0xCE,0xB4,0x76,0xBA,0x5B,0xC0,0x77,0xC6,0xC5,0xCC,0x40,0xD3,
  0xE3,0xD9,0xA8,0xE0,0x88,0xE7,0x7F,0xEE,0x85,0xF5,0x94,0xFC,0xA6,0x03,0xB5,0x0A,
  0xBB,0x11,0xB1,0x18,0x90,0x1F,0x54,0x26,0xF6,0x2C,0x70,0x33,0xBD,0x39,0xD7,0x3F,
  0xBA,0x45,0x60,0x4B,0xC6,0x50,0xE7,0x55,0xC0,0x5A,0x4D,0x5F,0x8B,0x63,0x78,0x67,
  0x12,0x6B,0x57,0x6E,0x45,0x71,0xDC,0x73,0x1B,0x76,0x02,0x78,0x91,0x79,0xC9,0x7A,
  0xAB,0x7B,0x39,0x7C,0x75,0x7C,0x5F,0x7C,0xFB,0x7B,0x4C,0x7B,0x54,0x7A,0x16,0x79,
  0x97,0x77,0xD8,0x75,0xDF,0x73,0xAE,0x71,0x4B,0x6F,0xB7,0x6C,0xF9,0x69,0x12,0x67,
  0x09,0x64,0xDF,0x60,0x9A,0x5D,0x3D,0x5A,0xCB,0x56,0x47,0x53,0xB6,0x4F,0x1A,0x4C,
  0x76,0x48,0xCC,0x44,0x20,0x41,0x72,0x3D,0xC6,0x39,0x1C,0x36,0x76,0x32,0xD6,0x2E,
  0x3C,0x2B,0xA8,0x27,0x1C,0x24,0x98,0x20,0x1B,0x1D,0xA6,0x19,0x37,0x16,0xCF,0x12,
  0x6D,0x0F,0x0F,0x0C,0xB5,0x08,0x5F,0x05,0x0A,0x02,0xB7,0xFE,0x62,0xFB,0x0C,0xF8,
  0xB3,0xF4,0x56,0xF1,0xF5,0xED,0x8E,0xEA,0x21,0xE7,0xAD,0xE3,0x32,0xE0,0xB0,0xDC,
  0x25,0xD9,0x94,0xD5,0xFB,0xD1,0x5C,0xCE,0xB7,0xCA,0x0F,0xC7,0x62,0xC3,0xB5,0xBF,
  0x08,0xBC,0x5D,0xB8,0xB8,0xB4,0x1A,0xB1,0x86,0xAD,0xFF,0xA9,0x89,0xA6,0x26,0xA3,
  0xDB,0x9F,0xAB,0x9C,0x9A,0x99,0xAC,0x96,0xE4,0x93,0x46,0x91,0xD7,0x8E,0x9B,0x8C,
  0x95,0x8A,0xC9,0x88,0x3B,0x87,0xEE,0x85,0xE6,0x84,0x26,0x84,0xB1,0x83,0x89,0x83,
  0xB2,0x83,0x2D,0x84,0xFC,0x84,0x21,0x86,0x9D,0x87,0x70,0x89,0x9B,0x8B,0x1E,0x8E,
  0xF8,0x90,0x29,0x94,0xB0,0x97,0x8B,0x9B,0xB7,0x9F,0x32,0xA4,0xFA,0xA8,0x0B,0xAE,
  0x62,0xB3,0xFA,0xB8,0xD0,0xBE,0xDE,0xC4,0x20,0xCB,0x90,0xD1,0x29,0xD8,0xE6,0xDE,
  0xC0,0xE5,0xB1,0xEC,0xB4,0xF3,0xC1,0xFA,0xD3,0x01,0xE3,0x08,0xEC,0x0F,0xE7,0x16,
  0xCD,0x1D,0x98,0x24,0x43,0x2B,0xC8,0x31,0x21,0x38,0x49,0x3E,0x3A,0x44,0xF1,0x49,
  0x68,0x4F,0x9B,0x54,0x87,0x59,0x28,0x5E,0x7B,0x62,0x7D,0x66,0x2C,0x6A,0x87,0x6D,
  0x8C,0x70,0x39,0x73,0x8F,0x75,0x8C,0x77,0x32,0x79,0x81,0x7A,0x79,0x7B,0x1D,0x7C,
  0x6D,0x7C,0x6C,0x7C,0x1C,0x7C,0x80,0x7B,0x9B,0x7A,0x6F,0x79,0x00,0x78,0x51,0x76,
  0x67,0x74,0x44,0x72,0xED,0x6F,0x66,0x6D,0xB2,0x6A,0xD6,0x67,0xD5,0x64,0xB3,0x61,
  0x75,0x5E,0x1D,0x5B,0xB0,0x57,0x31,0x54,0xA3,0x50,0x09,0x4D,0x67,0x49,0xBF,0x45,
  0x13,0x42,0x65,0x3E,0xB8,0x3A,0x0D,0x37,0x67,0x33,0xC5,0x2F,0x29,0x2C,0x94,0x28,
  0x06,0x25,0x80,0x21,0x01,0x1E,0x8A,0x1A,0x19,0x17,0xAF,0x13,0x4C,0x10,0xED,0x0C,
  0x92,0x09,0x3B,0x06,0xE6,0x02,0x93,0xFF,0x3E,0xFC,0xE8,0xF8,0x90,0xF5,0x35,0xF2,
  0xD5,0xEE,0x70,0xEB,0x04,0xE8,0x92,0xE4,0x19,0xE1,0x98,0xDD,0x10,0xDA,0x80,0xD6,
  0xE9,0xD2,0x4C,0xCF,0xA9,0xCB,0x01,0xC8,0x55,0xC4,0xA8,0xC0,0xFB,0xBC,0x4F,0xB9,
  0xA8,0xB5,0x08,0xB2,0x71,0xAE,0xE6,0xAA,0x6C,0xA7,0x04,0xA4,0xB2,0xA0,0x7B,0x9D,
  0x62,0x9A,0x6A,0x97,0x98,0x94,0xEF,0x91,0x74,0x8F,0x2A,0x8D,0x15,0x8B,0x3A,0x89,
  0x9B,0x87,0x3D,0x86,0x23,0x85,0x50,0x84,0xC8,0x83,0x8C,0x83,0xA0,0x83,0x05,0x84,
  0xBF,0x84,0xCD,0x85,0x32,0x87,0xEF,0x88,0x03,0x8B,0x6F,0x8D,0x33,0x90,0x4E,0x93,
  0xBF,0x96,0x84,0x9A,0x9B,0x9E,0x03,0xA3,0xB7,0xA7,0xB6,0xAC,0xFB,0xB1,0x83,0xB7,
  0x49,0xBD,0x49,0xC3,0x7E,0xC9,0xE3,0xCF,0x72,0xD6,0x26,0xDD,0xF9,0xE3,0xE5,0xEA,
  0xE3,0xF1,0xEF,0xF8,0x00,0x00,0x11,0x07,0x1D,0x0E,0x1B,0x15,0x07,0x1C,0xDA,0x22,
  0x8E,0x29,0x1D,0x30,0x82,0x36,0xB7,0x3C,0xB7,0x42,0x7D,0x48,0x05,0x4E,0x4A,0x53,
  0x49,0x58,0xFD,0x5C,0x65,0x61,0x7C,0x65,0x41,0x69,0xB2,0x6C,0xCD,0x6F,0x91,0x72,
  0xFD,0x74,0x11,0x77,0xCE,0x78,0x33,0x7A,0x41,0x7B,0xFB,0x7B,0x60,0x7C,0x74,0x7C,
  0x38,0x7C,0xB0,0x7B,0xDD,0x7A,0xC3,0x79,0x65,0x78,0xC6,0x76,0xEB,0x74,0xD6,0x72,
  0x8C,0x70,0x11,0x6E,0x68,0x6B,0x96,0x68,0x9E,0x65,0x85,0x62,0x4E,0x5F,0xFC,0x5B,
  0x94,0x58,0x1A,0x55,0x8F,0x51,0xF8,0x4D,0x58,0x4A,0xB1,0x46,0x05,0x43,0x58,0x3F,
  0xAB,0x3B,0xFF,0x37,0x57,0x34,0xB4,0x30,0x17,0x2D,0x80,0x29,0xF0,0x25,0x68,0x22,
  0xE7,0x1E,0x6E,0x1B,0xFC,0x17,0x90,0x14,0x2B,0x11,0xCB,0x0D,0x70,0x0A,0x18,0x07,
  0xC2,0x03,0x6D,0x00,0x1A,0xFD,0xC5,0xF9,0x6E,0xF6,0x13,0xF3,0xB4,0xEF,0x51,0xEC,
  0xE7,0xE8,0x76,0xE5,0xFF,0xE1,0x80,0xDE,0xFA,0xDA,0x6C,0xD7,0xD7,0xD3,0x3B,0xD0,
  0x99,0xCC,0xF3,0xC8,0x48,0xC5,0x9B,0xC1,0xED,0xBD,0x41,0xBA,0x99,0xB6,0xF7,0xB2,
  0x5D,0xAF,0xCF,0xAB,0x50,0xA8,0xE3,0xA4,0x8B,0xA1,0x4D,0x9E,0x2B,0x9B,0x2A,0x98,
  0x4E,0x95,0x9A,0x92,0x13,0x90,0xBC,0x8D,0x99,0x8B,0xAF,0x89,0x00,0x88,0x91,0x86,
  0x65,0x85,0x80,0x84,0xE4,0x83,0x94,0x83,0x93,0x83,0xE3,0x83,0x87,0x84,0x7F,0x85,
  0xCE,0x86,0x74,0x88,0x71,0x8A,0xC7,0x8C,0x74,0x8F,0x79,0x92,0xD4,0x95,0x83,0x99,
  0x85,0x9D,0xD8,0xA1,0x79,0xA6,0x65,0xAB,0x98,0xB0,0x0F,0xB6,0xC6,0xBB,0xB7,0xC1,
  0xDF,0xC7,0x38,0xCE,0xBD,0xD4,0x68,0xDB,0x33,0xE2,0x19,0xE9,0x14,0xF0,0x1D,0xF7,
  0x2D,0xFE,0x3F,0x05,0x4C,0x0C,0x4F,0x13,0x40,0x1A,0x1A,0x21,0xD7,0x27,0x70,0x2E,
  0xE0,0x34,0x22,0x3B,0x30,0x41,0x06,0x47,0x9E,0x4C,0xF5,0x51,0x06,0x57,0xCE,0x5B,
  0x49,0x60,0x75,0x64,0x50,0x68,0xD7,0x6B,0x08,0x6F,0xE2,0x71,0x65,0x74,0x90,0x76,
  0x63,0x78,0xDF,0x79,0x04,0x7B,0xD3,0x7B,0x4E,0x7C,0x77,0x7C,0x4F,0x7C,0xDA,0x7B,
  0x1A,0x7B,0x12,0x7A,0xC5,0x78,0x37,0x77,0x6B,0x75,0x65,0x73,0x29,0x71,0xBA,0x6E,
  0x1C,0x6C,0x54,0x69,0x66,0x66,0x55,0x63,0x25,0x60,0xDA,0x5C,0x77,0x59,0x01,0x56,
  0x7A,0x52,0xE6,0x4E,0x48,0x4B,0xA3,0x47,0xF8,0x43,0x4B,0x40,0x9E,0x3C,0xF1,0x38,
  0x49,0x35,0xA4,0x31,0x05,0x2E,0x6C,0x2A,0xDB,0x26,0x50,0x23,0xCE,0x1F,0x53,0x1C,
  0xDF,0x18,0x72,0x15,0x0B,0x12,0xAA,0x0E,0x4D,0x0B,0xF4,0x07,0x9E,0x04,0x49,0x01,
  0xF6,0xFD,0xA1,0xFA,0x4B,0xF7,0xF1,0xF3,0x93,0xF0,0x31,0xED,0xC9,0xE9,0x5A,0xE6,
  0xE5,0xE2,0x68,0xDF,0xE4,0xDB,0x58,0xD8,0xC4,0xD4,0x2A,0xD1,0x8A,0xCD,0xE4,0xC9,
  0x3A,0xC6,0x8E,0xC2,0xE0,0xBE,0x34,0xBB,0x8A,0xB7,0xE6,0xB3,0x4A,0xB0,0xB9,0xAC,
  0x35,0xA9,0xC3,0xA5,0x66,0xA2,0x21,0x9F,0xF7,0x9B,0xEE,0x98,0x07,0x96,0x49,0x93,
  0xB5,0x90,0x52,0x8E,0x21,0x8C,0x28,0x8A,0x69,0x88,0xEA,0x86,0xAC,0x85,0xB4,0x84,
  0x05,0x84,0xA1,0x83,0x8B,0x83,0xC7,0x83,0x55,0x84,0x37,0x85,0x6F,0x86,0xFE,0x87,
  0xE5,0x89,0x24,0x8C,0xBB,0x8E,0xA9,0x91,0xEE,0x94,0x88,0x98,0x75,0x9C,0xB3,0xA0,
  0x40,0xA5,0x19,0xAA,0x3A,0xAF,0xA0,0xB4,0x46,0xBA,0x29,0xC0,0x43,0xC6,0x90,0xCC,
  0x0A,0xD3,0xAC,0xD9,0x70,0xE0,0x4F,0xE7,0x45,0xEE,0x4B,0xF5,0x5A,0xFC,0x6C,0x03,
  0x7B,0x0A,0x81,0x11,0x78,0x18,0x58,0x1F,0x1D,0x26,0xC0,0x2C,0x3B,0x33,0x89,0x39,
  0xA5,0x3F,0x8A,0x45,0x32,0x4B,0x9A,0x50,0xBE,0x55,0x99,0x5A,0x29,0x5F,0x69,0x63,
  0x59,0x67,0xF6,0x6A,0x3D,0x6E,0x2E,0x71,0xC8,0x73,0x09,0x76,0xF3,0x77,0x85,0x79,
  0xC0,0x7A,0xA6,0x7B,0x36,0x7C,0x74,0x7C,0x61,0x7C,0x00,0x7C,0x53,0x7B,0x5D,0x7A,
  0x22,0x79,0xA4,0x77,0xE8,0x75,0xF0,0x73,0xC1,0x71,0x5F,0x6F,0xCD,0x6C,0x10,0x6A,
  0x2B,0x67,0x22,0x64,0xFA,0x60,0xB6,0x5D,0x59,0x5A,0xE7,0x56,0x65,0x53,0xD4,0x4F,
  0x38,0x4C,0x94,0x48,0xEB,0x44,0x3E,0x41,0x90,0x3D,0xE4,0x39,0x3A,0x36,0x94,0x32,
  0xF4,0x2E,0x59,0x2B,0xC6,0x27,0x3A,0x24,0xB5,0x20,0x38,0x1D,0xC2,0x19,0x53,0x16,
  0xEB,0x12,0x88,0x0F,0x2B,0x0C,0xD1,0x08,0x7A,0x05,0x25,0x02,0xD2,0xFE,0x7E,0xFB,
  0x27,0xF8,0xCF,0xF4,0x72,0xF1,0x11,0xEE,0xAB,0xEA,0x3E,0xE7,0xCA,0xE3,0x4F,0xE0,
  0xCD,0xDC,0x43,0xD9,0xB1,0xD5,0x19,0xD2,0x7A,0xCE,0xD6,0xCA,0x2D,0xC7,0x81,0xC3,
  0xD3,0xBF,0x26,0xBC,0x7C,0xB8,0xD6,0xB4,0x37,0xB1,0xA3,0xAD,0x1C,0xAA,0xA5,0xA6,
  0x42,0xA3,0xF6,0x9F,0xC5,0x9C,0xB3,0x99,0xC3,0x96,0xFA,0x93,0x5B,0x91,0xEB,0x8E,
  0xAD,0x8C,0xA5,0x8A,0xD7,0x88,0x46,0x87,0xF8,0x85,0xED,0x84,0x2B,0x84,0xB3,0x83,
  0x89,0x83,0xB0,0x83,0x28,0x84,0xF4,0x84,0x16,0x86,0x8F,0x87,0x5F,0x89,0x88,0x8B,
  0x08,0x8E,0xDF,0x90,0x0E,0x94,0x92,0x97,0x69,0x9B,0x93,0x9F,0x0C,0xA4,0xD2,0xA8,
  0xE0,0xAD,0x35,0xB3,0xCB,0xB8,0x9F,0xBE,0xAB,0xC4,0xEB,0xCA,0x5A,0xD1,0xF2,0xD7,
  0xAE,0xDE,0x87,0xE5,0x78,0xEC,0x7A,0xF3,0x87,0xFA,0x98,0x01,0xA9,0x08,0xB2,0x0F,
  0xAD,0x16,0x94,0x1D,0x61,0x24,0x0D,0x2B,0x93,0x31,0xED,0x37,0x17,0x3E,0x0A,0x44,
  0xC3,0x49,0x3C,0x4F,0x71,0x54,0x5F,0x59,0x03,0x5E,0x58,0x62,0x5D,0x66,0x0F,0x6A,
  0x6D,0x6D,0x74,0x70,0x24,0x73,0x7D,0x75,0x7D,0x77,0x26,0x79,0x77,0x7A,0x73,0x7B,
  0x19,0x7C,0x6C,0x7C,0x6D,0x7C,0x20,0x7C,0x86,0x7B,0xA3,0x7A,0x7A,0x79,0x0D,0x78,
  0x60,0x76,0x77,0x74,0x57,0x72,0x01,0x70,0x7B,0x6D,0xC9,0x6A,0xEE,0x67,0xEE,0x64,
  0xCD,0x61,0x90,0x5E,0x39,0x5B,0xCD,0x57,0x4E,0x54,0xC1,0x50,0x27,0x4D,0x85,0x49,
  0xDD,0x45,0x31,0x42,0x83,0x3E,0xD6,0x3A,0x2C,0x37,0x85,0x33,0xE3,0x2F,0x47,0x2C,
  0xB1,0x28,0x23,0x25,0x9D,0x21,0x1E,0x1E,0xA6,0x1A,0x36,0x17,0xCC,0x13,0x68,0x10,
  0x09,0x0D,0xAE,0x09,0x57,0x06,0x01,0x03,0xAE,0xFF,0x5A,0xFC,0x04,0xF9,0xAC,0xF5,
  0x51,0xF2,0xF1,0xEE,0x8C,0xEB,0x21,0xE8,0xAF,0xE4,0x36,0xE1,0xB5,0xDD,0x2D,0xDA,
  0x9E,0xD6,0x07,0xD3,0x6A,0xCF,0xC7,0xCB,0x1F,0xC8,0x74,0xC4,0xC6,0xC0,0x19,0xBD,
  0x6E,0xB9,0xC6,0xB5,0x26,0xB2,0x8E,0xAE,0x03,0xAB,0x88,0xA7,0x20,0xA4,0xCD,0xA0,
  0x95,0x9D,0x7B,0x9A,0x82,0x97,0xAE,0x94,0x04,0x92,0x87,0x8F,0x3C,0x8D,0x25,0x8B,
  0x48,0x89,0xA8,0x87,0x48,0x86,0x2B,0x85,0x56,0x84,0xCB,0x83,0x8D,0x83,0x9E,0x83,
  0x01,0x84,0xB7,0x84,0xC3,0x85,0x25,0x87,0xDF,0x88,0xF1,0x8A,0x5A,0x8D,0x1B,0x90,
  0x33,0x93,0xA1,0x96,0x64,0x9A,0x78,0x9E,0xDD,0xA2,0x8F,0xA7,0x8B,0xAC,0xCE,0xB1,
  0x54,0xB7,0x18,0xBD,0x16,0xC3,0x4A,0xC9,0xAD,0xCF,0x3B,0xD6,0xEE,0xDC,0xC0,0xE3,
  0xAB,0xEA,0xA9,0xF1,0xB4,0xF8,0xC6,0xFF,0xD7,0x06,0xE3,0x0D,0xE2,0x14,0xCF,0x1B,
  0xA2,0x22,0x57,0x29,0xE8,0x2F,0x4E,0x36,0x85,0x3C,0x86,0x42,0x4F,0x48,0xD8,0x4D,
  0x20,0x53,0x21,0x58,0xD8,0x5C,0x41,0x61,0x5B,0x65,0x23,0x69,0x97,0x6C,0xB4,0x6F,
  0x7B,0x72,0xEA,0x74,0x01,0x77,0xC1,0x78,0x29,0x7A,0x3A,0x7B,0xF6,0x7B,0x5E,0x7C,
  0x75,0x7C,0x3C,0x7C,0xB5,0x7B,0xE5,0x7A,0xCD,0x79,0x71,0x78,0xD5,0x76,0xFB,0x74,
  0xE8,0x72,0xA0,0x70,0x26,0x6E,0x7F,0x6B,0xAE,0x68,0xB7,0x65,0x9F,0x62,0x69,0x5F,
  0x18,0x5C,0xB1,0x58,0x37,0x55,0xAD,0x51,0x16,0x4E,0x76,0x4A,0xCF,0x46,0x24,0x43,
  0x76,0x3F,0xC9,0x3B,0x1E,0x38,0x75,0x34,0xD2,0x30,0x34,0x2D,0x9D,0x29,0x0D,0x26,
  0x85,0x22,0x04,0x1F,0x8A,0x1B,0x18,0x18,0xAD,0x14,0x47,0x11,0xE7,0x0D,0x8B,0x0A,
  0x33,0x07,0xDD,0x03,0x89,0x00,0x36,0xFD,0xE0,0xF9,0x89,0xF6,0x2F,0xF3,0xD0,0xEF,
  0x6D,0xEC,0x03,0xE9,0x93,0xE5,0x1C,0xE2,0x9D,0xDE,0x17,0xDB,0x8A,0xD7,0xF5,0xD3,
  0x59,0xD0,0xB8,0xCC,0x11,0xC9,0x66,0xC5,0xB9,0xC1,0x0C,0xBE,0x60,0xBA,0xB7,0xB6,
  0x14,0xB3,0x7A,0xAF,0xEC,0xAB,0x6C,0xA8,0xFF,0xA4,0xA7,0xA1,0x67,0x9E,0x45,0x9B,
  0x43,0x98,0x65,0x95,0xB0,0x92,0x27,0x90,0xCE,0x8D,0xAA,0x8B,0xBE,0x89,0x0D,0x88,
  0x9C,0x86,0x6E,0x85,0x86,0x84,0xE8,0x83,0x95,0x83,0x92,0x83,0xDF,0x83,0x80,0x84,
  0x76,0x85,0xC2,0x86,0x65,0x88,0x60,0x8A,0xB2,0x8C,0x5D,0x8F,0x5F,0x92,0xB7,0x95,
  0x63,0x99,0x63,0x9D,0xB3,0xA1,0x52,0xA6,0x3B,0xAB,0x6C,0xB0,0xE1,0xB5,0x96,0xBB,
  0x85,0xC1,0xAB,0xC7,0x03,0xCE,0x86,0xD4,0x30,0xDB,0xFB,0xE1,0xE0,0xE8,0xDA,0xEF,
  0xE2,0xF6,0xF3,0xFD,0x04,0x05,0x12,0x0C,0x15,0x13,0x07,0x1A,0xE2,0x20,0xA0,0x27,
  0x3A,0x2E,0xAC,0x34,0xEF,0x3A,0xFF,0x40,0xD6,0x46,0x71,0x4C,0xCA,0x51,0xDD,0x56,
  0xA7,0x5B,0x25,0x60,0x54,0x64,0x31,0x68,0xBB,0x6B,0xEF,0x6E,0xCC,0x71,0x52,0x74,
  0x80,0x76,0x56,0x78,0xD4,0x79,0xFC,0x7A,0xCD,0x7B,0x4B,0x7C,0x77,0x7C,0x52,0x7C,
  0xDF,0x7B,0x21,0x7B,0x1C,0x7A,0xD1,0x78,0x45,0x77,0x7B,0x75,0x77,0x73,0x3C,0x71,
  0xCF,0x6E,0x33,0x6C,0x6C,0x69,0x7F,0x66,0x6E,0x63,0x3F,0x60,0xF5,0x5C,0x94,0x59,
  0x1E,0x56,0x98,0x52,0x04,0x4F,0x66,0x4B,0xC1,0x47,0x16,0x44,0x69,0x40,0xBC,0x3C,
  0x10,0x39,0x67,0x35,0xC2,0x31,0x23,0x2E,0x8A,0x2A,0xF8,0x26,0x6E,0x23,0xEB,0x1F,
  0x6F,0x1C,0xFB,0x18,0x8E,0x15,0x27,0x12,0xC5,0x0E,0x69,0x0B,0x10,0x08,0xBA,0x04,
  0x65,0x01,0x12,0xFE,0xBD,0xFA,0x66,0xF7,0x0D,0xF4,0xAF,0xF0,0x4D,0xED,0xE5,0xE9,
  0x77,0xE6,0x02,0xE3,0x85,0xDF,0x01,0xDC,0x75,0xD8,0xE2,0xD4,0x48,0xD1,0xA8,0xCD,
  0x02,0xCA,0x59,0xC6,0xAC,0xC2,0xFF,0xBE,0x52,0xBB,0xA8,0xB7,0x04,0xB4,0x67,0xB0,
  0xD6,0xAC,0x52,0xA9,0xDF,0xA5,0x81,0xA2,0x3B,0x9F,0x11,0x9C,0x06,0x99,0x1F,0x96,
  0x5F,0x93,0xCA,0x90,0x65,0x8E,0x32,0x8C,0x37,0x8A,0x77,0x88,0xF5,0x86,0xB5,0x85,
  0xBB,0x84,0x09,0x84,0xA3,0x83,0x8B,0x83,0xC3,0x83,0x4F,0x84,0x2E,0x85,0x64,0x86,
  0xF0,0x87,0xD4,0x89,0x10,0x8C,0xA4,0x8E,0x90,0x91,0xD2,0x94,0x69,0x98,0x53,0x9C,
  0x8F,0xA0,0x19,0xA5,0xF0,0xA9,0x0F,0xAF,0x72,0xB4,0x17,0xBA,0xF8,0xBF,0x10,0xC6,
  0x5B,0xCC,0xD4,0xD2,0x74,0xD9,0x37,0xE0,0x16,0xE7,0x0B,0xEE,0x11,0xF5,0x20,0xFC,
  0x31,0x03,0x41,0x0A,0x47,0x11,0x3E,0x18,0x20,0x1F,0xE5,0x25,0x89,0x2C,0x06,0x33,
  0x56,0x39,0x74,0x3F,0x5A,0x45,0x05,0x4B,0x6F,0x50,0x95,0x55,0x72,0x5A,0x04,0x5F,
  0x48,0x63,0x3A,0x67,0xD9,0x6A,0x23,0x6E,0x17,0x71,0xB4,0x73,0xF8,0x75,0xE5,0x77,
  0x7A,0x79,0xB8,0x7A,0x9F,0x7B,0x33,0x7C,0x73,0x7C,0x63,0x7C,0x04,0x7C,0x59,0x7B,
  0x66,0x7A,0x2D,0x79,0xB1,0x77,0xF7,0x75,0x01,0x74,0xD4,0x71,0x73,0x6F,0xE3,0x6C,
  0x27,0x6A,0x43,0x67,0x3C,0x64,0x14,0x61,0xD1,0x5D,0x75,0x5A,0x04,0x57,0x82,0x53,
  0xF2,0x4F,0x56,0x4C,0xB2,0x48,0x09,0x45,0x5C,0x41,0xAF,0x3D,0x02,0x3A,0x58,0x36,
  0xB2,0x32,0x11,0x2F,0x77,0x2B,0xE3,0x27,0x57,0x24,0xD2,0x20,0x55,0x1D,0xDF,0x19,
  0x70,0x16,0x07,0x13,0xA4,0x0F,0x46,0x0C,0xED,0x08,0x96,0x05,0x41,0x02,0xEE,0xFE,
  0x99,0xFB,0x43,0xF8,0xEA,0xF4,0x8E,0xF1,0x2D,0xEE,0xC7,0xEA,0x5A,0xE7,0xE7,0xE3,
  0x6C,0xE0,0xEA,0xDC,0x60,0xD9,0xCF,0xD5,0x37,0xD2,0x98,0xCE,0xF4,0xCA,0x4B,0xC7,
  0x9F,0xC3,0xF2,0xBF,0x45,0xBC,0x9A,0xB8,0xF4,0xB4,0x55,0xB1,0xC0,0xAD,0x39,0xAA,
  0xC1,0xA6,0x5E,0xA3,0x11,0xA0,0xDF,0x9C,0xCC,0x99,0xDB,0x96,0x10,0x94,0x70,0x91,
  0xFE,0x8E,0xBE,0x8C,0xB5,0x8A,0xE5,0x88,0x52,0x87,0x01,0x86,0xF5,0x84,0x30,0x84,
  0xB6,0x83,0x8A,0x83,0xAD,0x83,0x23,0x84,0xEC,0x84,0x0C,0x86,0x82,0x87,0x4F,0x89,
  0x74,0x8B,0xF2,0x8D,0xC7,0x90,0xF2,0x93,0x73,0x97,0x48,0x9B,0x6F,0x9F,0xE6,0xA3,
  0xA9,0xA8,0xB6,0xAD,0x08,0xB3,0x9C,0xB8,0x6E,0xBE,0x78,0xC4,0xB7,0xCA,0x24,0xD1,
  0xBB,0xD7,0x76,0xDE,0x4E,0xE5,0x3E,0xEC,0x40,0xF3,0x4D,0xFA,0x5E,0x01,0x6F,0x08,
  0x78,0x0F,0x74,0x16,0x5C,0x1D,0x29,0x24,0xD6,0x2A,0x5E,0x31,0xBA,0x37,0xE5,0x3D,
  0xDA,0x43,0x94,0x49,0x0F,0x4F,0x47,0x54,0x38,0x59,0xDE,0x5D,0x36,0x62,0x3D,0x66,
  0xF2,0x69,0x52,0x6D,0x5C,0x70,0x0F,0x73,0x6B,0x75,0x6E,0x77,0x1A,0x79,0x6E,0x7A,
  0x6C,0x7B,0x15,0x7C,0x6A,0x7C,0x6F,0x7C,0x24,0x7C,0x8D,0x7B,0xAC,0x7A,0x84,0x79,
  0x19,0x78,0x6F,0x76,0x88,0x74,0x69,0x72,0x15,0x70,0x91,0x6D,0xE0,0x6A,0x06,0x68,
  0x07,0x65,0xE8,0x61,0xAB,0x5E,0x55,0x5B,0xE9,0x57,0x6B,0x54,0xDE,0x50,0x45,0x4D,
  0xA3,0x49,0xFB,0x45,0x4F,0x42,0xA2,0x3E,0xF5,0x3A,0x4A,0x37,0xA3,0x33,0x01,0x30,
  0x64,0x2C,0xCF,0x28,0x40,0x25,0xBA,0x21,0x3A,0x1E,0xC3,0x1A,0x52,0x17,0xE8,0x13,
  0x84,0x10,0x24,0x0D,0xCA,0x09,0x72,0x06,0x1D,0x03,0xCA,0xFF,0x75,0xFC,0x20,0xF9,
  0xC8,0xF5,0x6C,0xF2,0x0D,0xEF,0xA8,0xEB,0x3D,0xE8,0xCB,0xE4,0x53,0xE1,0xD2,0xDD,
  0x4B,0xDA,0xBB,0xD6,0x25,0xD3,0x88,0xCF,0xE5,0xCB,0x3D,0xC8,0x92,0xC4,0xE5,0xC0,
  0x37,0xBD,0x8C,0xB9,0xE4,0xB5,0x43,0xB2,0xAC,0xAE,0x21,0xAB,0xA5,0xA7,0x3B,0xA4,
  0xE9,0xA0,0xAF,0x9D,0x94,0x9A,0x9A,0x97,0xC5,0x94,0x19,0x92,0x9B,0x8F,0x4E,0x8D,
  0x36,0x8B,0x57,0x89,0xB4,0x87,0x52,0x86,0x33,0x85,0x5C,0x84,0xCE,0x83,0x8D,0x83,
  0x9C,0x83,0xFC,0x83,0xB0,0x84,0xB9,0x85,0x19,0x87,0xD0,0x88,0xDE,0x8A,0x45,0x8D,
  0x03,0x90,0x18,0x93,0x84,0x96,0x43,0x9A,0x55,0x9E,0xB8,0xA2,0x67,0xA7,0x61,0xAC,
  0xA2,0xB1,0x25,0xB7,0xE8,0xBC,0xE4,0xC2,0x16,0xC9,0x78,0xCF,0x04,0xD6,0xB6,0xDC,
  0x87,0xE3,0x72,0xEA,0x6F,0xF1,0x7A,0xF8,0x8C,0xFF,0x9D,0x06,0xA9,0x0D,0xA8,0x14,
  0x96,0x1B,0x6A,0x22,0x21,0x29,0xB2,0x2F,0x1A,0x36,0x52,0x3C,0x56,0x42,0x20,0x48,
  0xAC,0x4D,0xF5,0x52,0xF8,0x57,0xB2,0x5C,0x1E,0x61,0x3B,0x65,0x05,0x69,0x7B,0x6C,
  0x9C,0x6F,0x65,0x72,0xD7,0x74,0xF1,0x76,0xB4,0x78,0x1E,0x7A,0x32,0x7B,0xF1,0x7B,
  0x5C,0x7C,0x75,0x7C,0x3F,0x7C,0xBB,0x7B,0xED,0x7A,0xD7,0x79,0x7D,0x78,0xE3,0x76,
  0x0B,0x75,0xFA,0x72,0xB4,0x70,0x3C,0x6E,0x96,0x6B,0xC6,0x68,0xD0,0x65,0xB9,0x62,
  0x83,0x5F,0x34,0x5C,0xCD,0x58,0x54,0x55,0xCA,0x51,0x34,0x4E,0x94,0x4A,0xED,0x46,
  0x42,0x43,0x95,0x3F,0xE7,0x3B,0x3C,0x38,0x94,0x34,0xF0,0x30,0x52,0x2D,0xBB,0x29,
  0x2B,0x26,0xA2,0x22,0x21,0x1F,0xA7,0x1B,0x34,0x18,0xC9,0x14,0x63,0x11,0x03,0x0E,
  0xA7,0x0A,0x4F,0x07,0xF9,0x03,0xA4,0x00,0x51,0xFD,0xFC,0xF9,0xA5,0xF6,0x4B,0xF3,
  0xEC,0xEF,0x89,0xEC,0x1F,0xE9,0xB0,0xE5,0x39,0xE2,0xBA,0xDE,0x34,0xDB,0xA7,0xD7,
  0x12,0xD4,0x77,0xD0,0xD6,0xCC,0x2F,0xC9,0x85,0xC5,0xD8,0xC1,0x2A,0xBE,0x7E,0xBA,
  0xD5,0xB6,0x32,0xB3,0x98,0xAF,0x09,0xAC,0x89,0xA8,0x1B,0xA5,0xC2,0xA1,0x82,0x9E,
  0x5E,0x9B,0x5B,0x98,0x7C,0x95,0xC6,0x92,0x3B,0x90,0xE1,0x8D,0xBB,0x8B,0xCD,0x89,
  0x1A,0x88,0xA7,0x86,0x77,0x85,0x8C,0x84,0xEB,0x83,0x97,0x83,0x91,0x83,0xDC,0x83,
  0x7A,0x84,0x6D,0x85,0xB6,0x86,0x56,0x88,0x4E,0x8A,0x9E,0x8C,0x46,0x8F,0x44,0x92,
  0x9A,0x95,0x44,0x99,0x41,0x9D,0x8F,0xA1,0x2A,0xA6,0x12,0xAB,0x40,0xB0,0xB3,0xB5,
  0x65,0xBB,0x53,0xC1,0x78,0xC7,0xCE,0xCD,0x50,0xD4,0xF9,0xDA,0xC2,0xE1,0xA7,0xE8,
  0xA0,0xEF,0xA8,0xF6,0xB8,0xFD,0xCA,0x04,0xD8,0x0B,0xDB,0x12,0xCE,0x19,0xAA,0x20,
  0x68,0x27,0x04,0x2E,0x77,0x34,0xBC,0x3A,0xCE,0x40,0xA7,0x46,0x43,0x4C,0x9E,0x51,
  0xB4,0x56,0x81,0x5B,0x02,0x60,0x33,0x64,0x13,0x68,0x9F,0x6B,0xD6,0x6E,0xB6,0x71,
  0x3E,0x74,0x6F,0x76,0x48,0x78,0xC9,0x79,0xF3,0x7A,0xC8,0x7B,0x48,0x7C,0x76,0x7C,
  0x54,0x7C,0xE4,0x7B,0x29,0x7B,0x25,0x7A,0xDD,0x78,0x53,0x77,0x8B,0x75,0x88,0x73,
  0x4F,0x71,0xE3,0x6E,0x49,0x6C,0x83,0x69,0x97,0x66,0x88,0x63,0x5A,0x60,0x11,0x5D,
  0xB0,0x59,0x3B,0x56,0xB5,0x52,0x22,0x4F,0x84,0x4B,0xDF,0x47,0x35,0x44,0x88,0x40,
  0xDA,0x3C,0x2E,0x39,0x85,0x35,0xE0,0x31,0x41,0x2E,0xA7,0x2A,0x15,0x27,0x8B,0x23,
  0x07,0x20,0x8C,0x1C,0x18,0x19,0xAA,0x15,0x43,0x12,0xE1,0x0E,0x84,0x0B,0x2B,0x08,
  0xD5,0x04,0x80,0x01,0x2D,0xFE,0xD8,0xFA,0x82,0xF7,0x28,0xF4,0xCB,0xF0,0x69,0xED,
  0x01,0xEA,0x93,0xE6,0x1E,0xE3,0xA2,0xDF,0x1E,0xDC,0x92,0xD8,0x00,0xD5,0x66,0xD1,
  0xC6,0xCD,0x21,0xCA,0x77,0xC6,0xCB,0xC2,0x1D,0xBF,0x70,0xBB,0xC6,0xB7,0x22,0xB4,
  0x85,0xB0,0xF3,0xAC,0x6F,0xA9,0xFC,0xA5,0x9D,0xA2,0x56,0x9F,0x2B,0x9C,0x1F,0x99,
  0x36,0x96,0x75,0x93,0xDF,0x90,0x78,0x8E,0x44,0x8C,0x47,0x8A,0x84,0x88,0x00,0x87,
  0xBF,0x85,0xC2,0x84,0x0E,0x84,0xA5,0x83,0x8A,0x83,0xC0,0x83,0x49,0x84,0x26,0x85,
  0x58,0x86,0xE2,0x87,0xC3,0x89,0xFD,0x8B,0x8E,0x8E,0x76,0x91,0xB5,0x94,0x4A,0x98,
  0x31,0x9C,0x6B,0xA0,0xF3,0xA4,0xC7,0xA9,0xE3,0xAE,0x45,0xB4,0xE7,0xB9,0xC6,0xBF,
  0xDD,0xC5,0x27,0xCC,0x9E,0xD2,0x3D,0xD9,0xFF,0xDF,0xDD,0xE6,0xD2,0xED,0xD6,0xF4,
  0xE5,0xFB,0xF7,0x02,0x07,0x0A,0x0D,0x11,0x05,0x18,0xE7,0x1E,0xAE,0x25,0x53,0x2C,
  0xD1,0x32,0x23,0x39,0x42,0x3F,0x2A,0x45,0xD7,0x4A,0x43,0x50,0x6B,0x55,0x4B,0x5A,
  0xE0,0x5E,0x26,0x63,0x1B,0x67,0xBD,0x6A,0x0A,0x6E,0x00,0x71,0x9F,0x73,0xE7,0x75,
  0xD6,0x77,0x6E,0x79,0xAF,0x7A,0x99,0x7B,0x2F,0x7C,0x72,0x7C,0x65,0x7C,0x08,0x7C,
  0x60,0x7B,0x6F,0x7A,0x38,0x79,0xBF,0x77,0x06,0x76,0x12,0x74,0xE7,0x71,0x88,0x6F,
  0xF9,0x6C,0x3E,0x6A,0x5C,0x67,0x55,0x64,0x2F,0x61,0xEC,0x5D,0x91,0x5A,0x21,0x57,
  0x9F,0x53,0x0F,0x50,0x74,0x4C,0xD0,0x48,0x27,0x45,0x7B,0x41,0xCD,0x3D,0x20,0x3A,
  0x76,0x36,0xD0,0x32,0x2F,0x2F,0x95,0x2B,0x01,0x28,0x74,0x24,0xEF,0x20,0x71,0x1D,
  0xFB,0x19,0x8C,0x16,0x23,0x13,0xC0,0x0F,0x62,0x0C,0x08,0x09,0xB1,0x05,0x5C,0x02,
  0x09,0xFF,0xB5,0xFB,0x5F,0xF8,0x06,0xF5,0xAA,0xF1,0x49,0xEE,0xE3,0xEA,0x76,0xE7,
  0x03,0xE4,0x89,0xE0,0x07,0xDD,0x7D,0xD9,0xEC,0xD5,0x54,0xD2,0xB6,0xCE,0x12,0xCB,
  0x69,0xC7,0xBE,0xC3,0x10,0xC0,0x63,0xBC,0xB8,0xB8,0x12,0xB5,0x73,0xB1,0xDE,0xAD,
  0x56,0xAA,0xDE,0xA6,0x79,0xA3,0x2C,0xA0,0xF9,0x9C,0xE5,0x99,0xF3,0x96,0x27,0x94,
  0x85,0x91,0x12,0x8F,0xD0,0x8C,0xC4,0x8A,0xF3,0x88,0x5E,0x87,0x0B,0x86,0xFC,0x84,
  0x35,0x84,0xB9,0x83,0x8A,0x83,0xAB,0x83,0x1E,0x84,0xE5,0x84,0x01,0x86,0x74,0x87,
  0x3F,0x89,0x61,0x8B,0xDC,0x8D,0xAE,0x90,0xD7,0x93,0x55,0x97,0x28,0x9B,0x4C,0x9F,
  0xC0,0xA3,0x81,0xA8,0x8B,0xAD,0xDB,0xB2,0x6D,0xB8,0x3D,0xBE,0x46,0xC4,0x83,0xCA,
  0xEF,0xD0,0x84,0xD7,0x3E,0xDE,0x15,0xE5,0x04,0xEC,0x06,0xF3,0x12,0xFA,0x24,0x01,
  0x35,0x08,0x3E,0x0F,0x3B,0x16,0x23,0x1D,0xF1,0x23,0xA0,0x2A,0x28,0x31,0x86,0x37,
  0xB3,0x3D,0xAA,0x43,0x66,0x49,0xE3,0x4E,0x1D,0x54,0x10,0x59,0xB8,0x5D,0x13,0x62,
  0x1D,0x66,0xD5,0x69,0x38,0x6D,0x45,0x70,0xFB,0x72,0x59,0x75,0x5F,0x77,0x0D,0x79,
  0x64,0x7A,0x65,0x7B,0x11,0x7C,0x69,0x7C,0x70,0x7C,0x27,0x7C,0x93,0x7B,0xB4,0x7A,
  0x8F,0x79,0x26,0x78,0x7E,0x76,0x99,0x74,0x7B,0x72,0x29,0x70,0xA6,0x6D,0xF7,0x6A,
  0x1E,0x68,0x21,0x65,0x02,0x62,0xC6,0x5E,0x71,0x5B,0x06,0x58,0x88,0x54,0xFC,0x50,
  0x63,0x4D,0xC1,0x49,0x19,0x46,0x6E,0x42,0xC0,0x3E,0x13,0x3B,0x68,0x37,0xC1,0x33,
  0x1E,0x30,0x82,0x2C,0xEC,0x28,0x5E,0x25,0xD7,0x21,0x57,0x1E,0xDF,0x1A,0x6E,0x17,
  0x04,0x14,0x9F,0x10,0x40,0x0D,0xE5,0x09,0x8E,0x06,0x38,0x03,0xE5,0xFF,0x91,0xFC,
  0x3B,0xF9,0xE3,0xF5,0x88,0xF2,0x29,0xEF,0xC4,0xEB,0x59,0xE8,0xE8,0xE4,0x6F,0xE1,
  0xEF,0xDD,0x68,0xDA,0xD9,0xD6,0x43,0xD3,0xA6,0xCF,0x03,0xCC,0x5B,0xC8,0xB0,0xC4,
  0x03,0xC1,0x56,0xBD,0xAA,0xB9,0x02,0xB6,0x61,0xB2,0xC9,0xAE,0x3E,0xAB,0xC1,0xA7,
  0x57,0xA4,0x04,0xA1,0xCA,0x9D,0xAD,0x9A,0xB2,0x97,0xDC,0x94,0x2F,0x92,0xAF,0x8F,
  0x60,0x8D,0x46,0x8B,0x65,0x89,0xC1,0x87,0x5C,0x86,0x3B,0x85,0x62,0x84,0xD2,0x83,
  0x8E,0x83,0x9A,0x83,0xF8,0x83,0xA9,0x84,0xAF,0x85,0x0C,0x87,0xC0,0x88,0xCC,0x8A,
  0x30,0x8D,0xEB,0x8F,0xFE,0x92,0x66,0x96,0x23,0x9A,0x33,0x9E,0x92,0xA2,0x3F,0xA7,
  0x37,0xAC,0x75,0xB1,0xF7,0xB6,0xB7,0xBC,0xB2,0xC2,0xE2,0xC8,0x42,0xCF,0xCE,0xD5,
  0x7E,0xDC,0x4E,0xE3,0x38,0xEA,0x35,0xF1,0x40,0xF8,0x51,0xFF,0x62,0x06,0x6F,0x0D,
  0x6F,0x14,0x5D,0x1B,0x32,0x22,0xEA,0x28,0x7D,0x2F,0xE6,0x35,0x20,0x3C,0x25,0x42,
  0xF1,0x47,0x7F,0x4D,0xCB,0x52,0xD0,0x57,0x8C,0x5C,0xFB,0x60,0x1A,0x65,0xE7,0x68,
  0x60,0x6C,0x83,0x6F,0x50,0x72,0xC5,0x74,0xE2,0x76,0xA6,0x78,0x14,0x7A,0x2B,0x7B,
  0xEC,0x7B,0x5A,0x7C,0x76,0x7C,0x42,0x7C,0xC0,0x7B,0xF4,0x7A,0xE1,0x79,0x89,0x78,
  0xF1,0x76,0x1B,0x75,0x0C,0x73,0xC7,0x70,0x51,0x6E,0xAC,0x6B,0xDE,0x68,0xE9,0x65,
  0xD3,0x62,0x9E,0x5F,0x4F,0x5C,0xEA,0x58,0x70,0x55,0xE7,0x51,0x52,0x4E,0xB2,0x4A,
  0x0B,0x47,0x60,0x43,0xB3,0x3F,0x06,0x3C,0x5A,0x38,0xB2,0x34,0x0E,0x31,0x70,0x2D,
  0xD8,0x29,0x48,0x26,0xBF,0x22,0x3D,0x1F,0xC4,0x1B,0x51,0x18,0xE5,0x14,0x7F,0x11,
  0x1F,0x0E,0xC3,0x0A,0x6A,0x07,0x14,0x04,0xC0,0x00,0x6D,0xFD,0x18,0xFA,0xC0,0xF6,
  0x66,0xF3,0x08,0xF0,0xA5,0xEC,0x3C,0xE9,0xCC,0xE5,0x55,0xE2,0xD7,0xDE,0x52,0xDB,
  0xC5,0xD7,0x30,0xD4,0x95,0xD0,0xF4,0xCC,0x4D,0xC9,0xA3,0xC5,0xF6,0xC1,0x49,0xBE,
  0x9C,0xBA,0xF3,0xB6,0x50,0xB3,0xB6,0xAF,0x26,0xAC,0xA6,0xA8,0x37,0xA5,0xDD,0xA1,
  0x9C,0x9E,0x78,0x9B,0x73,0x98,0x93,0x95,0xDB,0x92,0x4F,0x90,0xF4,0x8D,0xCC,0x8B,
  0xDC,0x89,0x27,0x88,0xB2,0x86,0x7F,0x85,0x93,0x84,0xEF,0x83,0x98,0x83,0x90,0x83,
  0xD8,0x83,0x73,0x84,0x63,0x85,0xAA,0x86,0x47,0x88,0x3C,0x8A,0x89,0x8C,0x2E,0x8F,
  0x2A,0x92,0x7D,0x95,0x24,0x99,0x1F,0x9D,0x6A,0xA1,0x03,0xA6,0xE8,0xAA,0x14,0xB0,
  0x85,0xB5,0x35,0xBB,0x21,0xC1,0x44,0xC7,0x99,0xCD,0x19,0xD4,0xC1,0xDA,0x8A,0xE1,
  0x6D,0xE8,0x66,0xEF,0x6E,0xF6,0x7E,0xFD,0x8F,0x04,0x9E,0x0B,0xA2,0x12,0x95,0x19,
  0x72,0x20,0x31,0x27,0xCE,0x2D,0x43,0x34,0x89,0x3A,0x9C,0x40,0x78,0x46,0x16,0x4C,
  0x73,0x51,0x8B,0x56,0x5B,0x5B,0xDE,0x5F,0x12,0x64,0xF4,0x67,0x83,0x6B,0xBC,0x6E,
  0x9F,0x71,0x2B,0x74,0x5E,0x76,0x3A,0x78,0xBE,0x79,0xEB,0x7A,0xC3,0x7B,0x46,0x7C,
  0x76,0x7C,0x56,0x7C,0xE9,0x7B,0x30,0x7B,0x2F,0x7A,0xE8,0x78,0x60,0x77,0x9A,0x75,
  0x9A,0x73,0x62,0x71,0xF8,0x6E,0x5F,0x6C,0x9B,0x69,0xB0,0x66,0xA2,0x63,0x75,0x60,
  0x2C,0x5D,0xCC,0x59,0x58,0x56,0xD2,0x52,0x40,0x4F,0xA2,0x4B,0xFD,0x47,0x53,0x44,
  0xA6,0x40,0xF9,0x3C,0x4C,0x39,0xA3,0x35,0xFE,0x31,0x5E,0x2E,0xC5,0x2A,0x33,0x27,
  0xA8,0x23,0x24,0x20,0xA8,0x1C,0x34,0x19,0xC6,0x15,0x5F,0x12,0xFD,0x0E,0xA0,0x0B,
  0x47,0x08,0xF1,0x04,0x9C,0x01,0x49,0xFE,0xF4,0xFA,0x9D,0xF7,0x44,0xF4,0xE7,0xF0,
  0x85,0xED,0x1E,0xEA,0xB0,0xE6,0x3B,0xE3,0xBF,0xDF,0x3B,0xDC,0xB0,0xD8,0x1D,0xD5,
  0x84,0xD1,0xE4,0xCD,0x3F,0xCA,0x95,0xC6,0xE9,0xC2,0x3C,0xBF,0x8F,0xBB,0xE5,0xB7,
  0x40,0xB4,0xA3,0xB0,0x10,0xAD,0x8C,0xA9,0x18,0xA6,0xB8,0xA2,0x70,0x9F,0x44,0x9C,
  0x37,0x99,0x4E,0x96,0x8B,0x93,0xF3,0x90,0x8B,0x8E,0x55,0x8C,0x56,0x8A,0x92,0x88,
  0x0C,0x87,0xC8,0x85,0xC9,0x84,0x12,0x84,0xA7,0x83,0x8A,0x83,0xBD,0x83,0x43,0x84,
  0x1D,0x85,0x4D,0x86,0xD4,0x87,0xB2,0x89,0xE9,0x8B,0x77,0x8E,0x5D,0x91,0x99,0x94,
  0x2B,0x98,0x10,0x9C,0x46,0xA0,0xCC,0xA4,0x9E,0xA9,0xB8,0xAE,0x17,0xB4,0xB8,0xB9,
  0x95,0xBF,0xAA,0xC5,0xF2,0xCB,0x68,0xD2,0x06,0xD9,0xC7,0xDF,0xA4,0xE6,0x98,0xED,
  0x9C,0xF4,0xAB,0xFB,0xBC,0x02,0xCC,0x09,0xD4,0x10,0xCC,0x17,0xAF,0x1E,0x77,0x25,
  0x1D,0x2C,0x9C,0x32,0xEF,0x38,0x10,0x3F,0xFA,0x44,0xA9,0x4A,0x17,0x50,0x42,0x55,
  0x24,0x5A,0xBB,0x5E,0x04,0x63,0xFB,0x66,0xA0,0x6A,0xF0,0x6D,0xE9,0x70,0x8B,0x73,
  0xD5,0x75,0xC8,0x77,0x62,0x79,0xA6,0x7A,0x93,0x7B,0x2C,0x7C,0x71,0x7C,0x66,0x7C,
  0x0C,0x7C,0x67,0x7B,0x78,0x7A,0x43,0x79,0xCC,0x77,0x15,0x76,0x23,0x74,0xFA,0x71,
  0x9C,0x6F,0x0F,0x6D,0x56,0x6A,0x74,0x67,0x6F,0x64,0x49,0x61,0x08,0x5E,0xAD,0x5A,
  0x3E,0x57,0xBC,0x53,0x2D,0x50,0x92,0x4C,0xEF,0x48,0x45,0x45,0x99,0x41,0xEC,0x3D,
  0x3F,0x3A,0x95,0x36,0xEE,0x32,0x4D,0x2F,0xB2,0x2B,0x1E,0x28,0x91,0x24,0x0C,0x21,
  0x8E,0x1D,0x18,0x1A,0xA8,0x16,0x3F,0x13,0xDC,0x0F,0x7E,0x0C,0x24,0x09,0xCD,0x05,
  0x78,0x02,0x25,0xFF,0xD0,0xFB,0x7A,0xF8,0x22,0xF5,0xC6,0xF1,0x65,0xEE,0xFF,0xEA,
  0x93,0xE7,0x20,0xE4,0xA6,0xE0,0x24,0xDD,0x9B,0xD9,0x0A,0xD6,0x72,0xD2,0xD4,0xCE,
  0x30,0xCB,0x88,0xC7,0xDC,0xC3,0x2F,0xC0,0x81,0xBC,0xD6,0xB8,0x30,0xB5,0x91,0xB1,
  0xFB,0xAD,0x73,0xAA,0xFA,0xA6,0x95,0xA3,0x47,0xA0,0x13,0x9D,0xFE,0x99,0x0A,0x97,
  0x3D,0x94,0x9A,0x91,0x25,0x8F,0xE2,0x8C,0xD4,0x8A,0x01,0x89,0x6A,0x87,0x15,0x86,
  0x04,0x85,0x3A,0x84,0xBC,0x83,0x8A,0x83,0xA8,0x83,0x19,0x84,0xDD,0x84,0xF6,0x85,
  0x67,0x87,0x2F,0x89,0x4E,0x8B,0xC6,0x8D,0x95,0x90,0xBB,0x93,0x37,0x97,0x07,0x9B,
  0x28,0x9F,0x9A,0xA3,0x58,0xA8,0x60,0xAD,0xAE,0xB2,0x3E,0xB8,0x0C,0xBE,0x13,0xC4,
  0x4E,0xCA,0xB9,0xD0,0x4D,0xD7,0x06,0xDE,0xDC,0xE4,0xCB,0xEB,0xCB,0xF2,0xD8,0xF9,
  0xE9,0x00,0xFA,0x07,0x05,0x0F,0x01,0x16,0xEA,0x1C,0xBA,0x23,0x69,0x2A,0xF3,0x30,
  0x52,0x37,0x80,0x3D,0x79,0x43,0x38,0x49,0xB7,0x4E,0xF3,0x53,0xE8,0x58,0x93,0x5D,
  0xF0,0x61,0xFD,0x65,0xB7,0x69,0x1D,0x6D,0x2D,0x70,0xE6,0x72,0x46,0x75,0x4F,0x77,
  0x01,0x79,0x5A,0x7A,0x5E,0x7B,0x0C,0x7C,0x67,0x7C,0x71,0x7C,0x2B,0x7C,0x99,0x7B,
  0xBC,0x7A,0x99,0x79,0x33,0x78,0x8C,0x76,0xA9,0x74,0x8E,0x72,0x3D,0x70,0xBC,0x6D,
  0x0E,0x6B,0x36,0x68,0x3A,0x65,0x1C,0x62,0xE1,0x5E,0x8D,0x5B,0x22,0x58,0xA5,0x54,
  0x19,0x51,0x81,0x4D,0xE0,0x49,0x38,0x46,0x8C,0x42,0xDE,0x3E,0x31,0x3B,0x86,0x37,
  0xDF,0x33,0x3C,0x30,0xA0,0x2C,0x0A,0x29,0x7B,0x25,0xF4,0x21,0x74,0x1E,0xFC,0x1A,
  0x8A,0x17,0x20,0x14,0xBB,0x10,0x5C,0x0D,0x01,0x0A,0xA9,0x06,0x54,0x03,0x00,0x00,
  0xAC,0xFC,0x57,0xF9,0xFF,0xF5,0xA4,0xF2,0x45,0xEF,0xE0,0xEB,0x76,0xE8,0x04,0xE5,
  0x8C,0xE1,0x0C,0xDE,0x85,0xDA,0xF6,0xD6,0x60,0xD3,0xC4,0xCF,0x21,0xCC,0x7A,0xC8,
  0xCF,0xC4,0x22,0xC1,0x74,0xBD,0xC8,0xB9,0x20,0xB6,0x7F,0xB2,0xE7,0xAE,0x5B,0xAB,
  0xDE,0xA7,0x73,0xA4,0x1F,0xA1,0xE4,0x9D,0xC6,0x9A,0xCA,0x97,0xF2,0x94,0x44,0x92,
  0xC3,0x8F,0x72,0x8D,0x57,0x8B,0x74,0x89,0xCD,0x87,0x67,0x86,0x44,0x85,0x67,0x84,
  0xD5,0x83,0x8F,0x83,0x99,0x83,0xF4,0x83,0xA2,0x84,0xA6,0x85,0xFF,0x86,0xB1,0x88,
  0xBA,0x8A,0x1A,0x8D,0xD3,0x8F,0xE3,0x92,0x49,0x96,0x03,0x9A,0x10,0x9E,0x6D,0xA2,
  0x18,0xA7,0x0D,0xAC,0x49,0xB1,0xC8,0xB6,0x87,0xBC,0x80,0xC2,0xAE,0xC8,0x0D,0xCF,
  0x97,0xD5,0x46,0xDC,0x16,0xE3,0xFF,0xE9,0xFB,0xF0,0x06,0xF8,0x17,0xFF,0x28,0x06,
  0x35,0x0D,0x35,0x14,0x24,0x1B,0xFA,0x21,0xB3,0x28,0x47,0x2F,0xB2,0x35,0xED,0x3B,
  0xF4,0x41,0xC2,0x47,0x52,0x4D,0xA0,0x52,0xA8,0x57,0x66,0x5C,0xD8,0x60,0xF9,0x64,
  0xC9,0x68,0x45,0x6C,0x6B,0x6F,0x3A,0x72,0xB2,0x74,0xD1,0x76,0x99,0x78,0x0A,0x7A,
  0x23,0x7B,0xE7,0x7B,0x58,0x7C,0x76,0x7C,0x44,0x7C,0xC6,0x7B,0xFC,0x7A,0xEB,0x79,
  0x96,0x78,0xFF,0x76,0x2C,0x75,0x1E,0x73,0xDB,0x70,0x66,0x6E,0xC3,0x6B,0xF6,0x68,
  0x02,0x66,0xED,0x62,0xB9,0x5F,0x6B,0x5C,0x06,0x59,0x8D,0x55,0x05,0x52,0x6F,0x4E,
  0xD0,0x4A,0x2A,0x47,0x7F,0x43,0xD1,0x3F,0x24,0x3C,0x78,0x38,0xD0,0x34,0x2C,0x31,
  0x8E,0x2D,0xF6,0x29,0x65,0x26,0xDC,0x22,0x5A,0x1F,0xE0,0x1B,0x6D,0x18,0x01,0x15,
  0x9B,0x11,0x3A,0x0E,0xDE,0x0A,0x86,0x07,0x30,0x04,0xDB,0x00,0x88,0xFD,0x33,0xFA,
  0xDC,0xF6,0x82,0xF3,0x24,0xF0,0xC1,0xEC,0x58,0xE9,0xE8,0xE5,0x72,0xE2,0xF4,0xDE,
  0x6F,0xDB,0xE2,0xD7,0x4E,0xD4,0xB3,0xD0,0x12,0xCD,0x6B,0xC9,0xC1,0xC5,0x14,0xC2,
  0x67,0xBE,0xBB,0xBA,0x11,0xB7,0x6E,0xB3,0xD3,0xAF,0x44,0xAC,0xC2,0xA8,0x53,0xA5,
  0xF8,0xA1,0xB7,0x9E,0x91,0x9B,0x8C,0x98,0xAA,0x95,0xF1,0x92,0x64,0x90,0x06,0x8E,
  0xDD,0x8B,0xEB,0x89,0x34,0x88,0xBD,0x86,0x88,0x85,0x99,0x84,0xF4,0x83,0x9A,0x83,
  0x8F,0x83,0xD4,0x83,0x6D,0x84,0x5A,0x85,0x9E,0x86,0x38,0x88,0x2B,0x8A,0x75,0x8C,
  0x17,0x8F,0x10,0x92,0x60,0x95,0x05,0x99,0xFC,0x9C,0x45,0xA1,0xDC,0xA5,0xBE,0xAA,
  0xE9,0xAF,0x57,0xB5,0x06,0xBB,0xF0,0xC0,0x11,0xC7,0x64,0xCD,0xE3,0xD3,0x89,0xDA,
  0x51,0xE1,0x34,0xE8,0x2C,0xEF,0x34,0xF6,0x44,0xFD,0x55,0x04,0x64,0x0B,0x68,0x12,
  0x5C,0x19,0x39,0x20,0xFA,0x26,0x98,0x2D,0x0E,0x34,0x56,0x3A,0x6B,0x40,0x48,0x46,
  0xE9,0x4B,0x48,0x51,0x62,0x56,0x34,0x5B,0xBA,0x5F,0xF0,0x63,0xD5,0x67,0x67,0x6B,
  0xA3,0x6E,0x89,0x71,0x17,0x74,0x4E,0x76,0x2C,0x78,0xB3,0x79,0xE3,0x7A,0xBD,0x7B,
  0x43,0x7C,0x76,0x7C,0x59,0x7C,0xEE,0x7B,0x37,0x7B,0x38,0x7A,0xF4,0x78,0x6E,0x77,
  0xAA,0x75,0xAB,0x73,0x75,0x71,0x0D,0x6F,0x75,0x6C,0xB2,0x69,0xC9,0x66,0xBC,0x63,
  0x90,0x60,0x48,0x5D,0xE8,0x59,0x74,0x56,0xF0,0x52,0x5D,0x4F,0xC0,0x4B,0x1B,0x48,
  0x71,0x44,0xC4,0x40,0x17,0x3D,0x6B,0x39,0xC1,0x35,0x1C,0x32,0x7C,0x2E,0xE3,0x2A,
  0x50,0x27,0xC5,0x23,0x41,0x20,0xC5,0x1C,0x50,0x19,0xE2,0x15,0x7B,0x12,0x19,0x0F,
  0xBC,0x0B,0x63,0x08,0x0C,0x05,0xB7,0x01,0x64,0xFE,0x0F,0xFB,0xB9,0xF7,0x60,0xF4,
  0x03,0xF1,0xA1,0xED,0x3A,0xEA,0xCC,0xE6,0x58,0xE3,0xDC,0xDF,0x58,0xDC,0xCD,0xD8,
  0x3B,0xD5,0xA2,0xD1,0x02,0xCE,0x5D,0xCA,0xB4,0xC6,0x07,0xC3,0x5A,0xBF,0xAD,0xBB,
  0x03,0xB8,0x5E,0xB4,0xC0,0xB0,0x2E,0xAD,0xA8,0xA9,0x34,0xA6,0xD4,0xA2,0x8B,0x9F,
  0x5E,0x9C,0x50,0x99,0x65,0x96,0xA1,0x93,0x08,0x91,0x9E,0x8E,0x66,0x8C,0x66,0x8A,
  0xA0,0x88,0x18,0x87,0xD1,0x85,0xD0,0x84,0x17,0x84,0xAA,0x83,0x8A,0x83,0xBA,0x83,
  0x3D,0x84,0x15,0x85,0x42,0x86,0xC6,0x87,0xA2,0x89,0xD5,0x8B,0x61,0x8E,0x44,0x91,
  0x7D,0x94,0x0C,0x98,0xEE,0x9B,0x22,0xA0,0xA5,0xA4,0x75,0xA9,0x8D,0xAE,0xEA,0xB3,
  0x88,0xB9,0x64,0xBF,0x77,0xC5,0xBD,0xCB,0x32,0xD2,0xCF,0xD8,0x8E,0xDF,0x6B,0xE6,
  0x5E,0xED,0x62,0xF4,0x71,0xFB,0x82,0x02,0x92,0x09,0x9A,0x10,0x93,0x17,0x76,0x1E,
  0x3F,0x25,0xE7,0x2B,0x67,0x32,0xBC,0x38,0xDF,0x3E,0xCB,0x44,0x7B,0x4A,0xEC,0x4F,
  0x18,0x55,0xFD,0x59,0x96,0x5E,0xE1,0x62,0xDC,0x66,0x83,0x6A,0xD6,0x6D,0xD2,0x70,
  0x77,0x73,0xC4,0x75,0xB9,0x77,0x56,0x79,0x9D,0x7A,0x8D,0x7B,0x28,0x7C,0x70,0x7C,
  0x68,0x7C,0x11,0x7C,0x6D,0x7B,0x81,0x7A,0x4E,0x79,0xD9,0x77,0x24,0x76,0x34,0x74,
  0x0C,0x72,0xB1,0x6F,0x25,0x6D,0x6D,0x6A,0x8D,0x67,0x88,0x64,0x64,0x61,0x23,0x5E,
  0xC9,0x5A,0x5A,0x57,0xDA,0x53,0x4A,0x50,0xB0,0x4C,0x0D,0x49,0x64,0x45,0xB7,0x41,
  0x0A,0x3E,0x5D,0x3A,0xB3,0x36,0x0C,0x33,0x6B,0x2F,0xD0,0x2B,0x3B,0x28,0xAE,0x24,
  0x29,0x21,0xAB,0x1D,0x34,0x1A,0xC4,0x16,0x5B,0x13,0xF8,0x0F,0x9A,0x0C,0x40,0x09,
  0xE8,0x05,0x93,0x02,0x40,0xFF,0xEC,0xFB,0x96,0xF8,0x3D,0xF5,0xE1,0xF1,0x81,0xEE,
  0x1B,0xEB,0xAF,0xE7,0x3C,0xE4,0xC3,0xE0,0x41,0xDD,0xB8,0xD9,0x28,0xD6,0x90,0xD2,
  0xF2,0xCE,0x4E,0xCB,0xA6,0xC7,0xFA,0xC3,0x4D,0xC0,0xA0,0xBC,0xF5,0xB8,0x4E,0xB5,
  0xAE,0xB1,0x19,0xAE,0x90,0xAA,0x16,0xA7,0xB1,0xA3,0x62,0xA0,0x2D,0x9D,0x17,0x9A,
  0x22,0x97,0x54,0x94,0xAF,0x91,0x39,0x8F,0xF4,0x8C,0xE5,0x8A,0x0F,0x89,0x77,0x87,
  0x1F,0x86,0x0C,0x85,0x40,0x84,0xBE,0x83,0x8A,0x83,0xA6,0x83,0x14,0x84,0xD5,0x84,
  0xEC,0x85,0x5A,0x87,0x1E,0x89,0x3B,0x8B,0xB0,0x8D,0x7D,0x90,0xA0,0x93,0x19,0x97,
  0xE6,0x9A,0x05,0x9F,0x74,0xA3,0x30,0xA8,0x35,0xAD,0x81,0xB2,0x0F,0xB8,0xDB,0xBD,
  0xE0,0xC3,0x1A,0xCA,0x83,0xD0,0x16,0xD7,0xCE,0xDD,0xA3,0xE4,0x91,0xEB,0x91,0xF2,
  0x9E,0xF9,0xAF,0x00,0xC0,0x07,0xCB,0x0E,0xC8,0x15,0xB2,0x1C,0x82,0x23,0x32,0x2A,
  0xBE,0x30,0x1E,0x37,0x4E,0x3D,0x49,0x43,0x09,0x49,0x8B,0x4E,0xC9,0x53,0xC1,0x58,
  0x6E,0x5D,0xCD,0x61,0xDD,0x65,0x9A,0x69,0x02,0x6D,0x15,0x70,0xD0,0x72,0x34,0x75,
  0x40,0x77,0xF4,0x78,0x51,0x7A,0x57,0x7B,0x08,0x7C,0x66,0x7C,0x72,0x7C,0x2E,0x7C,
  0x9E,0x7B,0xC5,0x7A,0xA4,0x79,0x3F,0x78,0x9B,0x76,0xBA,0x74,0xA0,0x72,0x51,0x70,
  0xD1,0x6D,0x24,0x6B,0x4E,0x68,0x53,0x65,0x36,0x62,0xFC,0x5E,0xA9,0x5B,0x3F,0x58,
  0xC2,0x54,0x37,0x51,0x9F,0x4D,0xFE,0x49,0x56,0x46,0xAA,0x42,0xFD,0x3E,0x50,0x3B,
  0xA5,0x37,0xFD,0x33,0x5A,0x30,0xBD,0x2C,0x27,0x29,0x98,0x25,0x11,0x22,0x91,0x1E,
  0x18,0x1B,0xA7,0x17,0x3C,0x14,0xD7,0x10,0x78,0x0D,0x1D,0x0A,0xC5,0x06,0x6F,0x03,
  0x1B,0x00,0xC8,0xFC,0x72,0xF9,0x1B,0xF6,0xC0,0xF2,0x61,0xEF,0xFC,0xEB,0x92,0xE8,
  0x21,0xE5,0xA9,0xE1,0x29,0xDE,0xA2,0xDA,0x14,0xD7,0x7E,0xD3,0xE2,0xCF,0x3F,0xCC,
  0x98,0xC8,0xED,0xC4,0x40,0xC1,0x92,0xBD,0xE7,0xB9,0x3F,0xB6,0x9D,0xB2,0x04,0xAF,
  0x78,0xAB,0xFA,0xA7,0x8F,0xA4,0x3A,0xA1,0xFE,0x9D,0xDF,0x9A,0xE2,0x97,0x09,0x95,
  0x5A,0x92,0xD7,0x8F,0x85,0x8D,0x67,0x8B,0x82,0x89,0xDA,0x87,0x71,0x86,0x4C,0x85,
  0x6D,0x84,0xD9,0x83,0x90,0x83,0x97,0x83,0xEF,0x83,0x9B,0x84,0x9C,0x85,0xF3,0x86,
  0xA1,0x88,0xA7,0x8A,0x05,0x8D,0xBB,0x8F,0xC8,0x92,0x2B,0x96,0xE3,0x99,0xED,0x9D,
  0x48,0xA2,0xF0,0xA6,0xE3,0xAB,0x1D,0xB1,0x9A,0xB6,0x56,0xBC,0x4D,0xC2,0x7A,0xC8,
  0xD8,0xCE,0x60,0xD5,0x0F,0xDC,0xDD,0xE2,0xC5,0xE9,0xC2,0xF0,0xCB,0xF7,0xDC,0xFE,
  0xEE,0x05,0xFA,0x0C,0xFC,0x13,0xEB,0x1A,0xC2,0x21,0x7C,0x28,0x11,0x2F,0x7D,0x35,
  0xBA,0x3B,0xC3,0x41,0x93,0x47,0x25,0x4D,0x75,0x52,0x7F,0x57,0x40,0x5C,0xB4,0x60,
  0xD8,0x64,0xAB,0x68,0x29,0x6C,0x52,0x6F,0x24,0x72,0x9F,0x74,0xC1,0x76,0x8C,0x78,
  0xFF,0x79,0x1B,0x7B,0xE2,0x7B,0x55,0x7C,0x76,0x7C,0x47,0x7C,0xCB,0x7B,0x04,0x7B,
  0xF5,0x79,0xA2,0x78,0x0D,0x77,0x3C,0x75,0x30,0x73,0xEE,0x70,0x7B,0x6E,0xD9,0x6B,
  0x0D,0x69,0x1B,0x66,0x07,0x63,0xD4,0x5F,0x87,0x5C,0x22,0x59,0xAA,0x55,0x22,0x52,
  0x8D,0x4E,0xEE,0x4A,0x48,0x47,0x9D,0x43,0xF0,0x3F,0x42,0x3C,0x97,0x38,0xEE,0x34,
  0x4A,0x31,0xAC,0x2D,0x14,0x2A,0x83,0x26,0xF9,0x22,0x77,0x1F,0xFD,0x1B,0x8A,0x18,
  0x1D,0x15,0xB7,0x11,0x56,0x0E,0xFA,0x0A,0xA1,0x07,0x4B,0x04,0xF7,0x00,0xA4,0xFD,
  0x4F,0xFA,0xF8,0xF6,0x9E,0xF3,0x40,0xF0,0xDD,0xEC,0x74,0xE9,0x05,0xE6,0x8F,0xE2,
  0x11,0xDF,0x8C,0xDB,0xFF,0xD7,0x6B,0xD4,0xD1,0xD0,0x30,0xCD,0x8A,0xC9,0xE0,0xC5,
  0x33,0xC2,0x85,0xBE,0xD9,0xBA,0x30,0xB7,0x8C,0xB3,0xF1,0xAF,0x61,0xAC,0xDF,0xA8,
  0x6F,0xA5,0x14,0xA2,0xD1,0x9E,0xAB,0x9B,0xA4,0x98,0xC2,0x95,0x07,0x93,0x78,0x90,
  0x19,0x8E,0xEE,0x8B,0xFA,0x89,0x41,0x88,0xC8,0x86,0x91,0x85,0xA0,0x84,0xF8,0x83,
  0x9B,0x83,0x8E,0x83,0xD1,0x83,0x67,0x84,0x51,0x85,0x92,0x86,0x2A,0x88,0x19,0x8A,
  0x61,0x8C,0x00,0x8F,0xF6,0x91,0x43,0x95,0xE5,0x98,0xDA,0x9C,0x20,0xA1,0xB5,0xA5,
  0x95,0xAA,0xBD,0xAF,0x29,0xB5,0xD6,0xBA,0xBE,0xC0,0xDD,0xC6,0x2F,0xCD,0xAD,0xD3,
  0x52,0xDA,0x19,0xE1,0xFB,0xE7,0xF3,0xEE,0xF9,0xF5,0x09,0xFD,0x1B,0x04,0x2A,0x0B,
  0x2E,0x12,0x23,0x19,0x01,0x20,0xC3,0x26,0x62,0x2D,0xD9,0x33,0x23,0x3A,0x3A,0x40,
  0x19,0x46,0xBB,0x4B,0x1D,0x51,0x39,0x56,0x0D,0x5B,0x95,0x5F,0xCF,0x63,0xB6,0x67,
  0x4B,0x6B,0x8A,0x6E,0x72,0x71,0x03,0x74,0x3D,0x76,0x1E,0x78,0xA8,0x79,0xDA,0x7A,
  0xB7,0x7B,0x40,0x7C,0x76,0x7C,0x5B,0x7C,0xF2,0x7B,0x3E,0x7B,0x41,0x7A,0x00,0x79,
  0x7C,0x77,0xB9,0x75,0xBC,0x73,0x88,0x71,0x21,0x6F,0x8B,0x6C,0xCA,0x69,0xE1,0x66,
  0xD5,0x63,0xAA,0x60,0x63,0x5D,0x04,0x5A,0x91,0x56,0x0D,0x53,0x7B,0x4F,0xDE,0x4B,
  0x3A,0x48,0x90,0x44,0xE3,0x40,0x35,0x3D,0x89,0x39,0xDF,0x35,0x3A,0x32,0x9A,0x2E,
  0x00,0x2B,0x6E,0x27,0xE2,0x23,0x5E,0x20,0xE2,0x1C,0x6D,0x19,0xFF,0x15,0x97,0x12,
  0x35,0x0F,0xD8,0x0B,0x7E,0x08,0x28,0x05,0xD3,0x01,0x80,0xFE,0x2B,0xFB,0xD5,0xF7,
  0x7C,0xF4,0x1F,0xF1,0xBD,0xED,0x56,0xEA,0xE8,0xE6,0x74,0xE3,0xF9,0xDF,0x75,0xDC,
  0xEB,0xD8,0x59,0xD5,0xBF,0xD1,0x20,0xCE,0x7B,0xCA,0xD2,0xC6,0x26,0xC3,0x78,0xBF,
  0xCB,0xBB,0x21,0xB8,0x7C,0xB4,0xDE,0xB0,0x4B,0xAD,0xC5,0xA9,0x50,0xA6,0xEF,0xA2,
  0xA6,0x9F,0x78,0x9C,0x69,0x99,0x7D,0x96,0xB7,0x93,0x1D,0x91,0xB1,0x8E,0x78,0x8C,
  0x75,0x8A,0xAD,0x88,0x23,0x87,0xDB,0x85,0xD7,0x84,0x1C,0x84,0xAC,0x83,0x8A,0x83,
  0xB8,0x83,0x38,0x84,0x0D,0x85,0x37,0x86,0xB8,0x87,0x91,0x89,0xC2,0x8B,0x4A,0x8E,
  0x2A,0x91,0x61,0x94,0xED,0x97,0xCD,0x9B,0xFE,0x9F,0x7F,0xA4,0x4C,0xA9,0x62,0xAE,
  0xBD,0xB3,0x59,0xB9,0x32,0xBF,0x44,0xC5,0x89,0xCB,0xFC,0xD1,0x98,0xD8,0x56,0xDF,
  0x32,0xE6,0x25,0xED,0x28,0xF4,0x36,0xFB,0x48,0x02,0x58,0x09,0x60,0x10,0x59,0x17,
  0x3E,0x1E,0x07,0x25,0xB0,0x2B,0x32,0x32,0x88,0x38,0xAD,0x3E,0x9B,0x44,0x4D,0x4A,
  0xC0,0x4F,0xEE,0x54,0xD6,0x59,0x71,0x5E,0xBF,0x62,0xBC,0x66,0x66,0x6A,0xBC,0x6D,
  0xBA,0x70,0x62,0x73,0xB2,0x75,0xAA,0x77,0x4A,0x79,0x93,0x7A,0x86,0x7B,0x24,0x7C,
  0x6F,0x7C,0x69,0x7C,0x15,0x7C,0x74,0x7B,0x89,0x7A,0x59,0x79,0xE6,0x77,0x33,0x76,
  0x45,0x74,0x1F,0x72,0xC5,0x6F,0x3A,0x6D,0x84,0x6A,0xA5,0x67,0xA2,0x64,0x7E,0x61,
  0x3E,0x5E,0xE5,0x5A,0x77,0x57,0xF7,0x53,0x68,0x50,0xCE,0x4C,0x2B,0x49,0x82,0x45,
  0xD6,0x41,0x28,0x3E,0x7B,0x3A,0xD1,0x36,0x2A,0x33,0x89,0x2F,0xEE,0x2B,0x59,0x28,
  0xCC,0x24,0x46,0x21,0xC7,0x1D,0x50,0x1A,0xE1,0x16,0x77,0x13,0x14,0x10,0xB5,0x0C,
  0x5B,0x09,0x04,0x06,0xAF,0x02,0x5C,0xFF,0x07,0xFC,0xB1,0xF8,0x59,0xF5,0xFD,0xF1,
  0x9D,0xEE,0x37,0xEB,0xCC,0xE7,0x59,0xE4,0xDF,0xE0,0x5E,0xDD,0xD5,0xD9,0x45,0xD6,
  0xAE,0xD2,0x10,0xCF,0x6C,0xCB,0xC4,0xC7,0x19,0xC4,0x6B,0xC0,0xBE,0xBC,0x13,0xB9,
  0x6C,0xB5,0xCC,0xB1,0x36,0xAE,0xAC,0xAA,0x33,0xA7,0xCC,0xA3,0x7D,0xA0,0x47,0x9D,
  0x30,0x9A,0x3A,0x97,0x6A,0x94,0xC4,0x91,0x4C,0x8F,0x06,0x8D,0xF5,0x8A,0x1D,0x89,
  0x83,0x87,0x29,0x86,0x13,0x85,0x45,0x84,0xC1,0x83,0x8B,0x83,0xA4,0x83,0x0F,0x84,
  0xCE,0x84,0xE2,0x85,0x4C,0x87,0x0F,0x89,0x29,0x8B,0x9B,0x8D,0x64,0x90,0x85,0x93,
  0xFB,0x96,0xC5,0x9A,0xE2,0x9E,0x4E,0xA3,0x08,0xA8,0x0B,0xAD,0x54,0xB2,0xE0,0xB7,
  0xAA,0xBD,0xAE,0xC3,0xE6,0xC9,0x4E,0xD0,0xDF,0xD6,0x96,0xDD,0x6A,0xE4,0x58,0xEB,
  0x57,0xF2,0x63,0xF9,0x74,0x00,0x86,0x07,0x91,0x0E,0x8E,0x15,0x79,0x1C,0x4A,0x23,
  0xFC,0x29,0x88,0x30,0xEA,0x36,0x1C,0x3D,0x18,0x43,0xDB,0x48,0x5E,0x4E,0x9F,0x53,
  0x99,0x58,0x48,0x5D,0xAB,0x61,0xBD,0x65,0x7C,0x69,0xE8,0x6C,0xFD,0x6F,0xBB,0x72,
  0x22,0x75,0x30,0x77,0xE7,0x78,0x47,0x7A,0x50,0x7B,0x04,0x7C,0x64,0x7C,0x73,0x7C,
  0x32,0x7C,0xA4,0x7B,0xCD,0x7A,0xAE,0x79,0x4C,0x78,0xA9,0x76,0xCA,0x74,0xB2,0x72,
  0x65,0x70,0xE7,0x6D,0x3B,0x6B,0x66,0x68,0x6C,0x65,0x51,0x62,0x17,0x5F,0xC5,0x5B,
  0x5B,0x58,0xDF,0x54,0x54,0x51,0xBD,0x4D,0x1C,0x4A,0x74,0x46,0xC9,0x42,0x1B,0x3F,
  0x6E,0x3B,0xC3,0x37,0x1B,0x34,0x78,0x30,0xDB,0x2C,0x45,0x29,0xB5,0x25,0x2E,0x22,
  0xAD,0x1E,0x35,0x1B,0xC3,0x17,0x58,0x14,0xF3,0x10,0x94,0x0D,0x38,0x0A,0xE0,0x06,
  0x8B,0x03,0x36,0x00,0xE3,0xFC,0x8E,0xF9,0x36,0xF6,0xDC,0xF2,0x7C,0xEF,0x18,0xEC,
  0xAE,0xE8,0x3D,0xE5,0xC6,0xE1,0x46,0xDE,0xC0,0xDA,0x31,0xD7,0x9C,0xD3,0xFF,0xCF,
  0x5D,0xCC,0xB6,0xC8,0x0B,0xC5,0x5E,0xC1,0xB1,0xBD,0x05,0xBA,0x5D,0xB6,0xBB,0xB2,
  0x22,0xAF,0x95,0xAB,0x17,0xA8,0xAB,0xA4,0x55,0xA1,0x18,0x9E,0xF9,0x9A,0xFA,0x97,
  0x20,0x95,0x6F,0x92,0xEB,0x8F,0x97,0x8D,0x78,0x8B,0x91,0x89,0xE7,0x87,0x7C,0x86,
  0x54,0x85,0x73,0x84,0xDC,0x83,0x91,0x83,0x96,0x83,0xEB,0x83,0x94,0x84,0x92,0x85,
  0xE6,0x86,0x92,0x88,0x95,0x8A,0xF1,0x8C,0xA4,0x8F,0xAE,0x92,0x0E,0x96,0xC3,0x99,
  0xCA,0x9D,0x22,0xA2,0xC8,0xA6,0xB9,0xAB,0xF1,0xB0,0x6C,0xB6,0x26,0xBC,0x1B,0xC2,
  0x46,0xC8,0xA2,0xCE,0x2A,0xD5,0xD7,0xDB,0xA4,0xE2,0x8C,0xE9,0x88,0xF0,0x91,0xF7,
  0xA2,0xFE,0xB3,0x05,0xC0,0x0C,0xC2,0x13,0xB2,0x1A,0x8A,0x21,0x45,0x28,0xDC,0x2E,
  0x49,0x35,0x88,0x3B,0x92,0x41,0x64,0x47,0xF8,0x4C,0x4A,0x52,0x57,0x57,0x1A,0x5C,
  0x91,0x60,0xB8,0x64,0x8D,0x68,0x0E,0x6C,0x39,0x6F,0x0E,0x72,0x8C,0x74,0xB1,0x76,
  0x7E,0x78,0xF4,0x79,0x14,0x7B,0xDD,0x7B,0x53,0x7C,0x76,0x7C,0x4A,0x7C,0xD0,0x7B,
  0x0B,0x7B,0xFF,0x79,0xAE,0x78,0x1B,0x77,0x4B,0x75,0x42,0x73,0x02,0x71,0x90,0x6E,
  0xF0,0x6B,0x25,0x69,0x34,0x66,0x21,0x63,0xEF,0x5F,0xA2,0x5C,0x3F,0x59,0xC7,0x55,
  0x40,0x52,0xAB,0x4E,0x0C,0x4B,0x66,0x47,0xBB,0x43,0x0E,0x40,0x61,0x3C,0xB5,0x38,
  0x0C,0x35,0x68,0x31,0xC9,0x2D,0x31,0x2A,0xA0,0x26,0x16,0x23,0x94,0x1F,0x19,0x1C,
  0xA6,0x18,0x39,0x15,0xD3,0x11,0x72,0x0E,0x16,0x0B,0xBD,0x07,0x67,0x04,0x12,0x01,
  0xBF,0xFD,0x6A,0xFA,0x13,0xF7,0xBA,0xF3,0x5C,0xF0,0xF9,0xEC,0x90,0xE9,0x21,0xE6,
  0xAB,0xE2,0x2E,0xDF,0xA9,0xDB,0x1D,0xD8,0x89,0xD4,0xEF,0xD0,0x4E,0xCD,0xA8,0xC9,
  0xFE,0xC5,0x51,0xC2,0xA4,0xBE,0xF7,0xBA,0x4E,0xB7,0xAA,0xB3,0x0E,0xB0,0x7E,0xAC,
  0xFC,0xA8,0x8B,0xA5,0x2F,0xA2,0xEC,0x9E,0xC4,0x9B,0xBD,0x98,0xD9,0x95,0x1D,0x93,
  0x8D,0x90,0x2C,0x8E,0xFF,0x8B,0x09,0x8A,0x4F,0x88,0xD3,0x86,0x9A,0x85,0xA7,0x84,
  0xFC,0x83,0x9D,0x83,0x8D,0x83,0xCD,0x83,0x61,0x84,0x48,0x85,0x86,0x86,0x1B,0x88,
  0x08,0x8A,0x4C,0x8C,0xE9,0x8E,0xDD,0x91,0x27,0x95,0xC6,0x98,0xB8,0x9C,0xFC,0xA0,
  0x8E,0xA5,0x6B,0xAA,0x91,0xAF,0xFB,0xB4,0xA6,0xBA,0x8C,0xC0,0xAA,0xC6,0xFA,0xCC,
  0x77,0xD3,0x1B,0xDA,0xE0,0xE0,0xC2,0xE7,0xB9,0xEE,0xBF,0xF5,0xCF,0xFC,0xE0,0x03,
  0xEF,0x0A,0xF5,0x11,0xEA,0x18,0xC9,0x1F,0x8C,0x26,0x2C,0x2D,0xA5,0x33,0xF0,0x39,
  0x08,0x40,0xE9,0x45,0x8E,0x4B,0xF1,0x50,0x10,0x56,0xE7,0x5A,0x71,0x5F,0xAD,0x63,
  0x97,0x67,0x2E,0x6B,0x70,0x6E,0x5C,0x71,0xF0,0x73,0x2C,0x76,0x10,0x78,0x9C,0x79,
  0xD2,0x7A,0xB1,0x7B,0x3D,0x7C,0x75,0x7C,0x5D,0x7C,0xF7,0x7B,0x45,0x7B,0x4B,0x7A,
  0x0B,0x79,0x89,0x77,0xC9,0x75,0xCE,0x73,0x9B,0x71,0x36,0x6F,0xA1,0x6C,0xE1,0x69,
  0xFA,0x66,0xEF,0x63,0xC5,0x60,0x7F,0x5D,0x21,0x5A,0xAE,0x56,0x2A,0x53,0x99,0x4F,
  0xFC,0x4B,0x58,0x48,0xAE,0x44,0x01,0x41,0x54,0x3D,0xA7,0x39,0xFE,0x35,0x58,0x32,
  0xB8,0x2E,0x1E,0x2B,0x8B,0x27,0xFF,0x23,0x7B,0x20,0xFE,0x1C,0x89,0x19,0x1B,0x16,
  0xB3,0x12,0x51,0x0F,0xF3,0x0B,0x9A,0x08,0x43,0x05,0xEE,0x01,0x9B,0xFE,0x46,0xFB,
  0xF0,0xF7,0x97,0xF4,0x3B,0xF1,0xD9,0xED,0x72,0xEA,0x05,0xE7,0x91,0xE3,0x15,0xE0,
  0x92,0xDC,0x08,0xD9,0x76,0xD5,0xDD,0xD1,0x3E,0xCE,0x99,0xCA,0xF0,0xC6,0x44,0xC3,
  0x97,0xBF,0xEA,0xBB,0x3F,0xB8,0x9A,0xB4,0xFC,0xB0,0x68,0xAD,0xE2,0xA9,0x6C,0xA6,
  0x0B,0xA3,0xC1,0x9F,0x92,0x9C,0x81,0x99,0x94,0x96,0xCD,0x93,0x31,0x91,0xC4,0x8E,
  0x89,0x8C,0x85,0x8A,0xBB,0x88,0x2F,0x87,0xE4,0x85,0xDF,0x84,0x21,0x84,0xAE,0x83,
  0x89,0x83,0xB5,0x83,0x33,0x84,0x04,0x85,0x2C,0x86,0xAA,0x87,0x80,0x89,0xAE,0x8B,
  0x34,0x8E,0x11,0x91,0x45,0x94,0xCF,0x97,0xAC,0x9B,0xDB,0x9F,0x59,0xA4,0x23,0xA9,
  0x36,0xAE,0x8F,0xB3,0x2A,0xB9,0x01,0xBF,0x11,0xC5,0x54,0xCB,0xC6,0xD1,0x60,0xD8,
  0x1E,0xDF,0xF9,0xE5,0xEB,0xEC,0xEE,0xF3,0xFC,0xFA,0x0D,0x02,0x1E,0x09,0x26,0x10,
  0x20,0x17,0x05,0x1E,0xD0,0x24,0x7A,0x2B,0xFD,0x31,0x55,0x38,0x7B,0x3E,0x6A,0x44,
  0x1F,0x4A,0x94,0x4F,0xC5,0x54,0xAE,0x59,0x4D,0x5E,0x9D,0x62,0x9D,0x66,0x49,0x6A,
  0xA1,0x6D,0xA3,0x70,0x4E,0x73,0xA0,0x75,0x9B,0x77,0x3E,0x79,0x8A,0x7A,0x80,0x7B,
  0x21,0x7C,0x6E,0x7C,0x6B,0x7C,0x18,0x7C,0x7A,0x7B,0x92,0x7A,0x64,0x79,0xF3,0x77,
  0x42,0x76,0x56,0x74,0x32,0x72,0xD9,0x6F,0x50,0x6D,0x9B,0x6A,0xBD,0x67,0xBB,0x64,
  0x99,0x61,0x59,0x5E,0x01,0x5B,0x94,0x57,0x14,0x54,0x86,0x50,0xEC,0x4C,0x49,0x49,
  0xA0,0x45,0xF4,0x41,0x47,0x3E,0x9A,0x3A,0xEF,0x36,0x48,0x33,0xA7,0x2F,0x0B,0x2C,
  0x76,0x28,0xE9,0x24,0x63,0x21,0xE4,0x1D,0x6D,0x1A,0xFD,0x16,0x93,0x13,0x30,0x10,
  0xD1,0x0C,0x77,0x09,0x20,0x06,0xCA,0x02,0x77,0xFF,0x23,0xFC,0xCD,0xF8,0x75,0xF5,
  0x19,0xF2,0xB9,0xEE,0x53,0xEB,0xE8,0xE7,0x76,0xE4,0xFC,0xE0,0x7B,0xDD,0xF3,0xD9,
  0x63,0xD6,0xCC,0xD2,0x2E,0xCF,0x8B,0xCB,0xE2,0xC7,0x37,0xC4,0x8A,0xC0,0xDC,0xBC,
  0x31,0xB9,0x8A,0xB5,0xEA,0xB1,0x53,0xAE,0xC9,0xAA,0x4F,0xA7,0xE8,0xA3,0x97,0xA0,
  0x61,0x9D,0x49,0x9A,0x52,0x97,0x81,0x94,0xDA,0x91,0x60,0x8F,0x18,0x8D,0x05,0x8B,
  0x2B,0x89,0x8F,0x87,0x33,0x86,0x1B,0x85,0x4B,0x84,0xC4,0x83,0x8B,0x83,0xA2,0x83,
  0x0A,0x84,0xC6,0x84,0xD7,0x85,0x3F,0x87,0xFF,0x88,0x16,0x8B,0x85,0x8D,0x4C,0x90,
  0x69,0x93,0xDD,0x96,0xA5,0x9A,0xBF,0x9E,0x28,0xA3,0xDF,0xA7,0xE0,0xAC,0x28,0xB2,
  0xB1,0xB7,0x7A,0xBD,0x7B,0xC3,0xB2,0xC9,0x18,0xD0,0xA9,0xD6,0x5E,0xDD,0x31,0xE4,
  0x1E,0xEB,0x1D,0xF2,0x29,0xF9,0x3A,0x00,0x4C,0x07,0x57,0x0E,0x55,0x15,0x40,0x1C,
  0x12,0x23,0xC5,0x29,0x53,0x30,0xB6,0x36,0xEA,0x3C,0xE8,0x42,0xAC,0x48,0x32,0x4E,
  0x75,0x53,0x71,0x58,0x23,0x5D,0x88,0x61,0x9C,0x65,0x5F,0x69,0xCD,0x6C,0xE5,0x6F,
  0xA6,0x72,0x0F,0x75,0x21,0x77,0xDB,0x78,0x3D,0x7A,0x49,0x7B,0xFF,0x7B,0x62,0x7C,
  0x73,0x7C,0x35,0x7C,0xAA,0x7B,0xD5,0x7A,0xB8,0x79,0x58,0x78,0xB8,0x76,0xDB,0x74,
  0xC4,0x72,0x79,0x70,0xFC,0x6D,0x52,0x6B,0x7E,0x68,0x85,0x65,0x6B,0x62,0x33,0x5F,
  0xE0,0x5B,0x78,0x58,0xFD,0x54,0x72,0x51,0xDA,0x4D,0x3A,0x4A,0x92,0x46,0xE7,0x42,
  0x3A,0x3F,0x8C,0x3B,0xE1,0x37,0x39,0x34,0x96,0x30,0xF9,0x2C,0x62,0x29,0xD3,0x25,
  0x4B,0x22,0xCA,0x1E,0x51,0x1B,0xDF,0x17,0x74,0x14,0x0F,0x11,0xAF,0x0D,0x54,0x0A,
  0xFC,0x06,0xA6,0x03,0x52,0x00,0xFF,0xFC,0xA9,0xF9,0x52,0xF6,0xF7,0xF2,0x98,0xEF,
  0x34,0xEC,0xCA,0xE8,0x5A,0xE5,0xE2,0xE1,0x63,0xDE,0xDD,0xDA,0x4F,0xD7,0xB9,0xD3,
  0x1D,0xD0,0x7B,0xCC,0xD4,0xC8,0x2A,0xC5,0x7D,0xC1,0xCF,0xBD,0x23,0xBA,0x7B,0xB6,
  0xD9,0xB2,0x3F,0xAF,0xB2,0xAB,0x33,0xA8,0xC7,0xA4,0x70,0xA1,0x33,0x9E,0x12,0x9B,
  0x12,0x98,0x37,0x95,0x85,0x92,0xFF,0x8F,0xA9,0x8D,0x89,0x8B,0xA0,0x89,0xF3,0x87,
  0x86,0x86,0x5D,0x85,0x7A,0x84,0xE0,0x83,0x93,0x83,0x94,0x83,0xE7,0x83,0x8D,0x84,
  0x89,0x85,0xDA,0x86,0x83,0x88,0x83,0x8A,0xDC,0x8C,0x8C,0x8F,0x93,0x92,0xF1,0x95,
  0xA3,0x99,0xA8,0x9D,0xFD,0xA1,0xA1,0xA6,0x8F,0xAB,0xC4,0xB0,0x3D,0xB6,0xF6,0xBB,
  0xE9,0xC1,0x13,0xC8,0x6D,0xCE,0xF3,0xD4,0x9F,0xDB,0x6C,0xE2,0x53,0xE9,0x4E,0xF0,
  0x57,0xF7,0x68,0xFE,0x79,0x05,0x86,0x0C,0x88,0x13,0x79,0x1A,0x52,0x21,0x0E,0x28,
  0xA6,0x2E,0x15,0x35,0x55,0x3B,0x61,0x41,0x35,0x47,0xCB,0x4C,0x20,0x52,0x2E,0x57,
  0xF4,0x5B,0x6D,0x60,0x97,0x64,0x6E,0x68,0xF2,0x6B,0x21,0x6F,0xF8,0x71,0x78,0x74,
  0xA1,0x76,0x71,0x78,0xEA,0x79,0x0C,0x7B,0xD8,0x7B,0x50,0x7C,0x77,0x7C,0x4D,0x7C,
  0xD5,0x7B,0x13,0x7B,0x08,0x7A,0xBA,0x78,0x29,0x77,0x5B,0x75,0x53,0x73,0x15,0x71,
  0xA5,0x6E,0x06,0x6C,0x3D,0x69,0x4D,0x66,0x3B,0x63,0x0A,0x60,0xBE,0x5C,0x5B,0x59,
  0xE4,0x55,0x5D,0x52,0xC9,0x4E,0x2A,0x4B,0x84,0x47,0xDA,0x43,0x2D,0x40,0x7F,0x3C,
  0xD3,0x38,0x2A,0x35,0x86,0x31,0xE7,0x2D,0x4F,0x2A,0xBD,0x26,0x33,0x23,0xB1,0x1F,
  0x36,0x1C,0xC2,0x18,0x55,0x15,0xEF,0x11,0x8E,0x0E,0x31,0x0B,0xD9,0x07,0x82,0x04,
  0x2E,0x01,0xDB,0xFD,0x86,0xFA,0x2F,0xF7,0xD5,0xF3,0x78,0xF0,0x15,0xED,0xAD,0xE9,
  0x3E,0xE6,0xC8,0xE2,0x4B,0xDF,0xC6,0xDB,0x3A,0xD8,0xA7,0xD4,0x0C,0xD1,0x6C,0xCD,
  0xC6,0xC9,0x1C,0xC6,0x70,0xC2,0xC2,0xBE,0x15,0xBB,0x6C,0xB7,0xC8,0xB3,0x2C,0xB0,
  0x9B,0xAC,0x19,0xA9,0xA7,0xA5,0x4A,0xA2,0x06,0x9F,0xDE,0x9B,0xD5,0x98,0xF0,0x95,
  0x33,0x93,0xA1,0x90,0x3F,0x8E,0x10,0x8C,0x18,0x8A,0x5C,0x88,0xDE,0x86,0xA3,0x85,
  0xAD,0x84,0x00,0x84,0x9F,0x83,0x8C,0x83,0xCA,0x83,0x5A,0x84,0x40,0x85,0x7B,0x86,
  0x0D,0x88,0xF7,0x89,0x38,0x8C,0xD2,0x8E,0xC3,0x91,0x0A,0x95,0xA7,0x98,0x97,0x9C,
  0xD7,0xA0,0x67,0xA5,0x42,0xAA,0x66,0xAF,0xCE,0xB4,0x76,0xBA,0x5B,0xC0,0x77,0xC6,
  0xC5,0xCC,0x40,0xD3,0xE3,0xD9,0xA8,0xE0,0x88,0xE7,0x7F,0xEE,0x85,0xF5,0x94,0xFC,
  0xA6,0x03,0xB5,0x0A,0xBB,0x11,0xB1,0x18,0x90,0x1F,0x54,0x26,0xF6,0x2C,0x70,0x33,
  0xBD,0x39,0xD7,0x3F,0xBA,0x45,0x60,0x4B,0xC6,0x50,0xE7,0x55,0xC0,0x5A,0x4D,0x5F,
  0x8B,0x63,0x78,0x67,0x12,0x6B,0x57,0x6E,0x45,0x71,0xDC,0x73,0x1B,0x76,0x02,0x78,
  0x91,0x79,0xC9,0x7A,0xAB,0x7B,0x39,0x7C,0x75,0x7C,0x5F,0x7C,0xFB,0x7B,0x4C,0x7B,
  0x54,0x7A,0x16,0x79,0x97,0x77,0xD8,0x75,0xDF,0x73,0xAE,0x71,0x4B,0x6F,0xB7,0x6C,
  0xF9,0x69,0x12,0x67,0x09,0x64,0xDF,0x60,0x9A,0x5D,0x3D,0x5A,0xCB,0x56,0x47,0x53,
  0xB6,0x4F,0x1A,0x4C,0x76,0x48,0xCC,0x44,0x20,0x41,0x72,0x3D,0xC6,0x39,0x1C,0x36,
  0x76,0x32,0xD6,0x2E,0x3C,0x2B,0xA8,0x27,0x1C,0x24,0x98,0x20,0x1B,0x1D,0xA6,0x19,
  0x37,0x16,0xCF,0x12,0x6D,0x0F,0x0F,0x0C,0xB5,0x08,0x5F,0x05,0x0A,0x02,0xB7,0xFE,
  0x62,0xFB,0x0C,0xF8,0xB3,0xF4,0x56,0xF1,0xF5,0xED,0x8E,0xEA,0x21,0xE7,0xAD,0xE3,
  0x32,0xE0,0xB0,0xDC,0x25,0xD9,0x94,0xD5,0xFB,0xD1,0x5C,0xCE,0xB7,0xCA,0x0F,0xC7,
  0x62,0xC3,0xB5,0xBF,0x08,0xBC,0x5D,0xB8,0xB8,0xB4,0x1A,0xB1,0x86,0xAD,0xFF,0xA9,
  0x89,0xA6,0x26,0xA3,0xDB,0x9F,0xAB,0x9C,0x9A,0x99,0xAC,0x96,0xE4,0x93,0x46,0x91,
  0xD7,0x8E,0x9B,0x8C,0x95,0x8A,0xC9,0x88,0x3B,0x87,0xEE,0x85,0xE6,0x84,0x26,0x84,
  0xB1,0x83,0x89,0x83,0xB2,0x83,0x2D,0x84,0xFC,0x84,0x21,0x86,0x9D,0x87,0x70,0x89,
  0x9B,0x8B,0x1E,0x8E,0xF8,0x90,0x29,0x94,0xB0,0x97,0x8B,0x9B,0xB7,0x9F,0x32,0xA4,
  0xFA,0xA8,0x0B,0xAE,0x62,0xB3,0xFA,0xB8,0xD0,0xBE,0xDE,0xC4,0x20,0xCB,0x90,0xD1,
  0x29,0xD8,0xE6,0xDE,0xC0,0xE5,0xB1,0xEC,0xB4,0xF3,0xC1,0xFA,0xD3,0x01,0xE3,0x08,
  0xEC,0x0F,0xE7,0x16,0xCD,0x1D,0x98,0x24,0x43,0x2B,0xC8,0x31,0x21,0x38,0x49,0x3E,
  0x3A,0x44,0xF1,0x49,0x68,0x4F,0x9B,0x54,0x87,0x59,0x28,0x5E,0x7B,0x62,0x7D,0x66,
  0x2C,0x6A,0x87,0x6D,0x8C,0x70,0x39,0x73,0x8F,0x75,0x8C,0x77,0x32,0x79,0x81,0x7A,
  0x79,0x7B,0x1D,0x7C,0x6D,0x7C,0x6C,0x7C,0x1C,0x7C,0x80,0x7B,0x9B,0x7A,0x6F,0x79,
  0x00,0x78,0x51,0x76,0x67,0x74,0x44,0x72,0xED,0x6F,0x66,0x6D,0xB2,0x6A,0xD6,0x67,
  0xD5,0x64,0xB3,0x61,0x75,0x5E,0x1D,0x5B,0xB0,0x57,0x31,0x54,0xA3,0x50,0x09,0x4D,
  0x67,0x49,0xBF,0x45,0x13,0x42,0x65,0x3E,0xB8,0x3A,0x0D,0x37,0x67,0x33,0xC5,0x2F,
  0x29,0x2C,0x94,0x28,0x06,0x25,0x80,0x21,0x01,0x1E,0x8A,0x1A,0x19,0x17,0xAF,0x13,
  0x4C,0x10,0xED,0x0C,0x92,0x09,0x3B,0x06,0xE6,0x02,0x93,0xFF,0x3E,0xFC,0xE8,0xF8,
  0x90,0xF5,0x35,0xF2,0xD5,0xEE,0x70,0xEB,0x04,0xE8,0x92,0xE4,0x19,0xE1,0x98,0xDD,
  0x10,0xDA,0x80,0xD6,0xE9,0xD2,0x4C,0xCF,0xA9,0xCB,0x01,0xC8,0x55,0xC4,0xA8,0xC0,
  0xFB,0xBC,0x4F,0xB9,0xA8,0xB5,0x08,0xB2,0x71,0xAE,0xE6,0xAA,0x6C,0xA7,0x04,0xA4,
  0xB2,0xA0,0x7B,0x9D,0x62,0x9A,0x6A,0x97,0x98,0x94,0xEF,0x91,0x74,0x8F,0x2A,0x8D,
  0x15,0x8B,0x3A,0x89,0x9B,0x87,0x3D,0x86,0x23,0x85,0x50,0x84,0xC8,0x83,0x8C,0x83,
  0xA0,0x83,0x05,0x84,0xBF,0x84,0xCD,0x85,0x32,0x87,0xEF,0x88,0x03,0x8B,0x6F,0x8D,
  0x33,0x90,0x4E,0x93,0xBF,0x96,0x84,0x9A,0x9B,0x9E,0x03,0xA3,0xB7,0xA7,0xB6,0xAC,
  0xFB,0xB1,0x83,0xB7,0x49,0xBD,0x49,0xC3,0x7E,0xC9,0xE3,0xCF,0x72,0xD6,0x26,0xDD,
  0xF9,0xE3,0xE5,0xEA,0xE3,0xF1,0xEF,0xF8,0x00,0x00,0x11,0x07,0x1D,0x0E,0x1B,0x15,
  0x07,0x1C,0xDA,0x22,0x8E,0x29,0x1D,0x30,0x82,0x36,0xB7,0x3C,0xB7,0x42,0x7D,0x48,
  0x05,0x4E,0x4A,0x53,0x49,0x58,0xFD,0x5C,0x65,0x61,0x7C,0x65,0x41,0x69,0xB2,0x6C,
  0xCD,0x6F,0x91,0x72,0xFD,0x74,0x11,0x77,0xCE,0x78,0x33,0x7A,0x41,0x7B,0xFB,0x7B,
  0x60,0x7C,0x74,0x7C,0x38,0x7C,0xB0,0x7B,0xDD,0x7A,0xC3,0x79,0x65,0x78,0xC6,0x76,
  0xEB,0x74,0xD6,0x72,0x8C,0x70,0x11,0x6E,0x68,0x6B,0x96,0x68,0x9E,0x65,0x85,0x62,
  0x4E,0x5F,0xFC,0x5B,0x94,0x58,0x1A,0x55,0x8F,0x51,0xF8,0x4D,0x58,0x4A,0xB1,0x46,
  0x05,0x43,0x58,0x3F,0xAB,0x3B,0xFF,0x37,0x57,0x34,0xB4,0x30,0x17,0x2D,0x80,0x29,
  0xF0,0x25,0x68,0x22,0xE7,0x1E,0x6E,0x1B,0xFC,0x17,0x90,0x14,0x2B,0x11,0xCB,0x0D,
  0x70,0x0A,0x18,0x07,0xC2,0x03,0x6D,0x00,0x1A,0xFD,0xC5,0xF9,0x6E,0xF6,0x13,0xF3,
  0xB4,0xEF,0x51,0xEC,0xE7,0xE8,0x76,0xE5,0xFF,0xE1,0x80,0xDE,0xFA,0xDA,0x6C,0xD7,
  0xD7,0xD3,0x3B,0xD0,0x99,0xCC,0xF3,0xC8,0x48,0xC5,0x9B,0xC1,0xED,0xBD,0x41,0xBA,
  0x99,0xB6,0xF7,0xB2,0x5D,0xAF,0xCF,0xAB,0x50,0xA8,0xE3,0xA4,0x8B,0xA1,0x4D,0x9E,
  0x2B,0x9B,0x2A,0x98,0x4E,0x95,0x9A,0x92,0x13,0x90,0xBC,0x8D,0x99,0x8B,0xAF,0x89,
  0x00,0x88,0x91,0x86,0x65,0x85,0x80,0x84,0xE4,0x83,0x94,0x83,0x93,0x83,0xE3,0x83,
  0x87,0x84,0x7F,0x85,0xCE,0x86,0x74,0x88,0x71,0x8A,0xC7,0x8C,0x74,0x8F,0x79,0x92,
  0xD4,0x95,0x83,0x99,0x85,0x9D,0xD8,0xA1,0x79,0xA6,0x65,0xAB,0x98,0xB0,0x0F,0xB6,
  0xC6,0xBB,0xB7,0xC1,0xDF,0xC7,0x38,0xCE,0xBD,0xD4,0x68,0xDB,0x33,0xE2,0x19,0xE9,
  0x14,0xF0,0x1D,0xF7,0x2D,0xFE,0x3F,0x05,0x4C,0x0C,0x4F,0x13,0x40,0x1A,0x1A,0x21,
  0xD7,0x27,0x70,0x2E,0xE0,0x34,0x22,0x3B,0x30,0x41,0x06,0x47,0x9E,0x4C,0xF5,0x51,
  0x06,0x57,0xCE,0x5B,0x49,0x60,0x75,0x64,0x50,0x68,0xD7,0x6B,0x08,0x6F,0xE2,0x71,
  0x65,0x74,0x90,0x76,0x63,0x78,0xDF,0x79,0x04,0x7B,0xD3,0x7B,0x4E,0x7C,0x77,0x7C,
  0x4F,0x7C,0xDA,0x7B,0x1A,0x7B,0x12,0x7A,0xC5,0x78,0x37,0x77,0x6B,0x75,0x65,0x73,
  0x29,0x71,0xBA,0x6E,0x1C,0x6C,0x54,0x69,0x66,0x66,0x55,0x63,0x25,0x60,0xDA,0x5C,
  0x77,0x59,0x01,0x56,0x7A,0x52,0xE6,0x4E,0x48,0x4B,0xA3,0x47,0xF8,0x43,0x4B,0x40,
  0x9E,0x3C,0xF1,0x38,0x49,0x35,0xA4,0x31,0x05,0x2E,0x6C,0x2A,0xDB,0x26,0x50,0x23,
  0xCE,0x1F,0x53,0x1C,0xDF,0x18,0x72,0x15,0x0B,0x12,0xAA,0x0E,0x4D,0x0B,0xF4,0x07,
  0x9E,0x04,0x49,0x01,0xF6,0xFD,0xA1,0xFA,0x4B,0xF7,0xF1,0xF3,0x93,0xF0,0x31,0xED,
  0xC9,0xE9,0x5A,0xE6,0xE5,0xE2,0x68,0xDF,0xE4,0xDB,0x58,0xD8,0xC4,0xD4,0x2A,0xD1,
  0x8A,0xCD,0xE4,0xC9,0x3A,0xC6,0x8E,0xC2,0xE0,0xBE,0x34,0xBB,0x8A,0xB7,0xE6,0xB3,
  0x4A,0xB0,0xB9,0xAC,0x35,0xA9,0xC3,0xA5,0x66,0xA2,0x21,0x9F,0xF7,0x9B,0xEE,0x98,
  0x07,0x96,0x49,0x93,0xB5,0x90,0x52,0x8E,0x21,0x8C,0x28,0x8A,0x69,0x88,0xEA,0x86,
  0xAC,0x85,0xB4,0x84,0x05,0x84,0xA1,0x83,0x8B,0x83,0xC7,0x83,0x55,0x84,0x37,0x85,
  0x6F,0x86,0xFE,0x87,0xE5,0x89,0x24,0x8C,0xBB,0x8E,0xA9,0x91,0xEE,0x94,0x88,0x98,
  0x75,0x9C,0xB3,0xA0,0x40,0xA5,0x19,0xAA,0x3A,0xAF,0xA0,0xB4,0x46,0xBA,0x29,0xC0,
  0x43,0xC6,0x90,0xCC,0x0A,0xD3,0xAC,0xD9,0x70,0xE0,0x4F,0xE7,0x45,0xEE,0x4B,0xF5,
  0x5A,0xFC,0x6C,0x03,0x7B,0x0A,0x81,0x11,0x78,0x18,0x58,0x1F,0x1D,0x26,0xC0,0x2C,
  0x3B,0x33,0x89,0x39,0xA5,0x3F,0x8A,0x45,0x32,0x4B,0x9A,0x50,0xBE,0x55,0x99,0x5A,
  0x29,0x5F,0x69,0x63,0x59,0x67,0xF6,0x6A,0x3D,0x6E,0x2E,0x71,0xC8,0x73,0x09,0x76,
  0xF3,0x77,0x85,0x79,0xC0,0x7A,0xA6,0x7B,0x36,0x7C,0x74,0x7C,0x61,0x7C,0x00,0x7C,
  0x53,0x7B,0x5D,0x7A,0x22,0x79,0xA4,0x77,0xE8,0x75,0xF0,0x73,0xC1,0x71,0x5F,0x6F,
  0xCD,0x6C,0x10,0x6A,0x2B,0x67,0x22,0x64,0xFA,0x60,0xB6,0x5D,0x59,0x5A,0xE7,0x56,
  0x65,0x53,0xD4,0x4F,0x38,0x4C,0x94,0x48,0xEB,0x44,0x3E,0x41,0x90,0x3D,0xE4,0x39,
  0x3A,0x36,0x94,0x32,0xF4,0x2E,0x59,0x2B,0xC6,0x27,0x3A,0x24,0xB5,0x20,0x38,0x1D,
  0xC2,0x19,0x53,0x16,0xEB,0x12,0x88,0x0F,0x2B,0x0C,0xD1,0x08,0x7A,0x05,0x25,0x02,
  0xD2,0xFE,0x7E,0xFB,0x27,0xF8,0xCF,0xF4,0x72,0xF1,0x11,0xEE,0xAB,0xEA,0x3E,0xE7,
  0xCA,0xE3,0x4F,0xE0,0xCD,0xDC,0x43,0xD9,0xB1,0xD5,0x19,0xD2,0x7A,0xCE,0xD6,0xCA,
  0x2D,0xC7,0x81,0xC3,0xD3,0xBF,0x26,0xBC,0x7C,0xB8,0xD6,0xB4,0x37,0xB1,0xA3,0xAD,
  0x1C,0xAA,0xA5,0xA6,0x42,0xA3,0xF6,0x9F,0xC5,0x9C,0xB3,0x99,0xC3,0x96,0xFA,0x93,
  0x5B,0x91,0xEB,0x8E,0xAD,0x8C,0xA5,0x8A,0xD7,0x88,0x46,0x87,0xF8,0x85,0xED,0x84,
  0x2B,0x84,0xB3,0x83,0x89,0x83,0xB0,0x83,0x28,0x84,0xF4,0x84,0x16,0x86,0x8F,0x87,
  0x5F,0x89,0x88,0x8B,0x08,0x8E,0xDF,0x90,0x0E,0x94,0x92,0x97,0x69,0x9B,0x93,0x9F,
  0x0C,0xA4,0xD2,0xA8,0xE0,0xAD,0x35,0xB3,0xCB,0xB8,0x9F,0xBE,0xAB,0xC4,0xEB,0xCA,
  0x5A,0xD1,0xF2,0xD7,0xAE,0xDE,0x87,0xE5,0x78,0xEC,0x7A,0xF3,0x87,0xFA,0x98,0x01,
  0xA9,0x08,0xB2,0x0F,0xAD,0x16,0x94,0x1D,0x61,0x24,0x0D,0x2B,0x93,0x31,0xED,0x37,
  0x17,0x3E,0x0A,0x44,0xC3,0x49,0x3C,0x4F,0x71,0x54,0x5F,0x59,0x03,0x5E,0x58,0x62,
  0x5D,0x66,0x0F,0x6A,0x6D,0x6D,0x74,0x70,0x24,0x73,0x7D,0x75,0x7D,0x77,0x26,0x79,
  0x77,0x7A,0x73,0x7B,0x19,0x7C,0x6C,0x7C,0x6D,0x7C,0x20,0x7C,0x86,0x7B,0xA3,0x7A,
  0x7A,0x79,0x0D,0x78,0x60,0x76,0x77,0x74,0x57,0x72,0x01,0x70,0x7B,0x6D,0xC9,0x6A,
  0xEE,0x67,0xEE,0x64,0xCD,0x61,0x90,0x5E,0x39,0x5B,0xCD,0x57,0x4E,0x54,0xC1,0x50,
  0x27,0x4D,0x85,0x49,0xDD,0x45,0x31,0x42,0x83,0x3E,0xD6,0x3A,0x2C,0x37,0x85,0x33,
  0xE3,0x2F,0x47,0x2C,0xB1,0x28,0x23,0x25,0x9D,0x21,0x1E,0x1E,0xA6,0x1A,0x36,0x17,
  0xCC,0x13,0x68,0x10,0x09,0x0D,0xAE,0x09,0x57,0x06,0x01,0x03,0xAE,0xFF,0x5A,0xFC,
  0x04,0xF9,0xAC,0xF5,0x51,0xF2,0xF1,0xEE,0x8C,0xEB,0x21,0xE8,0xAF,0xE4,0x36,0xE1,
  0xB5,0xDD,0x2D,0xDA,0x9E,0xD6,0x07,0xD3,0x6A,0xCF,0xC7,0xCB,0x1F,0xC8,0x74,0xC4,
  0xC6,0xC0,0x19,0xBD,0x6E,0xB9,0xC6,0xB5,0x26,0xB2,0x8E,0xAE,0x03,0xAB,0x88,0xA7,
  0x20,0xA4,0xCD,0xA0,0x95,0x9D,0x7B,0x9A,0x82,0x97,0xAE,0x94,0x04,0x92,0x87,0x8F,
  0x3C,0x8D,0x25,0x8B,0x48,0x89,0xA8,0x87,0x48,0x86,0x2B,0x85,0x56,0x84,0xCB,0x83,
  0x8D,0x83,0x9E,0x83,0x01,0x84,0xB7,0x84,0xC3,0x85,0x25,0x87,0xDF,0x88,0xF1,0x8A,
  0x5A,0x8D,0x1B,0x90,0x33,0x93,0xA1,0x96,0x64,0x9A,0x78,0x9E,0xDD,0xA2,0x8F,0xA7,
  0x8B,0xAC,0xCE,0xB1,0x54,0xB7,0x18,0xBD,0x16,0xC3,0x4A,0xC9,0xAD,0xCF,0x3B,0xD6,
  0xEE,0xDC,0xC0,0xE3,0xAB,0xEA,0xA9,0xF1,0xB4,0xF8,0xC6,0xFF,0xD7,0x06,0xE3,0x0D,
  0xE2,0x14,0xCF,0x1B,0xA2,0x22,0x57,0x29,0xE8,0x2F,0x4E,0x36,0x85,0x3C,0x86,0x42,
  0x4F,0x48,0xD8,0x4D,0x20,0x53,0x21,0x58,0xD8,0x5C,0x41,0x61,0x5B,0x65,0x23,0x69,
  0x97,0x6C,0xB4,0x6F,0x7B,0x72,0xEA,0x74,0x01,0x77,0xC1,0x78,0x29,0x7A,0x3A,0x7B,
  0xF6,0x7B,0x5E,0x7C,0x75,0x7C,0x3C,0x7C,0xB5,0x7B,0xE5,0x7A,0xCD,0x79,0x71,0x78,
  0xD5,0x76,0xFB,0x74,0xE8,0x72,0xA0,0x70,0x26,0x6E,0x7F,0x6B,0xAE,0x68,0xB7,0x65,
  0x9F,0x62,0x69,0x5F,0x18,0x5C,0xB1,0x58,0x37,0x55,0xAD,0x51,0x16,0x4E,0x76,0x4A,
  0xCF,0x46,0x24,0x43,0x76,0x3F,0xC9,0x3B,0x1E,0x38,0x75,0x34,0xD2,0x30,0x34,0x2D,
  0x9D,0x29,0x0D,0x26,0x85,0x22,0x04,0x1F,0x8A,0x1B,0x18,0x18,0xAD,0x14,0x47,0x11,
  0xE7,0x0D,0x8B,0x0A,0x33,0x07,0xDD,0x03,0x89,0x00,0x36,0xFD,0xE0,0xF9,0x89,0xF6,
  0x2F,0xF3,0xD0,0xEF,0x6D,0xEC,0x03,0xE9,0x93,0xE5,0x1C,0xE2,0x9D,0xDE,0x17,0xDB,
  0x8A,0xD7,0xF5,0xD3,0x59,0xD0,0xB8,0xCC,0x11,0xC9,0x66,0xC5,0xB9,0xC1,0x0C,0xBE,
  0x60,0xBA,0xB7,0xB6,0x14,0xB3,0x7A,0xAF,0xEC,0xAB,0x6C,0xA8,0xFF,0xA4,0xA7,0xA1,
  0x67,0x9E,0x45,0x9B,0x43,0x98,0x65,0x95,0xB0,0x92,0x27,0x90,0xCE,0x8D,0xAA,0x8B,
  0xBE,0x89,0x0D,0x88,0x9C,0x86,0x6E,0x85,0x86,0x84,0xE8,0x83,0x95,0x83,0x92,0x83,
  0xDF,0x83,0x80,0x84,0x76,0x85,0xC2,0x86,0x65,0x88,0x60,0x8A,0xB2,0x8C,0x5D,0x8F,
  0x5F,0x92,0xB7,0x95,0x63,0x99,0x63,0x9D,0xB3,0xA1,0x52,0xA6,0x3B,0xAB,0x6C,0xB0,
  0xE1,0xB5,0x96,0xBB,0x85,0xC1,0xAB,0xC7,0x03,0xCE,0x86,0xD4,0x30,0xDB,0xFB,0xE1,
  0xE0,0xE8,0xDA,0xEF,0xE2,0xF6,0xF3,0xFD,0x04,0x05,0x12,0x0C,0x15,0x13,0x07,0x1A,
  0xE2,0x20,0xA0,0x27,0x3A,0x2E,0xAC,0x34,0xEF,0x3A,0xFF,0x40,0xD6,0x46,0x71,0x4C,
  0xCA,0x51,0xDD,0x56,0xA7,0x5B,0x25,0x60,0x54,0x64,0x31,0x68,0xBB,0x6B,0xEF,0x6E,
  0xCC,0x71,0x52,0x74,0x80,0x76,0x56,0x78,0xD4,0x79,0xFC,0x7A,0xCD,0x7B,0x4B,0x7C,
  0x77,0x7C,0x52,0x7C,0xDF,0x7B,0x21,0x7B,0x1C,0x7A,0xD1,0x78,0x45,0x77,0x7B,0x75,
  0x77,0x73,0x3C,0x71,0xCF,0x6E,0x33,0x6C,0x6C,0x69,0x7F,0x66,0x6E,0x63,0x3F,0x60,
  0xF5,0x5C,0x94,0x59,0x1E,0x56,0x98,0x52,0x04,0x4F,0x66,0x4B,0xC1,0x47,0x16,0x44,
  0x69,0x40,0xBC,0x3C,0x10,0x39,0x67,0x35,0xC2,0x31,0x23,0x2E,0x8A,0x2A,0xF8,0x26,
  0x6E,0x23,0xEB,0x1F,0x6F,0x1C,0xFB,0x18,0x8E,0x15,0x27,0x12,0xC5,0x0E,0x69,0x0B,
  0x10,0x08,0xBA,0x04,0x65,0x01,0x12,0xFE,0xBD,0xFA,0x66,0xF7,0x0D,0xF4,0xAF,0xF0,
  0x4D,0xED,0xE5,0xE9,0x77,0xE6,0x02,0xE3,0x85,0xDF,0x01,0xDC,0x75,0xD8,0xE2,0xD4,
  0x48,0xD1,0xA8,0xCD,0x02,0xCA,0x59,0xC6,0xAC,0xC2,0xFF,0xBE,0x52,0xBB,0xA8,0xB7,
  0x04,0xB4,0x67,0xB0,0xD6,0xAC,0x52,0xA9,0xDF,0xA5,0x81,0xA2,0x3B,0x9F,0x11,0x9C,
  0x06,0x99,0x1F,0x96,0x5F,0x93,0xCA,0x90,0x65,0x8E,0x32,0x8C,0x37,0x8A,0x77,0x88,
  0xF5,0x86,0xB5,0x85,0xBB,0x84,0x09,0x84,0xA3,0x83,0x8B,0x83,0xC3,0x83,0x4F,0x84,
  0x2E,0x85,0x64,0x86,0xF0,0x87,0xD4,0x89,0x10,0x8C,0xA4,0x8E,0x90,0x91,0xD2,0x94,
  0x69,0x98,0x53,0x9C,0x8F,0xA0,0x19,0xA5,0xF0,0xA9,0x0F,0xAF,0x72,0xB4,0x17,0xBA,
  0xF8,0xBF,0x10,0xC6,0x5B,0xCC,0xD4,0xD2,0x74,0xD9,0x37,0xE0,0x16,0xE7,0x0B,0xEE,
  0x11,0xF5,0x20,0xFC,0x31,0x03,0x41,0x0A,0x47,0x11,0x3E,0x18,0x20,0x1F,0xE5,0x25,
  0x89,0x2C,0x06,0x33,0x56,0x39,0x74,0x3F,0x5A,0x45,0x05,0x4B,0x6F,0x50,0x95,0x55,
  0x72,0x5A,0x04,0x5F,0x48,0x63,0x3A,0x67,0xD9,0x6A,0x23,0x6E,0x17,0x71,0xB4,0x73,
  0xF8,0x75,0xE5,0x77,0x7A,0x79,0xB8,0x7A,0x9F,0x7B,0x33,0x7C,0x73,0x7C,0x63,0x7C,
  0x04,0x7C,0x59,0x7B,0x66,0x7A,0x2D,0x79,0xB1,0x77,0xF7,0x75,0x01,0x74,0xD4,0x71,
  0x73,0x6F,0xE3,0x6C,0x27,0x6A,0x43,0x67,0x3C,0x64,0x14,0x61,0xD1,0x5D,0x75,0x5A,
  0x04,0x57,0x82,0x53,0xF2,0x4F,0x56,0x4C,0xB2,0x48,0x09,0x45,0x5C,0x41,0xAF,0x3D,
  0x02,0x3A,0x58,0x36,0xB2,0x32,0x11,0x2F,0x77,0x2B,0xE3,0x27,0x57,0x24,0xD2,0x20,
  0x55,0x1D,0xDF,0x19,0x70,0x16,0x07,0x13,0xA4,0x0F,0x46,0x0C,0xED,0x08,0x96,0x05,
  0x41,0x02,0xEE,0xFE,0x99,0xFB,0x43,0xF8,0xEA,0xF4,0x8E,0xF1,0x2D,0xEE,0xC7,0xEA,
  0x5A,0xE7,0xE7,0xE3,0x6C,0xE0,0xEA,0xDC,0x60,0xD9,0xCF,0xD5,0x37,0xD2,0x98,0xCE,
  0xF4,0xCA,0x4B,0xC7,0x9F,0xC3,0xF2,0xBF,0x45,0xBC,0x9A,0xB8,0xF4,0xB4,0x55,0xB1,
  0xC0,0xAD,0x39,0xAA,0xC1,0xA6,0x5E,0xA3,0x11,0xA0,0xDF,0x9C,0xCC,0x99,0xDB,0x96,
  0x10,0x94,0x70,0x91,0xFE,0x8E,0xBE,0x8C,0xB5,0x8A,0xE5,0x88,0x52,0x87,0x01,0x86,
  0xF5,0x84,0x30,0x84,0xB6,0x83,0x8A,0x83,0xAD,0x83,0x23,0x84,0xEC,0x84,0x0C,0x86,
  0x82,0x87,0x4F,0x89,0x74,0x8B,0xF2,0x8D,0xC7,0x90,0xF2,0x93,0x73,0x97,0x48,0x9B,
  0x6F,0x9F,0xE6,0xA3,0xA9,0xA8,0xB6,0xAD,0x08,0xB3,0x9C,0xB8,0x6E,0xBE,0x78,0xC4,
  0xB7,0xCA,0x24,0xD1,0xBB,0xD7,0x76,0xDE,0x4E,0xE5,0x3E,0xEC,0x40,0xF3,0x4D,0xFA,
  0x5E,0x01,0x6F,0x08,0x78,0x0F,0x74,0x16,0x5C,0x1D,0x29,0x24,0xD6,0x2A,0x5E,0x31,
  0xBA,0x37,0xE5,0x3D,0xDA,0x43,0x94,0x49,0x0F,0x4F,0x47,0x54,0x38,0x59,0xDE,0x5D,
  0x36,0x62,0x3D,0x66,0xF2,0x69,0x52,0x6D,0x5C,0x70,0x0F,0x73,0x6B,0x75,0x6E,0x77,
  0x1A,0x79,0x6E,0x7A,0x6C,0x7B,0x15,0x7C,0x6A,0x7C,0x6F,0x7C,0x24,0x7C,0x8D,0x7B,
  0xAC,0x7A,0x84,0x79,0x19,0x78,0x6F,0x76,0x88,0x74,0x69,0x72,0x15,0x70,0x91,0x6D,
  0xE0,0x6A,0x06,0x68,0x07,0x65,0xE8,0x61,0xAB,0x5E,0x55,0x5B,0xE9,0x57,0x6B,0x54,
  0xDE,0x50,0x45,0x4D,0xA3,0x49,0xFB,0x45,0x4F,0x42,0xA2,0x3E,0xF5,0x3A,0x4A,0x37,
  0xA3,0x33,0x01,0x30,0x64,0x2C,0xCF,0x28,0x40,0x25,0xBA,0x21,0x3A,0x1E,0xC3,0x1A,
  0x52,0x17,0xE8,0x13,0x84,0x10,0x24,0x0D,0xCA,0x09,0x72,0x06,0x1D,0x03,0xCA,0xFF,
  0x75,0xFC,0x20,0xF9,0xC8,0xF5,0x6C,0xF2,0x0D,0xEF,0xA8,0xEB,0x3D,0xE8,0xCB,0xE4,
  0x53,0xE1,0xD2,0xDD,0x4B,0xDA,0xBB,0xD6,0x25,0xD3,0x88,0xCF,0xE5,0xCB,0x3D,0xC8,
  0x92,0xC4,0xE5,0xC0,0x37,0xBD,0x8C,0xB9,0xE4,0xB5,0x43,0xB2,0xAC,0xAE,0x21,0xAB,
  0xA5,0xA7,0x3B,0xA4,0xE9,0xA0,0xAF,0x9D,0x94,0x9A,0x9A,0x97,0xC5,0x94,0x19,0x92,
  0x9B,0x8F,0x4E,0x8D,0x36,0x8B,0x57,0x89,0xB4,0x87,0x52,0x86,0x33,0x85,0x5C,0x84,
  0xCE,0x83,0x8D,0x83,0x9C,0x83,0xFC,0x83,0xB0,0x84,0xB9,0x85,0x19,0x87,0xD0,0x88,
  0xDE,0x8A,0x45,0x8D,0x03,0x90,0x18,0x93,0x84,0x96,0x43,0x9A,0x55,0x9E,0xB8,0xA2,
  0x67,0xA7,0x61,0xAC,0xA2,0xB1,0x25,0xB7,0xE8,0xBC,0xE4,0xC2,0x16,0xC9,0x78,0xCF,
  0x04,0xD6,0xB6,0xDC,0x87,0xE3,0x72,0xEA,0x6F,0xF1,0x7A,0xF8,0x8C,0xFF,0x9D,0x06,
  0xA9,0x0D,0xA8,0x14,0x96,0x1B,0x6A,0x22,0x21,0x29,0xB2,0x2F,0x1A,0x36,0x52,0x3C,
  0x56,0x42,0x20,0x48,0xAC,0x4D,0xF5,0x52,0xF8,0x57,0xB2,0x5C,0x1E,0x61,0x3B,0x65,
  0x05,0x69,0x7B,0x6C,0x9C,0x6F,0x65,0x72,0xD7,0x74,0xF1,0x76,0xB4,0x78,0x1E,0x7A,
  0x32,0x7B,0xF1,0x7B,0x5C,0x7C,0x75,0x7C,0x3F,0x7C,0xBB,0x7B,0xED,0x7A,0xD7,0x79,
  0x7D,0x78,0xE3,0x76,0x0B,0x75,0xFA,0x72,0xB4,0x70,0x3C,0x6E,0x96,0x6B,0xC6,0x68,
  0xD0,0x65,0xB9,0x62,0x83,0x5F,0x34,0x5C,0xCD,0x58,0x54,0x55,0xCA,0x51,0x34,0x4E,
  0x94,0x4A,0xED,0x46,0x42,0x43,0x95,0x3F,0xE7,0x3B,0x3C,0x38,0x94,0x34,0xF0,0x30,
  0x52,0x2D,0xBB,0x29,0x2B,0x26,0xA2,0x22,0x21,0x1F,0xA7,0x1B,0x34,0x18,0xC9,0x14,
  0x63,0x11,0x03,0x0E,0xA7,0x0A,0x4F,0x07,0xF9,0x03,0xA4,0x00,0x51,0xFD,0xFC,0xF9,
  0xA5,0xF6,0x4B,0xF3,0xEC,0xEF,0x89,0xEC,0x1F,0xE9,0xB0,0xE5,0x39,0xE2,0xBA,0xDE,
  0x34,0xDB,0xA7,0xD7,0x12,0xD4,0x77,0xD0,0xD6,0xCC,0x2F,0xC9,0x85,0xC5,0xD8,0xC1,
  0x2A,0xBE,0x7E,0xBA,0xD5,0xB6,0x32,0xB3,0x98,0xAF,0x09,0xAC,0x89,0xA8,0x1B,0xA5,
  0xC2,0xA1,0x82,0x9E,0x5E,0x9B,0x5B,0x98,0x7C,0x95,0xC6,0x92,0x3B,0x90,0xE1,0x8D,
  0xBB,0x8B,0xCD,0x89,0x1A,0x88,0xA7,0x86,0x77,0x85,0x8C,0x84,0xEB,0x83,0x97,0x83,
  0x91,0x83,0xDC,0x83,0x7A,0x84,0x6D,0x85,0xB6,0x86,0x56,0x88,0x4E,0x8A,0x9E,0x8C,
  0x46,0x8F,0x44,0x92,0x9A,0x95,0x44,0x99,0x41,0x9D,0x8F,0xA1,0x2A,0xA6,0x12,0xAB,
  0x40,0xB0,0xB3,0xB5,0x65,0xBB,0x53,0xC1,0x78,0xC7,0xCE,0xCD,0x50,0xD4,0xF9,0xDA,
  0xC2,0xE1,0xA7,0xE8,0xA0,0xEF,0xA8,0xF6,0xB8,0xFD,0xCA,0x04,0xD8,0x0B,0xDB,0x12,
  0xCE,0x19,0xAA,0x20,0x68,0x27,0x04,0x2E,0x77,0x34,0xBC,0x3A,0xCE,0x40,0xA7,0x46,
  0x43,0x4C,0x9E,0x51,0xB4,0x56,0x81,0x5B,0x02,0x60,0x33,0x64,0x13,0x68,0x9F,0x6B,
  0xD6,0x6E,0xB6,0x71,0x3E,0x74,0x6F,0x76,0x48,0x78,0xC9,0x79,0xF3,0x7A,0xC8,0x7B,
  0x48,0x7C,0x76,0x7C,0x54,0x7C,0xE4,0x7B,0x29,0x7B,0x25,0x7A,0xDD,0x78,0x53,0x77,
  0x8B,0x75,0x88,0x73,0x4F,0x71,0xE3,0x6E,0x49,0x6C,0x83,0x69,0x97,0x66,0x88,0x63,
  0x5A,0x60,0x11,0x5D,0xB0,0x59,0x3B,0x56,0xB5,0x52,0x22,0x4F,0x84,0x4B,0xDF,0x47,
  0x35,0x44,0x88,0x40,0xDA,0x3C,0x2E,0x39,0x85,0x35,0xE0,0x31,0x41,0x2E,0xA7,0x2A,
  0x15,0x27,0x8B,0x23,0x07,0x20,0x8C,0x1C,0x18,0x19,0xAA,0x15,0x43,0x12,0xE1,0x0E,
  0x84,0x0B,0x2B,0x08,0xD5,0x04,0x80,0x01,0x2D,0xFE,0xD8,0xFA,0x82,0xF7,0x28,0xF4,
  0xCB,0xF0,0x69,0xED,0x01,0xEA,0x93,0xE6,0x1E,0xE3,0xA2,0xDF,0x1E,0xDC,0x92,0xD8,
  0x00,0xD5,0x66,0xD1,0xC6,0xCD,0x21,0xCA,0x77,0xC6,0xCB,0xC2,0x1D,0xBF,0x70,0xBB,
  0xC6,0xB7,0x22,0xB4,0x85,0xB0,0xF3,0xAC,0x6F,0xA9,0xFC,0xA5,0x9D,0xA2,0x56,0x9F,
  0x2B,0x9C,0x1F,0x99,0x36,0x96,0x75,0x93,0xDF,0x90,0x78,0x8E,0x44,0x8C,0x47,0x8A,
  0x84,0x88,0x00,0x87,0xBF,0x85,0xC2,0x84,0x0E,0x84,0xA5,0x83,0x8A,0x83,0xC0,0x83,
  0x49,0x84,0x26,0x85,0x58,0x86,0xE2,0x87,0xC3,0x89,0xFD,0x8B,0x8E,0x8E,0x76,0x91,
  0xB5,0x94,0x4A,0x98,0x31,0x9C,0x6B,0xA0,0xF3,0xA4,0xC7,0xA9,0xE3,0xAE,0x45,0xB4,
  0xE7,0xB9,0xC6,0xBF,0xDD,0xC5,0x27,0xCC,0x9E,0xD2,0x3D,0xD9,0xFF,0xDF,0xDD,0xE6,
  0xD2,0xED,0xD6,0xF4,0xE5,0xFB,0xF7,0x02,0x07,0x0A,0x0D,0x11,0x05,0x18,0xE7,0x1E,
  0xAE,0x25,0x53,0x2C,0xD1,0x32,0x23,0x39,0x42,0x3F,0x2A,0x45,0xD7,0x4A,0x43,0x50,
  0x6B,0x55,0x4B,0x5A,0xE0,0x5E,0x26,0x63,0x1B,0x67,0xBD,0x6A,0x0A,0x6E,0x00,0x71,
  0x9F,0x73,0xE7,0x75,0xD6,0x77,0x6E,0x79,0xAF,0x7A,0x99,0x7B,0x2F,0x7C,0x72,0x7C,
  0x65,0x7C,0x08,0x7C,0x60,0x7B,0x6F,0x7A,0x38,0x79,0xBF,0x77,0x06,0x76,0x12,0x74,
  0xE7,0x71,0x88,0x6F,0xF9,0x6C,0x3E,0x6A,0x5C,0x67,0x55,0x64,0x2F,0x61,0xEC,0x5D,
  0x91,0x5A,0x21,0x57,0x9F,0x53,0x0F,0x50,0x74,0x4C,0xD0,0x48,0x27,0x45,0x7B,0x41,
  0xCD,0x3D,0x20,0x3A,0x76,0x36,0xD0,0x32,0x2F,0x2F,0x95,0x2B,0x01,0x28,0x74,0x24,
  0xEF,0x20,0x71,0x1D,0xFB,0x19,0x8C,0x16,0x23,0x13,0xC0,0x0F,0x62,0x0C,0x08,0x09,
  0xB1,0x05,0x5C,0x02,0x09,0xFF,0xB5,0xFB,0x5F,0xF8,0x06,0xF5,0xAA,0xF1,0x49,0xEE,
  0xE3,0xEA,0x76,0xE7,0x03,0xE4,0x89,0xE0,0x07,0xDD,0x7D,0xD9,0xEC,0xD5,0x54,0xD2,
  0xB6,0xCE,0x12,0xCB,0x69,0xC7,0xBE,0xC3,0x10,0xC0,0x63,0xBC,0xB8,0xB8,0x12,0xB5,
  0x73,0xB1,0xDE,0xAD,0x56,0xAA,0xDE,0xA6,0x79,0xA3,0x2C,0xA0,0xF9,0x9C,0xE5,0x99,
  0xF3,0x96,0x27,0x94,0x85,0x91,0x12,0x8F,0xD0,0x8C,0xC4,0x8A,0xF3,0x88,0x5E,0x87,
  0x0B,0x86,0xFC,0x84,0x35,0x84,0xB9,0x83,0x8A,0x83,0xAB,0x83,0x1E,0x84,0xE5,0x84,
  0x01,0x86,0x74,0x87,0x3F,0x89,0x61,0x8B,0xDC,0x8D,0xAE,0x90,0xD7,0x93,0x55,0x97,
  0x28,0x9B,0x4C,0x9F,0xC0,0xA3,0x81,0xA8,0x8B,0xAD,0xDB,0xB2,0x6D,0xB8,0x3D,0xBE,
  0x46,0xC4,0x83,0xCA,0xEF,0xD0,0x84,0xD7,0x3E,0xDE,0x15,0xE5,0x04,0xEC,0x06,0xF3,
  0x12,0xFA,0x24,0x01,0x35,0x08,0x3E,0x0F,0x3B,0x16,0x23,0x1D,0xF1,0x23,0xA0,0x2A,
  0x28,0x31,0x86,0x37,0xB3,0x3D,0xAA,0x43,0x66,0x49,0xE3,0x4E,0x1D,0x54,0x10,0x59,
  0xB8,0x5D,0x13,0x62,0x1D,0x66,0xD5,0x69,0x38,0x6D,0x45,0x70,0xFB,0x72,0x59,0x75,
  0x5F,0x77,0x0D,0x79,0x64,0x7A,0x65,0x7B,0x11,0x7C,0x69,0x7C,0x70,0x7C,0x27,0x7C,
  0x93,0x7B,0xB4,0x7A,0x8F,0x79,0x26,0x78,0x7E,0x76,0x99,0x74,0x7B,0x72,0x29,0x70,
  0xA6,0x6D,0xF7,0x6A,0x1E,0x68,0x21,0x65,0x02,0x62,0xC6,0x5E,0x71,0x5B,0x06,0x58,
  0x88,0x54,0xFC,0x50,0x63,0x4D,0xC1,0x49,0x19,0x46,0x6E,0x42,0xC0,0x3E,0x13,0x3B,
  0x68,0x37,0xC1,0x33,0x1E,0x30,0x82,0x2C,0xEC,0x28,0x5E,0x25,0xD7,0x21,0x57,0x1E,
  0xDF,0x1A,0x6E,0x17,0x04,0x14,0x9F,0x10,0x40,0x0D,0xE5,0x09,0x8E,0x06,0x38,0x03,
  0xE5,0xFF,0x91,0xFC,0x3B,0xF9,0xE3,0xF5,0x88,0xF2,0x29,0xEF,0xC4,0xEB,0x59,0xE8,
  0xE8,0xE4,0x6F,0xE1,0xEF,0xDD,0x68,0xDA,0xD9,0xD6,0x43,0xD3,0xA6,0xCF,0x03,0xCC,
  0x5B,0xC8,0xB0,0xC4,0x03,0xC1,0x56,0xBD,0xAA,0xB9,0x02,0xB6,0x61,0xB2,0xC9,0xAE,
  0x3E,0xAB,0xC1,0xA7,0x57,0xA4,0x04,0xA1,0xCA,0x9D,0xAD,0x9A,0xB2,0x97,0xDC,0x94,
  0x2F,0x92,0xAF,0x8F,0x60,0x8D,0x46,0x8B,0x65,0x89,0xC1,0x87,0x5C,0x86,0x3B,0x85,
  0x62,0x84,0xD2,0x83,0x8E,0x83,0x9A,0x83,0xF8,0x83,0xA9,0x84,0xAF,0x85,0x0C,0x87,
  0xC0,0x88,0xCC,0x8A,0x30,0x8D,0xEB,0x8F,0xFE,0x92,0x66,0x96,0x23,0x9A,0x33,0x9E,
  0x92,0xA2,0x3F,0xA7,0x37,0xAC,0x75,0xB1,0xF7,0xB6,0xB7,0xBC,0xB2,0xC2,0xE2,0xC8,
  0x42,0xCF,0xCE,0xD5,0x7E,0xDC,0x4E,0xE3,0x38,0xEA,0x35,0xF1,0x40,0xF8,0x51,0xFF,
  0x62,0x06,0x6F,0x0D,0x6F,0x14,0x5D,0x1B,0x32,0x22,0xEA,0x28,0x7D,0x2F,0xE6,0x35,
  0x20,0x3C,0x25,0x42,0xF1,0x47,0x7F,0x4D,0xCB,0x52,0xD0,0x57,0x8C,0x5C,0xFB,0x60,
  0x1A,0x65,0xE7,0x68,0x60,0x6C,0x83,0x6F,0x50,0x72,0xC5,0x74,0xE2,0x76,0xA6,0x78,
  0x14,0x7A,0x2B,0x7B,0xEC,0x7B,0x5A,0x7C,0x76,0x7C,0x42,0x7C,0xC0,0x7B,0xF4,0x7A,
  0xE1,0x79,0x89,0x78,0xF1,0x76,0x1B,0x75,0x0C,0x73,0xC7,0x70,0x51,0x6E,0xAC,0x6B,
  0xDE,0x68,0xE9,0x65,0xD3,0x62,0x9E,0x5F,0x4F,0x5C,0xEA,0x58,0x70,0x55,0xE7,0x51,
  0x52,0x4E,0xB2,0x4A,0x0B,0x47,0x60,0x43,0xB3,0x3F,0x06,0x3C,0x5A,0x38,0xB2,0x34,
  0x0E,0x31,0x69,0x2D,0xCC,0x29,0x37,0x26,0xAB,0x22,0x27,0x1F,0xAB,0x1B,0x38,0x18,
  0xCD,0x14,0x68,0x11,0x0A,0x0E,0xB1,0x0A,0x5D,0x07,0x0D,0x04,0xBE,0x00,0x72,0xFD,
  0x25,0xFA,0xD7,0xF6,0x87,0xF3,0x34,0xF0,0xDD,0xEC,0x81,0xE9,0x20,0xE6,0xB8,0xE2,
  0x4B,0xDF,0xD7,0xDB,0x5C,0xD8,0xDC,0xD4,0x56,0xD1,0xCB,0xCD,0x3B,0xCA,0xA9,0xC6,
  0x16,0xC3,0x83,0xBF,0xF3,0xBB,0x66,0xB8,0xE1,0xB4,0x65,0xB1,0xF5,0xAD,0x94,0xAA,
  0x46,0xA7,0x0D,0xA4,0xEE,0xA0,0xEB,0x9D,0x09,0x9B,0x4A,0x98,0xB4,0x95,0x49,0x93,
  0x0E,0x91,0x06,0x8F,0x35,0x8D,0x9E,0x8B,0x45,0x8A,0x2E,0x89,0x5A,0x88,0xCE,0x87,
  0x8B,0x87,0x95,0x87,0xED,0x87,0x95,0x88,0x8F,0x89,0xDC,0x8A,0x7C,0x8C,0x71,0x8E,
  0xBA,0x90,0x56,0x93,0x46,0x96,0x89,0x99,0x1B,0x9D,0xFD,0xA0,0x2B,0xA5,0xA2,0xA9,
  0x61,0xAE,0x63,0xB3,0xA5,0xB8,0x22,0xBE,0xD7,0xC3,0xBE,0xC9,0xD3,0xCF,0x11,0xD6,
  0x71,0xDC,0xF0,0xE2,0x86,0xE9,0x2E,0xF0,0xE3,0xF6,0x9D,0xFD,0x57,0x04,0x0B,0x0B,
  0xB4,0x11,0x4B,0x18,0xCA,0x1E,0x2C,0x25,0x6B,0x2B,0x81,0x31,0x6B,0x37,0x22,0x3D,
  0xA2,0x42,0xE7,0x47,0xED,0x4C,0xB0,0x51,0x2D,0x56,0x60,0x5A,0x48,0x5E,0xE2,0x61,
  0x2C,0x65,0x25,0x68,0xCB,0x6A,0x1F,0x6D,0x1F,0x6F,0xCC,0x70,0x26,0x72,0x2F,0x73,
  0xE7,0x73,0x50,0x74,0x6B,0x74,0x3B,0x74,0xC3,0x73,0x04,0x73,0x02,0x72,0xC0,0x70,
  0x41,0x6F,0x89,0x6D,0x9B,0x6B,0x7A,0x69,0x2B,0x67,0xB1,0x64,0x10,0x62,0x4B,0x5F,
  0x67,0x5C,0x67,0x59,0x4E,0x56,0x21,0x53,0xE2,0x4F,0x94,0x4C,0x3A,0x49,0xD8,0x45,
  0x70,0x42,0x05,0x3F,0x97,0x3B,0x2B,0x38,0xC0,0x34,0x59,0x31,0xF8,0x2D,0x9C,0x2A,
  0x47,0x27,0xFA,0x23,0xB4,0x20,0x77,0x1D,0x41,0x1A,0x13,0x17,0xEC,0x13,0xCC,0x10,
  0xB2,0x0D,0x9E,0x0A,0x8E,0x07,0x81,0x04,0x77,0x01,0x70,0xFE,0x68,0xFB,0x5F,0xF8,
  0x55,0xF5,0x48,0xF2,0x38,0xEF,0x23,0xEC,0x0A,0xE9,0xEC,0xE5,0xC8,0xE2,0x9E,0xDF,
  0x6E,0xDC,0x39,0xD9,0xFF,0xD5,0xC0,0xD2,0x7D,0xCF,0x37,0xCC,0xF0,0xC8,0xA8,0xC5,
  0x63,0xC2,0x21,0xBF,0xE5,0xBB,0xB0,0xB8,0x87,0xB5,0x6B,0xB2,0x5F,0xAF,0x66,0xAC,
  0x83,0xA9,0xBA,0xA6,0x0E,0xA4,0x82,0xA1,0x1A,0x9F,0xD9,0x9C,0xC3,0x9A,0xDB,0x98,
  0x25,0x97,0xA3,0x95,0x59,0x94,0x4B,0x93,0x7A,0x92,0xEA,0x91,0x9C,0x91,0x95,0x91,
  0xD4,0x91,0x5D,0x92,0x30,0x93,0x4F,0x94,0xBA,0x95,0x72,0x97,0x78,0x99,0xCA,0x9B,
  0x69,0x9E,0x53,0xA1,0x87,0xA4,0x04,0xA8,0xC8,0xAB,0xCF,0xAF,0x18,0xB4,0xA0,0xB8,
  0x63,0xBD,0x5D,0xC2,0x8B,0xC7,0xE8,0xCC,0x70,0xD2,0x1E,0xD8,0xEE,0xDD,0xDA,0xE3,
  0xDC,0xE9,0xF1,0xEF,0x12,0xF6,0x3A,0xFC,0x62,0x02,0x87,0x08,0xA2,0x0E,0xAE,0x14,
  0xA6,0x1A,0x84,0x20,0x43,0x26,0xDE,0x2B,0x51,0x31,0x97,0x36,0xAC,0x3B,0x8B,0x40,
  0x32,0x45,0x9C,0x49,0xC6,0x4D,0xAE,0x51,0x51,0x55,0xAE,0x58,0xC1,0x5B,0x8B,0x5E,
  0x09,0x61,0x3C,0x63,0x22,0x65,0xBC,0x66,0x0B,0x68,0x0E,0x69,0xC8,0x69,0x39,0x6A,
  0x62,0x6A,0x46,0x6A,0xE8,0x69,0x48,0x69,0x6B,0x68,0x52,0x67,0x01,0x66,0x7A,0x64,
  0xC2,0x62,0xDA,0x60,0xC8,0x5E,0x8D,0x5C,0x2E,0x5A,0xAE,0x57,0x10,0x55,0x57,0x52,
  0x88,0x4F,0xA5,0x4C,0xB0,0x49,0xAE,0x46,0xA1,0x43,0x8C,0x40,0x70,0x3D,0x51,0x3A,
  0x2F,0x37,0x0E,0x34,0xEF,0x30,0xD3,0x2D,0xBB,0x2A,0xA9,0x27,0x9C,0x24,0x97,0x21,
  0x99,0x1E,0xA2,0x1B,0xB2,0x18,0xCA,0x15,0xE8,0x12,0x0D,0x10,0x37,0x0D,0x67,0x0A,
  0x9B,0x07,0xD3,0x04,0x0D,0x02,0x4A,0xFF,0x86,0xFC,0xC3,0xF9,0xFE,0xF6,0x37,0xF4,
  0x6E,0xF1,0xA1,0xEE,0xD0,0xEB,0xFA,0xE8,0x1F,0xE6,0x3F,0xE3,0x5A,0xE0,0x70,0xDD,
  0x81,0xDA,0x8E,0xD7,0x97,0xD4,0x9D,0xD1,0xA2,0xCE,0xA7,0xCB,0xAC,0xC8,0xB5,0xC5,
  0xC2,0xC2,0xD7,0xBF,0xF4,0xBC,0x1D,0xBA,0x54,0xB7,0x9C,0xB4,0xF8,0xB1,0x6A,0xAF,
  0xF5,0xAC,0x9E,0xAA,0x66,0xA8,0x51,0xA6,0x63,0xA4,0x9D,0xA2,0x04,0xA1,0x9A,0x9F,
  0x62,0x9E,0x60,0x9D,0x95,0x9C,0x04,0x9C,0xAF,0x9B,0x99,0x9B,0xC4,0x9B,0x30,0x9C,
  0xE0,0x9C,0xD5,0x9D,0x0F,0x9F,0x8E,0xA0,0x54,0xA2,0x5F,0xA4,0xB1,0xA6,0x46,0xA9,
  0x20,0xAC,0x3C,0xAF,0x98,0xB2,0x32,0xB6,0x09,0xBA,0x19,0xBE,0x5F,0xC2,0xD9,0xC6,
  0x82,0xCB,0x57,0xD0,0x53,0xD5,0x74,0xDA,0xB3,0xDF,0x0D,0xE5,0x7E,0xEA,0xFF,0xEF,
  0x8D,0xF5,0x22,0xFB,0xB8,0x00,0x4D,0x06,0xDA,0x0B,0x5A,0x11,0xC9,0x16,0x21,0x1C,
  0x5F,0x21,0x7D,0x26,0x77,0x2B,0x4A,0x30,0xF0,0x34,0x67,0x39,0xAB,0x3D,0xB9,0x41,
  0x8E,0x45,0x27,0x49,0x82,0x4C,0x9D,0x4F,0x77,0x52,0x0D,0x55,0x60,0x57,0x6E,0x59,
  0x37,0x5B,0xBB,0x5C,0xFA,0x5D,0xF5,0x5E,0xAC,0x5F,0x21,0x60,0x56,0x60,0x4B,0x60,
  0x03,0x60,0x80,0x5F,0xC4,0x5E,0xD1,0x5D,0xAB,0x5C,0x54,0x5B,0xCF,0x59,0x1F,0x58,
  0x47,0x56,0x4A,0x54,0x2C,0x52,0xEE,0x4F,0x95,0x4D,0x24,0x4B,0x9D,0x48,0x03,0x46,
  0x59,0x43,0xA3,0x40,0xE1,0x3D,0x18,0x3B,0x49,0x38,0x75,0x35,0xA0,0x32,0xCB,0x2F,
  0xF7,0x2C,0x26,0x2A,0x58,0x27,0x8F,0x24,0xCC,0x21,0x0F,0x1F,0x58,0x1C,0xA8,0x19,
  0xFF,0x16,0x5C,0x14,0xC0,0x11,0x29,0x0F,0x99,0x0C,0x0D,0x0A,0x85,0x07,0x01,0x05,
  0x7F,0x02,0x00,0x00,0x82,0xFD,0x03,0xFB,0x84,0xF8,0x03,0xF6,0x80,0xF3,0xFA,0xF0,
  0x70,0xEE,0xE3,0xEB,0x51,0xE9,0xBB,0xE6,0x20,0xE4,0x80,0xE1,0xDD,0xDE,0x35,0xDC,
  0x8A,0xD9,0xDC,0xD6,0x2D,0xD4,0x7D,0xD1,0xCF,0xCE,0x22,0xCC,0x7A,0xC9,0xD7,0xC6,
  0x3C,0xC4,0xAB,0xC1,0x26,0xBF,0xB0,0xBC,0x4B,0xBA,0xFA,0xB7,0xBF,0xB5,0x9D,0xB3,
  0x98,0xB1,0xB1,0xAF,0xEC,0xAD,0x4B,0xAC,0xD2,0xAA,0x82,0xA9,0x5F,0xA8,0x6C,0xA7,
  0xAA,0xA6,0x1B,0xA6,0xC3,0xA5,0xA2,0xA5,0xBB,0xA5,0x0F,0xA6,0x9F,0xA6,0x6D,0xA7,
  0x79,0xA8,0xC4,0xA9,0x4D,0xAB,0x16,0xAD,0x1D,0xAF,0x62,0xB1,0xE4,0xB3,0xA2,0xB6,
  0x9A,0xB9,0xCA,0xBC,0x31,0xC0,0xCC,0xC3,0x99,0xC7,0x94,0xCB,0xBB,0xCF,0x09,0xD4,
  0x7C,0xD8,0x10,0xDD,0xC1,0xE1,0x8B,0xE6,0x6A,0xEB,0x58,0xF0,0x53,0xF5,0x55,0xFA,
  0x5B,0xFF,0x5D,0x04,0x5B,0x09,0x4F,0x0E,0x33,0x13,0x05,0x18,0xBF,0x1C,0x5E,0x21,
  0xDD,0x25,0x3A,0x2A,0x70,0x2E,0x7B,0x32,0x5A,0x36,0x09,0x3A,0x84,0x3D,0xCB,0x40,
  0xDB,0x43,0xB1,0x46,0x4D,0x49,0xAD,0x4B,0xD1,0x4D,0xB6,0x4F,0x5E,0x51,0xC8,0x52,
  0xF4,0x53,0xE3,0x54,0x95,0x55,0x0B,0x56,0x47,0x56,0x4A,0x56,0x16,0x56,0xAC,0x55,
  0x0F,0x55,0x40,0x54,0x43,0x53,0x19,0x52,0xC5,0x50,0x4A,0x4F,0xAB,0x4D,0xEA,0x4B,
  0x0A,0x4A,0x0E,0x48,0xF9,0x45,0xCD,0x43,0x8D,0x41,0x3C,0x3F,0xDD,0x3C,0x71,0x3A,
  0xFB,0x37,0x7D,0x35,0xFA,0x32,0x73,0x30,0xEA,0x2D,0x61,0x2B,0xD8,0x28,0x52,0x26,
  0xCE,0x23,0x4F,0x21,0xD5,0x1E,0x61,0x1C,0xF2,0x19,0x89,0x17,0x26,0x15,0xCA,0x12,
  0x73,0x10,0x22,0x0E,0xD6,0x0B,0x8F,0x09,0x4B,0x07,0x0B,0x05,0xCE,0x02,0x93,0x00,
  0x5A,0xFE,0x20,0xFC,0xE6,0xF9,0xAA,0xF7,0x6D,0xF5,0x2E,0xF3,0xEC,0xF0,0xA7,0xEE,
  0x5D,0xEC,0x10,0xEA,0xBF,0xE7,0x6A,0xE5,0x11,0xE3,0xB5,0xE0,0x56,0xDE,0xF4,0xDB,
  0x91,0xD9,0x2D,0xD7,0xCA,0xD4,0x69,0xD2,0x0A,0xD0,0xB1,0xCD,0x5E,0xCB,0x14,0xC9,
  0xD4,0xC6,0xA1,0xC4,0x7D,0xC2,0x69,0xC0,0x69,0xBE,0x7F,0xBC,0xAE,0xBA,0xF7,0xB8,
  0x5E,0xB7,0xE4,0xB5,0x8D,0xB4,0x5B,0xB3,0x4F,0xB2,0x6E,0xB1,0xB7,0xB0,0x2F,0xB0,
  0xD5,0xAF,0xAD,0xAF,0xB8,0xAF,0xF7,0xAF,0x6B,0xB0,0x16,0xB1,0xF8,0xB1,0x11,0xB3,
  0x62,0xB4,0xEB,0xB5,0xAC,0xB7,0xA4,0xB9,0xD2,0xBB,0x35,0xBE,0xCC,0xC0,0x96,0xC3,
  0x90,0xC6,0xBA,0xC9,0x0F,0xCD,0x8E,0xD0,0x34,0xD4,0xFF,0xD7,0xEB,0xDB,0xF4,0xDF,
  0x18,0xE4,0x52,0xE8,0xA0,0xEC,0xFC,0xF0,0x65,0xF5,0xD4,0xF9,0x47,0xFE,0xB9,0x02,
  0x27,0x07,0x8D,0x0B,0xE6,0x0F,0x2F,0x14,0x65,0x18,0x82,0x1C,0x85,0x20,0x69,0x24,
  0x2B,0x28,0xC9,0x2B,0x40,0x2F,0x8C,0x32,0xAC,0x35,0x9D,0x38,0x5E,0x3B,0xEC,0x3D,
  0x47,0x40,0x6D,0x42,0x5D,0x44,0x17,0x46,0x9A,0x47,0xE6,0x48,0xFC,0x49,0xDA,0x4A,
  0x84,0x4B,0xF8,0x4B,0x38,0x4C,0x45,0x4C,0x21,0x4C,0xCE,0x4B,0x4C,0x4B,0x9F,0x4A,
  0xC7,0x49,0xC8,0x48,0xA3,0x47,0x5C,0x46,0xF3,0x44,0x6C,0x43,0xC9,0x41,0x0D,0x40,
  0x3B,0x3E,0x53,0x3C,0x5A,0x3A,0x51,0x38,0x3B,0x36,0x19,0x34,0xEE,0x31,0xBC,0x2F,
  0x85,0x2D,0x4A,0x2B,0x0D,0x29,0xCF,0x26,0x92,0x24,0x57,0x22,0x1E,0x20,0xE9,0x1D,
  0xB9,0x1B,0x8D,0x19,0x66,0x17,0x45,0x15,0x29,0x13,0x13,0x11,0x02,0x0F,0xF7,0x0C,
  0xF0,0x0A,0xED,0x08,0xEE,0x06,0xF3,0x04,0xFA,0x02,0x03,0x01,0x0E,0xFF,0x19,0xFD,
  0x24,0xFB,0x2E,0xF9,0x37,0xF7,0x3E,0xF5,0x43,0xF3,0x45,0xF1,0x44,0xEF,0x40,0xED,
  0x39,0xEB,0x2E,0xE9,0x20,0xE7,0x0F,0xE5,0xFB,0xE2,0xE5,0xE0,0xCE,0xDE,0xB6,0xDC,
  0x9E,0xDA,0x88,0xD8,0x75,0xD6,0x65,0xD4,0x5B,0xD2,0x58,0xD0,0x5E,0xCE,0x6F,0xCC,
  0x8C,0xCA,0xB8,0xC8,0xF4,0xC6,0x44,0xC5,0xA8,0xC3,0x23,0xC2,0xB7,0xC0,0x67,0xBF,
  0x35,0xBE,0x22,0xBD,0x31,0xBC,0x64,0xBB,0xBC,0xBA,0x3D,0xBA,0xE6,0xB9,0xBA,0xB9,
  0xBA,0xB9,0xE7,0xB9,0x43,0xBA,0xCF,0xBA,0x8A,0xBB,0x75,0xBC,0x92,0xBD,0xDF,0xBE,
  0x5D,0xC0,0x0B,0xC2,0xE8,0xC3,0xF4,0xC5,0x2E,0xC8,0x94,0xCA,0x25,0xCD,0xDF,0xCF,
  0xC0,0xD2,0xC6,0xD5,0xEF,0xD8,0x37,0xDC,0x9D,0xDF,0x1E,0xE3,0xB6,0xE6,0x62,0xEA,
  0x20,0xEE,0xEB,0xF1,0xC1,0xF5,0x9F,0xF9,0x80,0xFD,0x60,0x01,0x3E,0x05,0x15,0x09,
  0xE2,0x0C,0xA1,0x10,0x50,0x14,0xEA,0x17,0x6E,0x1B,0xD8,0x1E,0x24,0x22,0x52,0x25,
  0x5D,0x28,0x44,0x2B,0x05,0x2E,0x9D,0x30,0x0C,0x33,0x4F,0x35,0x65,0x37,0x4D,0x39,
  0x07,0x3B,0x91,0x3C,0xEC,0x3D,0x16,0x3F,0x11,0x40,0xDD,0x40,0x7A,0x41,0xE8,0x41,
  0x29,0x42,0x3D,0x42,0x27,0x42,0xE6,0x41,0x7E,0x41,0xEE,0x40,0x3A,0x40,0x63,0x3F,
  0x6B,0x3E,0x54,0x3D,0x20,0x3C,0xD2,0x3A,0x6B,0x39,0xED,0x37,0x5B,0x36,0xB7,0x34,
  0x03,0x33,0x41,0x31,0x73,0x2F,0x9B,0x2D,0xBB,0x2B,0xD4,0x29,0xE8,0x27,0xF9,0x25,
  0x08,0x24,0x16,0x22,0x25,0x20,0x35,0x1E,0x47,0x1C,0x5D,0x1A,0x76,0x18,0x93,0x16,
  0xB5,0x14,0xDC,0x12,0x08,0x11,0x38,0x0F,0x6D,0x0D,0xA7,0x0B,0xE6,0x09,0x28,0x08,
  0x6E,0x06,0xB6,0x04,0x02,0x03,0x4F,0x01,0x9F,0xFF,0xEE,0xFD,0x3E,0xFC,0x8E,0xFA,
  0xDC,0xF8,0x2A,0xF7,0x76,0xF5,0xBF,0xF3,0x06,0xF2,0x4B,0xF0,0x8D,0xEE,0xCC,0xEC,
  0x08,0xEB,0x42,0xE9,0x79,0xE7,0xAF,0xE5,0xE4,0xE3,0x18,0xE2,0x4C,0xE0,0x81,0xDE,
  0xB8,0xDC,0xF3,0xDA,0x32,0xD9,0x78,0xD7,0xC4,0xD5,0x19,0xD4,0x79,0xD2,0xE5,0xD0,
  0x60,0xCF,0xE9,0xCD,0x85,0xCC,0x34,0xCB,0xF8,0xC9,0xD4,0xC8,0xC8,0xC7,0xD7,0xC6,
  0x03,0xC6,0x4E,0xC5,0xB8,0xC4,0x44,0xC4,0xF3,0xC3,0xC6,0xC3,0xBF,0xC3,0xDF,0xC3,
  0x26,0xC4,0x95,0xC4,0x2D,0xC5,0xEF,0xC5,0xDA,0xC6,0xEF,0xC7,0x2E,0xC9,0x95,0xCA,
  0x26,0xCC,0xDE,0xCD,0xBE,0xCF,0xC4,0xD1,0xEE,0xD3,0x3C,0xD6,0xAC,0xD8,0x3B,0xDB,
  0xE8,0xDD,0xB1,0xE0,0x93,0xE3,0x8D,0xE6,0x9A,0xE9,0xBA,0xEC,0xE9,0xEF,0x24,0xF3,
  0x69,0xF6,0xB4,0xF9,0x03,0xFD,0x51,0x00,0x9F,0x03,0xE6,0x06,0x26,0x0A,0x5B,0x0D,
  0x81,0x10,0x97,0x13,0x9A,0x16,0x87,0x19,0x5C,0x1C,0x16,0x1F,0xB4,0x21,0x33,0x24,
  0x91,0x26,0xCE,0x28,0xE6,0x2A,0xDA,0x2C,0xA8,0x2E,0x4F,0x30,0xCF,0x31,0x26,0x33,
  0x54,0x34,0x5A,0x35,0x37,0x36,0xEC,0x36,0x78,0x37,0xDE,0x37,0x1C,0x38,0x34,0x38,
  0x27,0x38,0xF7,0x37,0xA4,0x37,0x30,0x37,0x9D,0x36,0xEB,0x35,0x1E,0x35,0x35,0x34,
  0x34,0x33,0x1C,0x32,0xEE,0x30,0xAE,0x2F,0x5B,0x2E,0xF9,0x2C,0x8A,0x2B,0x0E,0x2A,
  0x87,0x28,0xF8,0x26,0x62,0x25,0xC6,0x23,0x25,0x22,0x82,0x20,0xDC,0x1E,0x36,0x1D,
  0x91,0x1B,0xEC,0x19,0x4A,0x18,0xAA,0x16,0x0D,0x15,0x74,0x13,0xDF,0x11,0x4D,0x10,
  0xC1,0x0E,0x38,0x0D,0xB4,0x0B,0x34,0x0A,0xB7,0x08,0x3F,0x07,0xC9,0x05,0x57,0x04,
  0xE6,0x02,0x78,0x01,0x0B,0x00,0xA0,0xFE,0x35,0xFD,0xCA,0xFB,0x5E,0xFA,0xF1,0xF8,
  0x84,0xF7,0x14,0xF6,0xA3,0xF4,0x30,0xF3,0xBB,0xF1,0x43,0xF0,0xCA,0xEE,0x4E,0xED,
  0xD1,0xEB,0x52,0xEA,0xD2,0xE8,0x52,0xE7,0xD2,0xE5,0x53,0xE4,0xD5,0xE2,0x5A,0xE1,
  0xE3,0xDF,0x71,0xDE,0x05,0xDD,0xA0,0xDB,0x43,0xDA,0xF1,0xD8,0xAA,0xD7,0x70,0xD6,
  0x45,0xD5,0x29,0xD4,0x1F,0xD3,0x28,0xD2,0x46,0xD1,0x7A,0xD0,0xC6,0xCF,0x2A,0xCF,
  0xA9,0xCE,0x44,0xCE,0xFC,0xCD,0xD2,0xCD,0xC6,0xCD,0xDB,0xCD,0x11,0xCE,0x68,0xCE,
  0xE1,0xCE,0x7C,0xCF,0x3A,0xD0,0x1A,0xD1,0x1D,0xD2,0x42,0xD3,0x89,0xD4,0xF2,0xD5,
  0x7B,0xD7,0x23,0xD9,0xEB,0xDA,0xCF,0xDC,0xD0,0xDE,0xEC,0xE0,0x20,0xE3,0x6B,0xE5,
  0xCC,0xE7,0x40,0xEA,0xC6,0xEC,0x5A,0xEF,0xFC,0xF1,0xA7,0xF4,0x5B,0xF7,0x15,0xFA,
  0xD2,0xFC,0x8F,0xFF,0x4A,0x02,0x02,0x05,0xB4,0x07,0x5C,0x0A,0xF9,0x0C,0x89,0x0F,
  0x09,0x12,0x77,0x14,0xD2,0x16,0x17,0x19,0x44,0x1B,0x58,0x1D,0x51,0x1F,0x2F,0x21,
  0xEF,0x22,0x90,0x24,0x13,0x26,0x75,0x27,0xB6,0x28,0xD7,0x29,0xD6,0x2A,0xB3,0x2B,
  0x6E,0x2C,0x08,0x2D,0x81,0x2D,0xDA,0x2D,0x12,0x2E,0x2A,0x2E,0x25,0x2E,0x01,0x2E,
  0xC1,0x2D,0x66,0x2D,0xF0,0x2C,0x61,0x2C,0xBB,0x2B,0xFF,0x2A,0x2F,0x2A,0x4B,0x29,
  0x55,0x28,0x50,0x27,0x3B,0x26,0x1A,0x25,0xED,0x23,0xB6,0x22,0x77,0x21,0x30,0x20,
  0xE3,0x1E,0x91,0x1D,0x3B,0x1C,0xE3,0x1A,0x89,0x19,0x2F,0x18,0xD5,0x16,0x7C,0x15,
  0x25,0x14,0xD0,0x12,0x7D,0x11,0x2E,0x10,0xE2,0x0E,0x99,0x0D,0x55,0x0C,0x13,0x0B,
  0xD6,0x09,0x9C,0x08,0x65,0x07,0x32,0x06,0x01,0x05,0xD3,0x03,0xA8,0x02,0x7E,0x01,
  0x55,0x00,0x2F,0xFF,0x08,0xFE,0xE2,0xFC,0xBC,0xFB,0x95,0xFA,0x6D,0xF9,0x45,0xF8,
  0x1B,0xF7,0xF0,0xF5,0xC3,0xF4,0x95,0xF3,0x65,0xF2,0x34,0xF1,0x01,0xF0,0xCE,0xEE,
  0x9A,0xED,0x65,0xEC,0x31,0xEB,0xFD,0xE9,0xCB,0xE8,0x9B,0xE7,0x6E,0xE6,0x45,0xE5,
  0x21,0xE4,0x02,0xE3,0xEA,0xE1,0xDA,0xE0,0xD4,0xDF,0xD7,0xDE,0xE6,0xDD,0x02,0xDD,
  0x2C,0xDC,0x65,0xDB,0xAE,0xDA,0x09,0xDA,0x77,0xD9,0xF8,0xD8,0x8F,0xD8,0x3B,0xD8,
  0xFF,0xD7,0xDA,0xD7,0xCE,0xD7,0xDC,0xD7,0x04,0xD8,0x46,0xD8,0xA3,0xD8,0x1C,0xD9,
  0xB0,0xD9,0x5F,0xDA,0x2A,0xDB,0x10,0xDC,0x12,0xDD,0x2D,0xDE,0x63,0xDF,0xB2,0xE0,
  0x19,0xE2,0x98,0xE3,0x2D,0xE5,0xD7,0xE6,0x95,0xE8,0x66,0xEA,0x47,0xEC,0x38,0xEE,
  0x37,0xF0,0x42,0xF2,0x57,0xF4,0x74,0xF6,0x98,0xF8,0xC1,0xFA,0xEC,0xFC,0x18,0xFF,
  0x41,0x01,0x69,0x03,0x8B,0x05,0xA7,0x07,0xB9,0x09,0xC1,0x0B,0xBD,0x0D,0xAA,0x0F,
  0x88,0x11,0x55,0x13,0x0F,0x15,0xB6,0x16,0x47,0x18,0xC2,0x19,0x26,0x1B,0x72,0x1C,
  0xA6,0x1D,0xBF,0x1E,0xC0,0x1F,0xA5,0x20,0x71,0x21,0x22,0x22,0xB8,0x22,0x34,0x23,
  0x96,0x23,0xDE,0x23,0x0C,0x24,0x22,0x24,0x1F,0x24,0x06,0x24,0xD5,0x23,0x8F,0x23,
  0x35,0x23,0xC6,0x22,0x46,0x22,0xB3,0x21,0x11,0x21,0x5F,0x20,0xA0,0x1F,0xD4,0x1E,
  0xFC,0x1D,0x1A,0x1D,0x2F,0x1C,0x3C,0x1B,0x42,0x1A,0x42,0x19,0x3E,0x18,0x36,0x17,
  0x2B,0x16,0x1E,0x15,0x10,0x14,0x01,0x13,0xF3,0x11,0xE6,0x10,0xDA,0x0F,0xCF,0x0E,
  0xC8,0x0D,0xC2,0x0C,0xC0,0x0B,0xC0,0x0A,0xC3,0x09,0xCA,0x08,0xD3,0x07,0xE0,0x06,
  0xEF,0x05,0x01,0x05,0x16,0x04,0x2D,0x03,0x45,0x02,0x60,0x01,0x7C,0x00,0x9A,0xFF,
  0xB8,0xFE,0xD7,0xFD,0xF5,0xFC,0x14,0xFC,0x33,0xFB,0x51,0xFA,0x6E,0xF9,0x8B,0xF8,
  0xA6,0xF7,0xC1,0xF6,0xDB,0xF5,0xF3,0xF4,0x0C,0xF4,0x23,0xF3,0x3A,0xF2,0x51,0xF1,
  0x69,0xF0,0x81,0xEF,0x9A,0xEE,0xB5,0xED,0xD3,0xEC,0xF3,0xEB,0x17,0xEB,0x40,0xEA,
  0x6D,0xE9,0xA1,0xE8,0xDC,0xE7,0x1E,0xE7,0x69,0xE6,0xBE,0xE5,0x1D,0xE5,0x88,0xE4,
  0xFF,0xE3,0x83,0xE3,0x15,0xE3,0xB6,0xE2,0x67,0xE2,0x28,0xE2,0xFB,0xE1,0xDF,0xE1,
  0xD6,0xE1,0xE0,0xE1,0xFD,0xE1,0x2E,0xE2,0x73,0xE2,0xCC,0xE2,0x3A,0xE3,0xBC,0xE3,
  0x53,0xE4,0xFE,0xE4,0xBD,0xE5,0x90,0xE6,0x75,0xE7,0x6E,0xE8,0x78,0xE9,0x94,0xEA,
  0xC0,0xEB,0xFC,0xEC,0x47,0xEE,0x9F,0xEF,0x03,0xF1,0x73,0xF2,0xED,0xF3,0x70,0xF5,
  0xFA,0xF6,0x8A,0xF8,0x1F,0xFA,0xB7,0xFB,0x51,0xFD,0xEB,0xFE,0x83,0x00,0x1A,0x02,
  0xAD,0x03,0x3A,0x05,0xC1,0x06,0x40,0x08,0xB5,0x09,0x20,0x0B,0x7F,0x0C,0xD2,0x0D,
  0x17,0x0F,0x4D,0x10,0x73,0x11,0x89,0x12,0x8E,0x13,0x81,0x14,0x62,0x15,0x30,0x16,
  0xEB,0x16,0x93,0x17,0x28,0x18,0xA8,0x18,0x16,0x19,0x70,0x19,0xB7,0x19,0xEB,0x19,
  0x0C,0x1A,0x1C,0x1A,0x19,0x1A,0x06,0x1A,0xE2,0x19,0xAF,0x19,0x6C,0x19,0x1B,0x19,
  0xBD,0x18,0x52,0x18,0xDC,0x17,0x5A,0x17,0xCF,0x16,0x3A,0x16,0x9E,0x15,0xF9,0x14,
  0x4F,0x14,0x9E,0x13,0xE9,0x12,0x30,0x12,0x74,0x11,0xB5,0x10,0xF4,0x0F,0x32,0x0F,
  0x6F,0x0E,0xAC,0x0D,0xE9,0x0C,0x28,0x0C,0x67,0x0B,0xA8,0x0A,0xEB,0x09,0x30,0x09,
  0x77,0x08,0xC1,0x07,0x0C,0x07,0x5B,0x06,0xAC,0x05,0xFF,0x04,0x55,0x04,0xAC,0x03,
  0x06,0x03,0x62,0x02,0xC0,0x01,0x1F,0x01,0x7F,0x00,0xE2,0xFF,0x44,0xFF,0xA8,0xFE,
  0x0C,0xFE,0x70,0xFD,0xD4,0xFC,0x38,0xFC,0x9C,0xFB,0x00,0xFB,0x64,0xFA,0xC7,0xF9,
  0x2A,0xF9,0x8D,0xF8,0xEF,0xF7,0x51,0xF7,0xB4,0xF6,0x16,0xF6,0x79,0xF5,0xDD,0xF4,
  0x42,0xF4,0xA8,0xF3,0x11,0xF3,0x7B,0xF2,0xE8,0xF1,0x58,0xF1,0xCC,0xF0,0x45,0xF0,
  0xC2,0xEF,0x45,0xEF,0xCD,0xEE,0x5C,0xEE,0xF3,0xED,0x91,0xED,0x38,0xED,0xE7,0xEC,
  0xA1,0xEC,0x64,0xEC,0x31,0xEC,0x0A,0xEC,0xEF,0xEB,0xDF,0xEB,0xDC,0xEB,0xE5,0xEB,
  0xFB,0xEB,0x1E,0xEC,0x4F,0xEC,0x8C,0xEC,0xD8,0xEC,0x30,0xED,0x96,0xED,0x0A,0xEE,
  0x8A,0xEE,0x17,0xEF,0xB0,0xEF,0x56,0xF0,0x07,0xF1,0xC3,0xF1,0x89,0xF2,0x5A,0xF3,
  0x34,0xF4,0x16,0xF5,0x00,0xF6,0xF1,0xF6,0xE8,0xF7,0xE4,0xF8,0xE5,0xF9,0xE9,0xFA,
  0xF0,0xFB,0xF8,0xFC,0x01,0xFE,0x0A,0xFF,0x10,0x00,0x16,0x01,0x18,0x02,0x17,0x03,
  0x11,0x04,0x05,0x05,0xF3,0x05,0xD9,0x06,0xB8,0x07,0x8E,0x08,0x5B,0x09,0x1E,0x0A,
  0xD7,0x0A,0x84,0x0B,0x27,0x0C,0xBE,0x0C,0x49,0x0D,0xC8,0x0D,0x3B,0x0E,0xA1,0x0E,
  0xFB,0x0E,0x48,0x0F,0x89,0x0F,0xBE,0x0F,0xE6,0x0F,0x03,0x10,0x14,0x10,0x19,0x10,
  0x13,0x10,0x03,0x10,0xE9,0x0F,0xC5,0x0F,0x98,0x0F,0x61,0x0F,0x23,0x0F,0xDD,0x0E,
  0x90,0x0E,0x3D,0x0E,0xE3,0x0D,0x85,0x0D,0x21,0x0D,0xB9,0x0C,0x4D,0x0C,0xDF,0x0B,
  0x6D,0x0B,0xFA,0x0A,0x84,0x0A,0x0E,0x0A,0x97,0x09,0x1F,0x09,0xA7,0x08,0x30,0x08,
  0xB9,0x07,0x43,0x07,0xCE,0x06,0x5A,0x06,0xE8,0x05,0x77,0x05,0x08,0x05,0x9B,0x04,
  0x30,0x04,0xC7,0x03,0x5F,0x03,0xFA,0x02,0x96,0x02,0x33,0x02,0xD3,0x01,0x74,0x01,
  0x16,0x01,0xBA,0x00,0x5F,0x00,0x05,0x00,0xAD,0xFF,0x55,0xFF,0xFE,0xFE,0xA7,0xFE,
  0x51,0xFE,0xFB,0xFD,0xA6,0xFD,0x51,0xFD,0xFC,0xFC,0xA8,0xFC,0x54,0xFC,0x00,0xFC,
  0xAC,0xFB,0x59,0xFB,0x07,0xFB,0xB4,0xFA,0x63,0xFA,0x13,0xFA,0xC3,0xF9,0x75,0xF9,
  0x28,0xF9,0xDD,0xF8,0x93,0xF8,0x4C,0xF8,0x07,0xF8,0xC5,0xF7,0x86,0xF7,0x4A,0xF7,
  0x11,0xF7,0xDD,0xF6,0xAC,0xF6,0x80,0xF6,0x58,0xF6,0x35,0xF6,0x18,0xF6,0x00,0xF6,
  0xED,0xF5,0xE0,0xF5,0xD9,0xF5,0xD9,0xF5,0xDE,0xF5,0xEA,0xF5,0xFD,0xF5,0x15,0xF6,
  0x35,0xF6,0x5B,0xF6,0x87,0xF6,0xBA,0xF6,0xF3,0xF6,0x32,0xF7,0x77,0xF7,0xC2,0xF7,
  0x13,0xF8,0x69,0xF8,0xC4,0xF8,0x23,0xF9,0x87,0xF9,0xEF,0xF9,0x5B,0xFA,0xCA,0xFA,
  0x3B,0xFB,0xB0,0xFB,0x26,0xFC,0x9E,0xFC,0x16,0xFD,0x90,0xFD,0x0A,0xFE,0x83,0xFE,
  0xFC,0xFE,0x74,0xFF,0xEA,0xFF,0x5D,0x00,0xCF,0x00,0x3E,0x01,0xAA,0x01,0x12,0x02,
  0x77,0x02,0xD7,0x02,0x33,0x03,0x8B,0x03,0xDD,0x03,0x2B,0x04,0x73,0x04,0xB6,0x04,
  0xF3,0x04,0x2B,0x05,0x5D,0x05,0x89,0x05,0xB0,0x05,0xD1,0x05,0xED,0x05,0x03,0x06,
  0x14,0x06,0x1F,0x06,0x25,0x06,0x27,0x06,0x23,0x06,0x1B,0x06,0x0F,0x06,0xFF,0x05,
  0xEB,0x05,0xD3,0x05,0xB8,0x05,0x9A,0x05,0x79,0x05,0x55,0x05,0x2F,0x05,0x07,0x05,
  0xDE,0x04,0xB3,0x04,0x87,0x04,0x59,0x04,0x2B,0x04,0xFD,0x03,0xCE,0x03,0x9F,0x03,
  0x70,0x03,0x42,0x03,0x13,0x03,0xE6,0x02,0xB9,0x02,0x8C,0x02,0x61,0x02,0x37,0x02,
  0x0D,0x02,0xE5,0x01,0xBE,0x01,0x98,0x01,0x74,0x01,0x50,0x01,0x2E,0x01,0x0D,0x01,
  0xEE,0x00,0xCF,0x00,0xB2,0x00,0x96,0x00,0x7C,0x00,0x62,0x00,0x4A,0x00,0x32,0x00,
  0x1C,0x00,0x06,0x00,0xF3,0xFF,0xDF,0xFF,0xCD,0xFF,0xBB,0xFF,0xAA,0xFF,0x9A,0xFF,
  0x8B,0xFF,0x7D,0xFF,0x70,0xFF,0x63,0xFF,0x58,0xFF,0x4D,0xFF,0x43,0xFF,0x3A,0xFF,
  0x32,0xFF,0x2C,0xFF,0x26,0xFF,0x21,0xFF,0x1D,0xFF,0x1A,0xFF,0x18,0xFF,0x18,0xFF,
  0x18,0xFF,0x1A,0xFF,0x1D,0xFF,0x21,0xFF,0x27,0xFF,0x2D,0xFF,0x35,0xFF,0x3E,0xFF,
  0x48,0xFF,0x53,0xFF,0x5F,0xFF,0x6C,0xFF,0x7A,0xFF,0x89,0xFF,0x98,0xFF,0xA9,0xFF,
  0xB9,0xFF,0xCB,0xFF,0xDD,0xFF,0xEE,0xFF,
};
